id,pred
5129,0.011917889220615189
5130,0.03378563965876792
5131,0.08990481131809834
5132,0.012722577637120671
5133,0.0052427964192670075
5134,0.05508375424369828
5135,0.038251991857576266
5136,0.0383688476674267
5137,0.5134865784816556
5138,0.6799559821076069
5139,0.654322860286388
5140,0.4473180725904847
5141,0.047316979411719536
5142,0.49206350852143466
5143,0.08189451928682236
5144,0.07902820749853334
5145,0.3980635027844505
5146,0.6312082010480475
5147,0.7678007605747259
5148,0.3041684795043995
5149,0.03766660606703009
5150,0.5918162050258684
5151,0.062181086697329836
5152,0.051787011842365754
5153,0.33011940954574115
5154,0.642237410364756
5155,0.7489155135293728
5156,0.2802763385710169
5157,0.06249278110632093
5158,0.33611122828966455
5159,0.10215003377605908
5160,0.07603927678029553
5161,0.4549266668111242
5162,0.7410496156075891
5163,0.7665578141123324
5164,0.35948284445908885
5165,0.07853185490838549
5166,0.5424570455762155
5167,0.1407828395043952
5168,0.09022006450487807
5169,0.2985553653984835
5170,0.6399077936171322
5171,0.8758124017369449
5172,0.2601754576305326
5173,0.06702949092228894
5174,0.32309181119080593
5175,0.08387841774467106
5176,0.06145438779376494
5177,0.6181732344195627
5178,0.8701753833197199
5179,0.8005297007603764
5180,0.5958947870806268
5181,0.05144221348660268
5182,0.7253481150885084
5183,0.05877210987679155
5184,0.06861392229874735
5185,0.5739849153788641
5186,0.8648781028317076
5187,0.7701742077254289
5188,0.5268835642126642
5189,0.06197632405679068
5190,0.7446094278080789
5191,0.0740069723174654
5192,0.06082702846248831
5193,0.41458049127108865
5194,0.69274141622152
5195,0.8191819423111597
5196,0.3496173325187357
5197,0.026181621383233076
5198,0.5802058158586245
5199,0.06743775265670056
5200,0.04122088265854502
5201,0.2857585476779714
5202,0.6459499414204417
5203,0.7048807545647455
5204,0.2507849182394842
5205,0.05014222796523069
5206,0.36545546901739934
5207,0.08971852630434263
5208,0.07413252247938486
5209,0.27494752799323413
5210,0.6135405460298922
5211,0.8565226642217628
5212,0.24018749462254108
5213,0.05749798879116684
5214,0.3163739459870309
5215,0.07465135868698318
5216,0.04716106166981
5217,0.01397096422831717
5218,0.03441426214081798
5219,0.041277471550940796
5220,0.011620490794008625
5221,0.004726384726384727
5222,0.05213369577236657
5223,0.02089185514920809
5224,0.02398504919348909
5225,0.37718237471449684
5226,0.5931968132049369
5227,0.7778161944956831
5228,0.32673222092339477
5229,0.05144686092117704
5230,0.5080654671584494
5231,0.09000706139894299
5232,0.06038056533344346
5233,0.6044074533531748
5234,0.8269103736923911
5235,0.8357275012550526
5236,0.5476678439993208
5237,0.051236113338141806
5238,0.6679177572831702
5239,0.07912904030594602
5240,0.07365264511046377
5241,0.45044209380874906
5242,0.6458980244119491
5243,0.8164436222649546
5244,0.33695486596785823
5245,0.07931039940018479
5246,0.5252342366465454
5247,0.10042993797642476
5248,0.073143676991242
5249,0.295014261098484
5250,0.6270550585357695
5251,0.6398416724630664
5252,0.3601480747219591
5253,0.04176039336916204
5254,0.4531954693399855
5255,0.08831894352769487
5256,0.0642727887738949
5257,0.3443944166493957
5258,0.6646542860191427
5259,0.6723555671567061
5260,0.42847586361190243
5261,0.04691970356499341
5262,0.5000204030189759
5263,0.08654925301562132
5264,0.06958743404874558
5265,0.39723511651653803
5266,0.6642098496812612
5267,0.7068463361166235
5268,0.41961046464700646
5269,0.0687309614332734
5270,0.5815991663390075
5271,0.13821189758978297
5272,0.0868315802095439
5273,0.34277876205275465
5274,0.6631219880982873
5275,0.6631247237413528
5276,0.40325282702961657
5277,0.04068287807553635
5278,0.5025871573685053
5279,0.08378704989846103
5280,0.06221261796069419
5281,0.5358261535492754
5282,0.6313726355778532
5283,0.856537228388817
5284,0.35680758333652063
5285,0.058977256249773936
5286,0.7268728067334067
5287,0.09397797206261402
5288,0.07125825914790224
5289,0.3374270045381698
5290,0.5295798077423902
5291,0.5956111745273341
5292,0.27303345251823896
5293,0.05748778152830852
5294,0.44084212122842037
5295,0.10866333512619242
5296,0.07451278635174137
5297,0.3924045226053685
5298,0.6656537951859166
5299,0.7059530759610015
5300,0.43395594534742427
5301,0.05988859138083009
5302,0.5339312645189845
5303,0.11481521508987498
5304,0.07424106160993243
5305,0.651964756491079
5306,0.8151539411434626
5307,0.7327488144193526
5308,0.5686034343452169
5309,0.09027163953933917
5310,0.6629282999755205
5311,0.10649967934695734
5312,0.10145012881930095
5313,0.3679725378889969
5314,0.690612891401603
5315,0.6740918086797828
5316,0.38817506107163585
5317,0.03656621788705122
5318,0.5476871534917148
5319,0.07614383731273781
5320,0.05853518688938061
5321,0.5936273808442218
5322,0.6454443708746175
5323,0.7622429939988743
5324,0.4459656342038892
5325,0.08293118463707198
5326,0.8032737610643478
5327,0.10639678733201464
5328,0.08302178537479778
5329,0.4707375284938315
5330,0.7352200225383411
5331,0.7337859830695795
5332,0.48211238595158384
5333,0.05781896089509985
5334,0.6539264217555275
5335,0.14572997324954295
5336,0.09654526961190632
5337,0.56869453651601
5338,0.6681560658067834
5339,0.7222683205393581
5340,0.40983792819235754
5341,0.0875476970973502
5342,0.7855315113731032
5343,0.11433885506820005
5344,0.09600499415569455
5345,0.5348429285235274
5346,0.6825341168211878
5347,0.7539272447862412
5348,0.41680413064634814
5349,0.07227476954809356
5350,0.809633393359803
5351,0.11505547064105215
5352,0.10515141678818879
5353,0.5323437987316361
5354,0.6250637695163087
5355,0.7613315855454668
5356,0.3791134345894265
5357,0.08881999250958172
5358,0.7417427484754882
5359,0.1221403853853778
5360,0.08502001479797458
5361,0.37851837465161364
5362,0.7133198013231814
5363,0.6693153163320085
5364,0.43000043529963555
5365,0.04031337638157813
5366,0.5493953165912613
5367,0.08435526612680183
5368,0.07170726127469028
5369,0.5239760544418992
5370,0.634939481402808
5371,0.8227541483631448
5372,0.377597288858536
5373,0.056434961043267305
5374,0.8000951369116173
5375,0.08423639181773811
5376,0.06126551534203273
5377,0.3970865334862706
5378,0.7119637689162115
5379,0.731084718535131
5380,0.3667481341132437
5381,0.06142927771734909
5382,0.5873469414251792
5383,0.05970743540094324
5384,0.05917462528811251
5385,0.2938890179276855
5386,0.5497040903674911
5387,0.7306593634560282
5388,0.19557656076058788
5389,0.03555461021710572
5390,0.37039128278100986
5391,0.09845597612662028
5392,0.05648908361160684
5393,0.3210222995677987
5394,0.5259853367132944
5395,0.7645757369354187
5396,0.20918702914418272
5397,0.02716776480687771
5398,0.44046654444126243
5399,0.06972996107740254
5400,0.04819836033112792
5401,0.1722661706327875
5402,0.2783976571859986
5403,0.4134871784302124
5404,0.17124155799801935
5405,0.025586686189627367
5406,0.23268847451841396
5407,0.06126727243183025
5408,0.05548378430421774
5409,0.21771394531240365
5410,0.3984281221023725
5411,0.9038621137966595
5412,0.23267612091792156
5413,0.054013390704406854
5414,0.3666219349649856
5415,0.10173064922049362
5416,0.07531311652742524
5417,0.28328834953743043
5418,0.4792054341524785
5419,0.8933240317279043
5420,0.24856081639951885
5421,0.04858142390309539
5422,0.3211196707888832
5423,0.11052232431720699
5424,0.07811062277940452
5425,0.3195817245454954
5426,0.5815616908541534
5427,0.8911373981190205
5428,0.26478331075351735
5429,0.05249420875140184
5430,0.5064678406497408
5431,0.07445190412276495
5432,0.07657636545043649
5433,0.17656331068779021
5434,0.42144229527761556
5435,0.8920302537599093
5436,0.2158197467601191
5437,0.04268625429821082
5438,0.32187336200389455
5439,0.05691050633444566
5440,0.04483636434470936
5441,0.17986817302965583
5442,0.37249599817008755
5443,0.8131639733501141
5444,0.15624213294215197
5445,0.049965879562693355
5446,0.2556504391112067
5447,0.08425015552590583
5448,0.05512208652187772
5449,0.3984741760473562
5450,0.6982758425788571
5451,0.17472501546311492
5452,0.43836337642825557
5453,0.07181767273186372
5454,0.7169843614418374
5455,0.09670974049321798
5456,0.12590619580374354
5457,0.23090944867107435
5458,0.5773260857497005
5459,0.14192807341201213
5460,0.2038378750630536
5461,0.040927022721648505
5462,0.6824772845212526
5463,0.04535459426683495
5464,0.053797052650706924
5465,0.2619513059021345
5466,0.6615118954959199
5467,0.14405483341126785
5468,0.31534792904341735
5469,0.05270106118318696
5470,0.7120460459753235
5471,0.07285125029634201
5472,0.09008810041965219
5473,0.16456793696182978
5474,0.4025479286120664
5475,0.8972493185285132
5476,0.18472561961033962
5477,0.04065493175601871
5478,0.31687212186152247
5479,0.08039195626320428
5480,0.06470150596213932
5481,0.3271742908924696
5482,0.5564111080897104
5483,0.8904185503661658
5484,0.36334995679750126
5485,0.033154536324826185
5486,0.3818402404425891
5487,0.04435797711640857
5488,0.052043419388598376
5489,0.3628119829589423
5490,0.5910882867718382
5491,0.7643385362740255
5492,0.4712811559455392
5493,0.04676668605963973
5494,0.37271553614600605
5495,0.11829233367639548
5496,0.0833265385738201
5497,0.23097506708429766
5498,0.42391271817930704
5499,0.15431622495563588
5500,0.20891071154532545
5501,0.06487150154805968
5502,0.6609110628254159
5503,0.11390484954864143
5504,0.11377416734256632
5505,0.1709422786711737
5506,0.40824162583971096
5507,0.8858092332769176
5508,0.19447023907931682
5509,0.05167689106328368
5510,0.3391100547805051
5511,0.0528713804877498
5512,0.047038346365383336
5513,0.20837633034907857
5514,0.3839338991437114
5515,0.15581143663500444
5516,0.1976868368749334
5517,0.06429332058923357
5518,0.6878894269270358
5519,0.08664789020445797
5520,0.09437167516863948
5521,0.19833692916454798
5522,0.4885907864926848
5523,0.17673963828761924
5524,0.17600552303099337
5525,0.05875871086344737
5526,0.6330234248740922
5527,0.08361053707549738
5528,0.0876475484477458
5529,0.25043952255096824
5530,0.46148533254602836
5531,0.24381755578145634
5532,0.2368505661723323
5533,0.10607158870544002
5534,0.6710248336157343
5535,0.19971492379682226
5536,0.1823655291304318
5537,0.2740824655704664
5538,0.4838492320166917
5539,0.8182316047782302
5540,0.3324431840452412
5541,0.04133841707525918
5542,0.2980383343347741
5543,0.10095443432971198
5544,0.05339885555502563
5545,0.1930789539304184
5546,0.3647199625226906
5547,0.1813305281616409
5548,0.18175884504994008
5549,0.07711712617040871
5550,0.5969600438775345
5551,0.14191825420476137
5552,0.11740860463251003
5553,0.2514163921672107
5554,0.5521428897562051
5555,0.2561282342013728
5556,0.26347695470208704
5557,0.12460945943048021
5558,0.6594640466152955
5559,0.21841153698845484
5560,0.2123076697850841
5561,0.18744792458178527
5562,0.331101544185302
5563,0.8515568391662478
5564,0.24603830376824415
5565,0.02032224748300263
5566,0.2613465824311953
5567,0.09149973893744812
5568,0.0394508051082792
5569,0.18745517233124273
5570,0.32388227858274776
5571,0.8725380867883638
5572,0.19569126914992938
5573,0.022514607775477334
5574,0.4608948835612164
5575,0.041631336759224855
5576,0.04773415879604203
5577,0.18622104860056085
5578,0.2967037469423204
5579,0.8083910417214321
5580,0.21866968979608298
5581,0.01806926145513102
5582,0.42202357116562383
5583,0.06673634488824363
5584,0.057111305747500604
5585,0.1853699825943681
5586,0.534067206106818
5587,0.3168645579303421
5588,0.1740073175883799
5589,0.04785524464686496
5590,0.6111077739957048
5591,0.07119774430470208
5592,0.06186128131360758
5593,0.2604717154874768
5594,0.35360154060613463
5595,0.8182869304335949
5596,0.3616590809376052
5597,0.04965483779784938
5598,0.42601906279794544
5599,0.1544328655276167
5600,0.11460660306349668
5601,0.1860705998505924
5602,0.3415843687888627
5603,0.8735473024614413
5604,0.2880717259341375
5605,0.017476211389254866
5606,0.2618790917986155
5607,0.08146268990662586
5608,0.04175458466205875
5609,0.18218216005937493
5610,0.5220068535919178
5611,0.30585066890937535
5612,0.17866875549687664
5613,0.04466080020242052
5614,0.596743698671692
5615,0.0725702933243099
5616,0.05936128131360757
5617,0.18382709569199973
5618,0.2694964342494683
5619,0.8645928882001505
5620,0.21506704079764077
5621,0.028272236220378635
5622,0.44680881707129505
5623,0.07197766746627034
5624,0.05291252906832618
5625,0.183720437678726
5626,0.4178253782735238
5627,0.2611447299536126
5628,0.20230581061823885
5629,0.05809625755583019
5630,0.5992643120005308
5631,0.11683861060860933
5632,0.07892342939987808
5633,0.17852810881787778
5634,0.41157219380035526
5635,0.2849155638973015
5636,0.19326020986077236
5637,0.061872610793263366
5638,0.6335569241767174
5639,0.1165029199837666
5640,0.08443489210309373
5641,0.21812211537018758
5642,0.29985674392723355
5643,0.7619911723503888
5644,0.33526176036522204
5645,0.043267809158588924
5646,0.2885782274789811
5647,0.1494721981415291
5648,0.08317694126115656
5649,0.15848834337330225
5650,0.26849481294982963
5651,0.8774450591212232
5652,0.21627301108196634
5653,0.014815954576824142
5654,0.29953856828500175
5655,0.04918282958506965
5656,0.036685653593127684
5657,0.16911442270257332
5658,0.2749725599922988
5659,0.8676120255222738
5660,0.2658932399451966
5661,0.023026210186965334
5662,0.2770854570168443
5663,0.10198816670071215
5664,0.046794886952361045
5665,0.13110338123314327
5666,0.27030680610728136
5667,0.8629845828647013
5668,0.1840377798656146
5669,0.013603833364702929
5670,0.25202359155482384
5671,0.03785645092806218
5672,0.02712279053026462
5673,0.07870374700998765
5674,0.12959428974429252
5675,0.23328413395298403
5676,0.1222206650685866
5677,0.0309545054618584
5678,0.14046312344351725
5679,0.10503548835872573
5680,0.09684917540434397
5681,0.18792225302942298
5682,0.17947167300358494
5683,0.6577950951240087
5684,0.18748849339142765
5685,0.12934274108304747
5686,0.3356074692491404
5687,0.4548690617087695
5688,0.09372470181102477
5689,0.13664365854293328
5690,0.13510348127372113
5691,0.4435165650573367
5692,0.14852664258719736
5693,0.07237917421702252
5694,0.33823882141348627
5695,0.32115193808872317
5696,0.04597358321732977
5697,0.12550481587103435
5698,0.1272924712197839
5699,0.7166623854010951
5700,0.10632231107967031
5701,0.09057507875967633
5702,0.2972391725905419
5703,0.38788419336475966
5704,0.06995083526707362
5705,0.1313008651751413
5706,0.126513043395821
5707,0.48373307292699547
5708,0.14743600643787896
5709,0.07670548218560554
5710,0.4061551638458933
5711,0.26990140756620673
5712,0.05198719703522612
5713,0.07439995102086384
5714,0.08081484551002302
5715,0.4033139332489014
5716,0.0741212969510217
5717,0.08682135961456347
5718,0.4007859943785469
5719,0.29919949038776605
5720,0.069656121795831
5721,0.07726758443867202
5722,0.0840605883811529
5723,0.3910882815406583
5724,0.07712881388655722
5725,0.07467598631168242
5726,0.4189609945054977
5727,0.2786679769673874
5728,0.051952870568405383
5729,0.05143954158217876
5730,0.06078733238561471
5731,0.3626652734559185
5732,0.04647847693242431
5733,0.044667779832253514
5734,0.40637768361829535
5735,0.25562431093037863
5736,0.031240959333064595
5737,0.06351709158288106
5738,0.07275804017901061
5739,0.40827956557760314
5740,0.06849910350053369
5741,0.03394182890378543
5742,0.3498147398929998
5743,0.22688566837263674
5744,0.035771656564753444
5745,0.09491480595427963
5746,0.10419444142141512
5747,0.3686025536410001
5748,0.09803619845067212
5749,0.07814950327450328
5750,0.3956282889543609
5751,0.3771737259220112
5752,0.081422056417246
5753,0.06390816161216946
5754,0.08245786353596618
5755,0.7618478327865289
5756,0.08798360523964757
5757,0.026531629306736908
5758,0.13658294746123167
5759,0.20726193451428146
5760,0.0691440714941791
5761,0.07732061251625828
5762,0.0735346614026063
5763,0.4569875895315683
5764,0.06039955607275069
5765,0.037721914605635544
5766,0.4606104677386213
5767,0.18753679242203536
5768,0.03870476825296287
5769,0.059820300602916
5770,0.08003463409036371
5771,0.7608095474222516
5772,0.08229281274159307
5773,0.026486446751926625
5774,0.17288009249756847
5775,0.20929578393827095
5776,0.05862131096179084
5777,0.011418535168535167
5778,0.012489963739963741
5779,0.015549795954902912
5780,0.01292519779724504
5781,0.012489963739963741
5782,0.007483349983349983
5783,0.07506566201268922
5784,0.07763033229278012
5785,0.012751868501868501
5786,0.013823297073297075
5787,0.016883129288236248
5788,0.014258531130578374
5789,0.013823297073297075
5790,0.008816683316683317
5791,0.071724381827323
5792,0.0818895915520394
5793,0.0120018685018685
5794,0.013073297073297074
5795,0.016883129288236248
5796,0.013508531130578373
5797,0.011739963739963742
5798,0.008816683316683317
5799,0.06741882627176747
5800,0.07891736932981716
5801,0.03102392163283665
5802,0.03455384265116347
5803,0.06376793873649937
5804,0.02677405549263535
5805,0.012992149054649056
5806,0.031188726495477135
5807,0.05976001732444341
5808,0.14972477422188205
5809,0.03161290036621508
5810,0.034932866503310046
5811,0.7758325718621844
5812,0.04624296392095746
5813,0.010509915205567379
5814,0.13694511738284162
5815,0.07721382490350324
5816,0.020298214868867043
5817,0.013001012296408715
5818,0.014072440867837287
5819,0.02428804381815078
5820,0.014507674925118591
5821,0.011929583724980144
5822,0.005988400488400489
5823,0.07210319762796544
5824,0.07164224532926579
5825,0.009386483886483886
5826,0.014205707872374539
5827,0.034090510809616545
5828,0.016161088449802363
5829,0.014657046657046658
5830,0.0075346320346320345
5831,0.060525192371554605
5832,0.1072960556454791
5833,0.03465543357452783
5834,0.037980700261863475
5835,0.05875266501430463
5836,0.037532947574089065
5837,0.02848662207357859
5838,0.01442332904223148
5839,0.14517059501125013
5840,0.10830938373692699
5841,0.01262544100779395
5842,0.01612544100779395
5843,0.01753945860186893
5844,0.017506393388746332
5845,0.013074158956511898
5846,0.004772727272727273
5847,0.0476533188030866
5848,0.12538166944549198
5849,0.01615657653892948
5850,0.022770672319691928
5851,0.023999951534090753
5852,0.024726052897119752
5853,0.01699490487725782
5854,0.0075346320346320345
5855,0.06884663937140718
5856,0.13083125818803462
5857,0.02175405452035887
5858,0.02253650636802811
5859,0.2772511782436404
5860,0.030128727560557417
5861,0.016478208787991395
5862,0.010388888888888887
5863,0.08659142661305295
5864,0.047926798462028644
5865,0.020917396492396493
5866,0.025519689261355928
5867,0.2731666774338122
5868,0.04600442936814328
5869,0.011068338143338142
5870,0.017289265364265366
5871,0.06348725608963944
5872,0.06530483863173549
5873,0.011895322270322271
5874,0.013579545454545455
5875,0.27538139235847336
5876,0.028177172674219916
5877,0.006929713804713805
5878,0.008050925925925927
5879,0.04757632377576596
5880,0.04661366714889734
5881,0.08158305148796037
5882,0.106384603686789
5883,0.7870454323938078
5884,0.08345161808571712
5885,0.048789861210913846
5886,0.3774395685827816
5887,0.12490845774127071
5888,0.05769402288233896
5889,0.050057993203867016
5890,0.04823735131970426
5891,0.17744187839683268
5892,0.07396971373763477
5893,0.03455496968918022
5894,0.02251755411764451
5895,0.12513334576160823
5896,0.08502093020056357
5897,0.12523885423564446
5898,0.14300466179150545
5899,0.7862615506293961
5900,0.11162311846247225
5901,0.06604293419476599
5902,0.38152045424744185
5903,0.19752327308928067
5904,0.10412540846494779
5905,0.1175272188004214
5906,0.12748052714706917
5907,0.758480845484731
5908,0.0963741440329835
5909,0.067044704483301
5910,0.3755629109874845
5911,0.1501807363608046
5912,0.09061559495396262
5913,0.035510023602128876
5914,0.035693438594073805
5915,0.3241767962589593
5916,0.036740079796337574
5917,0.030402025814619805
5918,0.5770995104796433
5919,0.07449662677195824
5920,0.027131256170729857
5921,0.04672226961736943
5922,0.03358654710233658
5923,0.1561780304717095
5924,0.06138819890534599
5925,0.03312817457817458
5926,0.024624394953705296
5927,0.12628136711353244
5928,0.08120891813646175
5929,0.031249396071764496
5930,0.029793713319348533
5931,0.3031083211458762
5932,0.03539635991972295
5933,0.027320906432748537
5934,0.7439505405994369
5935,0.07755557221248263
5936,0.02174435140882509
5937,0.019998728123728125
5938,0.020527172355439143
5939,0.24705275154443782
5940,0.015124224160745088
5941,0.017747320140177283
5942,0.4652180189650451
5943,0.10216203074674436
5944,0.023071535027675377
5945,0.05181209589875919
5946,0.03867637338372633
5947,0.17403533629225063
5948,0.06197802518673573
5949,0.04245889721810774
5950,0.026561803949937825
5951,0.1392095165354899
5952,0.08419832849390615
5953,0.031705681770336946
5954,0.03318657535179867
5955,0.3747595784361992
5956,0.04542741855089601
5957,0.025199145661102183
5958,0.6347134730368826
5959,0.07636691909208117
5960,0.0344217774134037
5961,0.019375877858334
5962,0.017495535977992117
5963,0.11036899452004752
5964,0.03130736612315559
5965,0.008305250305250306
5966,0.015822310405643737
5967,0.08359653017310396
5968,0.06285318789883335
5969,0.013530195219850393
5970,0.018326165029431817
5971,0.2826569336218312
5972,0.014614414525935456
5973,0.01058008658008658
5974,0.5772652871573445
5975,0.06684274029418115
5976,0.024262789062789062
5977,0.03396865165541814
5978,0.02739858570604185
5979,0.1336321955526144
5980,0.047344457486604555
5981,0.018826598401598404
5982,0.021335461664772012
5983,0.09947444517199597
5984,0.045406994766161085
5985,0.036010711594130655
5986,0.04012323433708817
5987,0.4566356526954202
5988,0.06963584773120231
5989,0.033878290479431285
5990,0.19408516374047355
5991,0.20330502503488282
5992,0.034590086779405664
5993,0.03463359530810511
5994,0.03512923708159944
5995,0.5488464957417997
5996,0.07358769595344804
5997,0.03142989140202763
5998,0.20203912320307219
5999,0.09025150837151612
6000,0.04298295285439247
6001,0.025230624250724067
6002,0.018660558301347774
6003,0.13372628380482865
6004,0.038782923803023624
6005,0.014001201576201576
6006,0.0166319784196221
6007,0.07919557280979027
6008,0.05095145956062589
6009,0.048409443563315314
6010,0.04122243899700039
6011,0.18824427320916412
6012,0.05523396734321967
6013,0.03818090272300798
6014,0.042972731569456774
6015,0.1442086043605157
6016,0.09536924968007501
6017,0.13776802991964024
6018,0.156069352467739
6019,0.6806241433851217
6020,0.15516060929666647
6021,0.18889800570025092
6022,0.3775414907353444
6023,0.1751186160470115
6024,0.11845671042288757
6025,0.03891420422597071
6026,0.02784197377442992
6027,0.1420984498916202
6028,0.05152545979260686
6029,0.025339102539102543
6030,0.02299016344447379
6031,0.1172917798435846
6032,0.08747179423525116
6033,0.03156710687887337
6034,0.02466737059982674
6035,0.10268651606965169
6036,0.04358312435027141
6037,0.02004328724328724
6038,0.01955966801397836
6039,0.10309420399028421
6040,0.0813035608773725
6041,0.03295739528670564
6042,0.021885164835164835
6043,0.15256528298590427
6044,0.04884025579161338
6045,0.02361881081881082
6046,0.020053655507965853
6047,0.10008874064084791
6048,0.08145325690092435
6049,0.018974243509615026
6050,0.02631451385063499
6051,0.48981266010650765
6052,0.08681579833831783
6053,0.024813576988886584
6054,0.1547858349763492
6055,0.07061097034550055
6056,0.02168359848212789
6057,0.028388155620895555
6058,0.03277582542235846
6059,0.5378127384206178
6060,0.09291866239150305
6061,0.02663596293627253
6062,0.1567251224708255
6063,0.07058909707246629
6064,0.03334770995544989
6065,0.11517731963843282
6066,0.11462111176892267
6067,0.6414393335804067
6068,0.14086201841387172
6069,0.09238094297156758
6070,0.38202275395933394
6071,0.23565961999589244
6072,0.18916791162193589
6073,0.017500564508304447
6074,0.025703308124841163
6075,0.5308753829825597
6076,0.07433398749849483
6077,0.024698955499265096
6078,0.19287719417451418
6079,0.06444545182882105
6080,0.028436226312387305
6081,0.027287041235206703
6082,0.033024848114360864
6083,0.5317199109899671
6084,0.06058087563214766
6085,0.02311765827052205
6086,0.1826694638107368
6087,0.08543974507713906
6088,0.02585077389930331
6089,0.039367516013766236
6090,0.04783222159803704
6091,0.09801254214884579
6092,0.04395401593359948
6093,0.02336958167105226
6094,0.04764523232613279
6095,0.0781785460252438
6096,0.0949726411490691
6097,0.07744556675696593
6098,0.06289137510374833
6099,0.6298537156546149
6100,0.08765125153044441
6101,0.056241873835767286
6102,0.18866661684919167
6103,0.1523644700415039
6104,0.10414762007909938
6105,0.04027286556617462
6106,0.0438230412359155
6107,0.09018785433808986
6108,0.03281388917582566
6109,0.022501701185524716
6110,0.05406077076373005
6111,0.09143845622168652
6112,0.0804573374511567
6113,0.030465816281528363
6114,0.030241351863778996
6115,0.47383674856890307
6116,0.07970929547149772
6117,0.023336579004071264
6118,0.11037219462147917
6119,0.0835675825580882
6120,0.029589734454285546
6121,0.11136661186140427
6122,0.09641923356372044
6123,0.5217884120447721
6124,0.10161370149306966
6125,0.10843875306082919
6126,0.3014018488467704
6127,0.1903376333091381
6128,0.15227612937414625
6129,0.07820888459711474
6130,0.078394867871583
6131,0.056592219759079354
6132,0.08006629748006942
6133,0.06505866806041788
6134,0.05577713604879898
6135,0.16173617261700535
6136,0.22887769831761953
6137,0.12725339849885814
6138,0.12777213235607696
6139,0.08947621471353909
6140,0.1222006844716859
6141,0.09790623770210517
6142,0.08200561114185649
6143,0.2029624886395343
6144,0.3102033235546707
6145,0.019807508758489148
6146,0.016476555249997478
6147,0.5034322646159728
6148,0.05524836876707361
6149,0.019035472458589074
6150,0.1230836241712268
6151,0.018139963827786324
6152,0.024758927904645137
6153,0.11024015377431312
6154,0.110039990086009
6155,0.0823010226008453
6156,0.10017675555689012
6157,0.09201941472290771
6158,0.06193276413274618
6159,0.19929392362294135
6160,0.250123204516253
6161,0.04022863597474821
6162,0.03898228875471678
6163,0.4921267360350766
6164,0.07005512787141552
6165,0.04365163666400277
6166,0.13884468614591555
6167,0.10270337486917516
6168,0.0410765943888831
6169,0.06775978279841739
6170,0.06686276902214665
6171,0.04284858870546378
6172,0.06547642904060542
6173,0.0540425456093109
6174,0.04147506343674185
6175,0.13494189898040465
6176,0.2833529235906895
6177,0.052856681665427806
6178,0.04864429021552353
6179,0.450358732256661
6180,0.1313762151471052
6181,0.0375812851051174
6182,0.12618985403408495
6183,0.09453223730787837
6184,0.055677007057021194
6185,0.10182310363007292
6186,0.13842205981919128
6187,0.09221081491357974
6188,0.10686757266835861
6189,0.08036208761630521
6190,0.1020240317760512
6191,0.22997897482392843
6192,0.21177918268149767
6193,0.06362738139615906
6194,0.06576258050504237
6195,0.04151874261486604
6196,0.06062846804483474
6197,0.052924449824806444
6198,0.042463892111595944
6199,0.17640054850253056
6200,0.225942876203882
6201,0.03746457511452352
6202,0.042994461894410294
6203,0.2897683522273826
6204,0.03142274584720405
6205,0.03872284879436582
6206,0.061072187931590624
6207,0.14767454906990543
6208,0.09135062878061598
6209,0.04601459281073295
6210,0.04303253133140957
6211,0.4557511224793776
6212,0.10981171456024955
6213,0.03006687318404912
6214,0.12882248375212896
6215,0.06487659718567479
6216,0.04753425349708498
6217,0.07359128806645518
6218,0.073765702861613
6219,0.04461024880982051
6220,0.07059237471513086
6221,0.05884446934776713
6222,0.04838368113483324
6223,0.18731683612520764
6224,0.2480739027912981
6225,0.021546942318237245
6226,0.015274522467556523
6227,0.2677924383220419
6228,0.042041012785517425
6229,0.014392392901216432
6230,0.055757829694694755
6231,0.0533206055831185
6232,0.03860423327102893
6233,0.01711937809925426
6234,0.015398574748016126
6235,0.29471070910179964
6236,0.03964799199743337
6237,0.013816083165524544
6238,0.036832408982882626
6239,0.0627373359247703
6240,0.04454955085023062
6241,0.09014769958342668
6242,0.09127331814557775
6243,0.06149612914282115
6244,0.08600266949025416
6245,0.06801093083891903
6246,0.052336195846282525
6247,0.17829347783433913
6248,0.2668528624323029
6249,0.05413411797056758
6250,0.05884787797308182
6251,0.5949794067713141
6252,0.04934819542697507
6253,0.03418863984792228
6254,0.655699466363561
6255,0.22247781597792388
6256,0.08079722562444604
6257,0.0970691167025992
6258,0.09728245456299589
6259,0.07713323436449608
6260,0.0968903035726909
6261,0.07619443309517672
6262,0.0575363554647858
6263,0.23496954191378297
6264,0.24485244125826025
6265,0.05574868945344335
6266,0.06165767018564314
6267,0.49708682120270264
6268,0.05652924897263637
6269,0.04242203372307917
6270,0.772951577139761
6271,0.2321971895715725
6272,0.09664127555732453
6273,0.06849139221534116
6274,0.06599954048008629
6275,0.48808511184589826
6276,0.062171871924160245
6277,0.045937017128619854
6278,0.8007956095290913
6279,0.3003279256992123
6280,0.1114274018483457
6281,0.07771264841598385
6282,0.08450493364480159
6283,0.07730819929209426
6284,0.0848575532347935
6285,0.06752198911758568
6286,0.05062674818753146
6287,0.21599830332599382
6288,0.20640725853611672
6289,0.012963629494382846
6290,0.013241407272160626
6291,0.26570364671794744
6292,0.024895931760018447
6293,0.008712492392368553
6294,0.03586871872244546
6295,0.07539891481163409
6296,0.03303788132854965
6297,0.06514334272167817
6298,0.07039636312175737
6299,0.061657187425783445
6300,0.06979460892480195
6301,0.055091433562030105
6302,0.03847525153603481
6303,0.17135726681215024
6304,0.21476744665717448
6305,0.08550829961875349
6306,0.08849941525692795
6307,0.07804366530967871
6308,0.08894950073385943
6309,0.07294964526776505
6310,0.051413496256397954
6311,0.1933461812694577
6312,0.2263201698294437
6313,0.02627368071671477
6314,0.025695068507667777
6315,0.293657396450396
6316,0.0678227972603965
6317,0.024603842482231228
6318,0.04219032196457057
6319,0.053877764618459875
6320,0.04666298152287182
6321,0.04878355784137645
6322,0.051891398068781895
6323,0.40254411477313723
6324,0.06623664443461648
6325,0.058500421398393454
6326,0.0628471225425149
6327,0.13015048911122531
6328,0.0841857418484972
6329,0.09675440296364606
6330,0.1094379898248824
6331,0.4750883507738209
6332,0.08971020094120447
6333,0.08127536532726219
6334,0.9092759162925824
6335,0.35198330005158823
6336,0.14507422778928925
6337,0.025327862889317997
6338,0.02609115369208249
6339,0.30884373098617324
6340,0.024704236515691626
6341,0.03222926704072215
6342,0.04224027566314584
6343,0.12585492266851955
6344,0.06237070183858111
6345,0.08737970821395129
6346,0.0925608133807555
6347,0.43349561572967377
6348,0.0818581127932656
6349,0.08176213781403469
6350,0.8927514969029617
6351,0.32466218960072873
6352,0.13226415958951518
6353,0.07720771797490791
6354,0.0887197683027477
6355,0.07262939488522001
6356,0.08297009528914281
6357,0.06769747548192655
6358,0.0493372462234939
6359,0.2078246624196388
6360,0.2182309960649963
6361,0.08294914083939578
6362,0.09659291565190124
6363,0.07291238967419882
6364,0.08181357949098614
6365,0.06736238825519844
6366,0.057125303688537944
6367,0.19499484244791992
6368,0.21335529796135702
6369,0.024682516953486736
6370,0.023356961629075575
6371,0.3350886958761628
6372,0.05429036905295129
6373,0.026911985552520553
6374,0.02614771526988109
6375,0.05229024238627273
6376,0.016689529903594312
6377,0.006758620689655172
6378,0.01127367268746579
6379,0.2928178555944648
6380,0.005944444444444444
6381,0.007709150326797385
6382,0.639311252717524
6383,0.07549355581413912
6384,0.026677376182278147
6385,0.003247863247863248
6386,0.00944217085596396
6387,0.27598808959141435
6388,0.005192307692307692
6389,0.005192307692307692
6390,0.5381494860926551
6391,0.06465096517286692
6392,0.025049889290085368
6393,0.026051901891657302
6394,0.026201874524388557
6395,0.31419415792822913
6396,0.023978995487716415
6397,0.023185344694065625
6398,0.5992182813034992
6399,0.08478535621280284
6400,0.055920628382780675
6401,0.04375451741019503
6402,0.05243711814279577
6403,0.17757810847071964
6404,0.035281425030651035
6405,0.03471986673457261
6406,0.7818998786005782
6407,0.308311349075704
6408,0.0671137585684558
6409,0.10248445859897826
6410,0.10867904860935773
6411,0.07526653224333262
6412,0.10455559659697385
6413,0.08254676392854471
6414,0.05943859810232254
6415,0.23625705376553627
6416,0.2616701956635096
6417,0.08944437861114052
6418,0.09656002125309895
6419,0.07321134682715416
6420,0.09623773883135835
6421,0.07180409292852076
6422,0.04995802043134008
6423,0.17223513590834785
6424,0.2596131465826776
6425,0.03838114230683891
6426,0.04467612701561672
6427,0.14512470063014943
6428,0.029812710738407334
6429,0.03637713103889574
6430,0.7616536352785562
6431,0.14958913234256413
6432,0.06351127760364089
6433,0.014652387995321791
6434,0.006716312173583538
6435,0.3329736071161731
6436,0.0116973292408075
6437,0.008746753246753246
6438,0.6804968624924923
6439,0.05252128304349694
6440,0.011274109186008498
6441,0.033801923979013763
6442,0.024925209157074843
6443,0.7528165897142164
6444,0.03296307834752107
6445,0.05486627530636098
6446,0.7916107637007447
6447,0.2082382085692155
6448,0.08633026157555855
6449,0.05412025320232234
6450,0.048774874594056175
6451,0.43146987746118004
6452,0.04649279916849576
6453,0.04600746085795105
6454,0.7903835189704367
6455,0.24944313833777315
6456,0.09326240215399816
6457,0.026792492797056696
6458,0.02462592110292931
6459,0.7430429028729914
6460,0.028399001325471917
6461,0.037490027445747795
6462,0.7755108408489367
6463,0.23940530315398528
6464,0.05734516471212191
6465,0.005769980506822612
6466,0.008166974317609526
6467,0.22242536768200097
6468,0.007329809566651672
6469,0.008338779956427015
6470,0.5967449503465122
6471,0.052629844855033005
6472,0.0174300373345265
6473,0.03749536851712727
6474,0.03841813771203921
6475,0.2325797922576549
6476,0.04198112088663251
6477,0.06246196143744018
6478,0.6789029151097556
6479,0.09341125653020893
6480,0.042551509337198465
6481,0.025648695717615907
6482,0.024512162559107837
6483,0.1942698335638884
6484,0.03496725231992537
6485,0.04273783425291138
6486,0.7897352850058743
6487,0.09938198107239157
6488,0.03477825269716463
6489,0.01238307501465396
6490,0.01819276723813929
6491,0.21764444821460766
6492,0.008674838806417754
6493,0.011586643204290264
6494,0.5731453721355597
6495,0.08084567196777744
6496,0.0410666367325294
6497,0.08694237470975584
6498,0.09582865309139024
6499,0.060137353561479624
6500,0.08415455630467736
6501,0.07159779056676342
6502,0.05012052160804236
6503,0.17046452790645591
6504,0.27793354522428365
6505,0.06284841167936626
6506,0.07007701263886705
6507,0.047790834291876576
6508,0.0681835716621153
6509,0.04450040845223566
6510,0.04767297272559541
6511,0.19645506478339497
6512,0.1666492590634085
6513,0.032091660699503845
6514,0.049653557487302616
6515,0.7742919457845523
6516,0.029002220205329696
6517,0.02960339658841364
6518,0.6574476448474357
6519,0.160554841107666
6520,0.15804720013203372
6521,0.04132756332620034
6522,0.04710778003246506
6523,0.785844263187924
6524,0.039421008119310916
6525,0.04208204630099449
6526,0.6915943755719303
6527,0.1539205161283368
6528,0.12595116809691193
6529,0.029249315491554243
6530,0.04194848257227068
6531,0.9001560347098236
6532,0.03794411646255029
6533,0.022693175959842625
6534,0.6899254327920987
6535,0.1710497777200186
6536,0.10884658603353844
6537,0.00817040686006203
6538,0.003871556285349388
6539,0.2521721669395122
6540,0.004193475815523059
6541,0.009639710429626396
6542,0.45948934773241973
6543,0.024829516699081917
6544,0.0037566137566137567
6545,0.00847666331489861
6546,0.003323631987425091
6547,0.21761350104117544
6548,0.00858019204047458
6549,0.037294796628830236
6550,0.37822967728581686
6551,0.039286591948356646
6552,0.012388731719872068
6553,0.04852574706677141
6554,0.037143456305170304
6555,0.3491588023232217
6556,0.09688683304990464
6557,0.032765251176965174
6558,0.02967764963043867
6559,0.06690072040498003
6560,0.04308429518419376
6561,0.03367756583623724
6562,0.023079609648444386
6563,0.19795351544056197
6564,0.0507398368985083
6565,0.031225021254382312
6566,0.0356226793646841
6567,0.09993060259713282
6568,0.040256307540029644
6569,0.04077621974224408
6570,0.02808079766751167
6571,0.34569333407941727
6572,0.09119286128093287
6573,0.031000364212078205
6574,0.023072094074883122
6575,0.04422669165595129
6576,0.03144164616654474
6577,0.09744135898376312
6578,0.14127684979499425
6579,0.15301991738128748
6580,0.11835303538536411
6581,0.07071176620675208
6582,0.12248091506583286
6583,0.17705589224841747
6584,0.11706507563037424
6585,0.07317019872867722
6586,0.08027028054650096
6587,0.0597869901331151
6588,0.06710203645579359
6589,0.0617157494590415
6590,0.056540740478725635
6591,0.15697229261006096
6592,0.147182216424367
6593,0.06527231719844274
6594,0.07227885221219338
6595,0.05896733036471057
6596,0.06636046158186577
6597,0.05843519504613416
6598,0.04952261971060486
6599,0.14819033962248368
6600,0.12881052668795237
6601,0.07353538909386757
6602,0.0808064110826315
6603,0.05873076137814158
6604,0.07117093052468765
6605,0.06368868393197595
6606,0.056052524990510146
6607,0.16043370100825988
6608,0.13214134008937306
6609,0.02242249417249417
6610,0.048051361147875386
6611,0.10149574578392227
6612,0.04963322175504428
6613,0.013278133903133904
6614,0.05595256597132211
6615,0.07893556579585992
6616,0.03366005229496278
6617,0.006913793103448276
6618,0.00011494252873563218
6619,0.23990563714267737
6620,0.004788713910761155
6621,0.004083333333333334
6622,0.5894007873915562
6623,0.03400304707369925
6624,0.0037121212121212126
6625,0.12016449440671781
6626,0.12281878930284651
6627,0.30445258807866904
6628,0.14434563521044574
6629,0.0953122044218577
6630,0.1498791725319917
6631,0.16607914086129164
6632,0.20769266569126948
6633,0.01417038889329911
6634,0.012290047012957231
6635,0.10188842735170048
6636,0.03024276314214394
6637,0.014135911674611364
6638,0.02148410850320035
6639,0.07482959869221478
6640,0.04176063116798748
6641,0.019974386724386724
6642,0.04765453575104999
6643,0.09862494746459455
6644,0.04242694437229632
6645,0.013980209605209607
6646,0.05762121676497289
6647,0.0732848439686675
6648,0.033949501407941306
6649,0.03620415343052259
6650,0.02548684583390466
6651,0.1930980771664899
6652,0.09749479841674426
6653,0.02985905695611578
6654,0.019099883560385854
6655,0.05609846146453651
6656,0.03016497594134511
6657,0.07902489958337808
6658,0.0850138702900907
6659,0.06491291256029276
6660,0.07499377434753147
6661,0.07592433716762921
6662,0.05520656539455054
6663,0.16213533270989156
6664,0.13614936909740205
6665,0.035669387542815525
6666,0.027015875799467133
6667,0.19685825458128828
6668,0.06345507670055192
6669,0.028322154316271966
6670,0.018649124309317006
6671,0.0858574170600246
6672,0.024327751074708477
6673,0.027950051870295898
6674,0.02606970998995402
6675,0.0753786116551455
6676,0.03005415918273655
6677,0.022785672861137255
6678,0.032518483906478185
6679,0.09569989489219775
6680,0.05237252635341207
6681,0.12238175789685814
6682,0.12559025262169626
6683,0.10836253157609534
6684,0.11629568079673436
6685,0.10915575355539237
6686,0.08091327329562527
6687,0.27209599191300304
6688,0.13597309746237896
6689,0.09277993082286091
6690,0.1253892617145234
6691,0.385615789502916
6692,0.14268274991383284
6693,0.05305096006704397
6694,0.19788893210529074
6695,0.07236627976834296
6696,0.07729539510565006
6697,0.0762744539505795
6698,0.08305887920274667
6699,0.06608294623032643
6700,0.07560191457331876
6701,0.0765324773934165
6702,0.05073903292701807
6703,0.149208543449769
6704,0.14681547336666065
6705,0.08100036658283888
6706,0.0839686114553582
6707,0.0688346706721713
6708,0.07896802034577129
6709,0.07542117168845754
6710,0.050200574309612084
6711,0.19403256325712212
6712,0.13057459845181096
6713,0.036221128189918746
6714,0.035455048391580896
6715,0.03589113490031241
6716,0.03195459379838436
6717,0.035510113424587104
6718,0.023441904672554827
6719,0.09217447989210949
6720,0.07734300634105723
6721,0.0245180820641347
6722,0.02533542992095624
6723,0.04214449641810892
6724,0.0205475849686376
6725,0.030449150995203626
6726,0.016916459830159523
6727,0.09782932231648116
6728,0.07412844196944793
6729,0.026147156543883658
6730,0.02386945078523416
6731,0.21382205158202727
6732,0.02184806477661357
6733,0.037679813658584124
6734,0.4386966789213211
6735,0.05662163321773104
6736,0.028150366347431906
6737,0.023647502035002037
6738,0.020328515992309094
6739,0.7737185682442826
6740,0.02815806966785228
6741,0.028800589968307224
6742,0.7639341923805214
6743,0.10613341942017125
6744,0.0512001969182764
6745,0.014142541053144768
6746,0.007508028244189768
6747,0.13480349433281064
6748,0.012748639333921872
6749,0.007351307189542484
6750,0.5241388526926845
6751,0.04183484716726068
6752,0.006974206349206349
6753,0.03212457781542258
6754,0.025990662906446284
6755,0.21909815537637153
6756,0.02770427392694037
6757,0.015259828492800628
6758,0.6251006873338033
6759,0.06227242278763826
6760,0.03524840556311819
6761,0.004428571428571428
6762,0.010719490758283863
6763,0.2847171304575734
6764,0.009359126984126984
6765,0.01774851314794924
6766,0.5102500127520503
6767,0.012548941798941799
6768,0.0173734767411238
6769,1e-06
6770,0.005601053639846743
6771,0.2733129181515661
6772,0.006782407407407408
6773,0.03685481313737615
6774,0.48998332909403386
6775,0.01992497178653365
6776,0.009472222222222222
6777,0.020614882398913157
6778,0.04268087468229224
6779,0.9238052183092429
6780,0.030276609095239142
6781,0.01301258382140735
6782,0.5909404560929302
6783,0.055733078360446296
6784,0.031326236043038434
6785,0.014133430639177769
6786,0.03347145624775725
6787,0.9144790470753833
6788,0.026751082959870994
6789,0.012618546576879911
6790,0.6474557829919082
6791,0.0688164337180579
6792,0.026221003503724374
6793,0.018359737484737484
6794,0.020459136623610312
6795,0.02530523913873121
6796,0.016055907055907054
6797,0.02659849872349873
6798,0.017710431939921105
6799,0.07676177913841166
6800,0.0686547952458012
6801,0.013738247863247862
6802,0.01870314407814408
6803,0.024456214526432606
6804,0.02300950465656348
6805,0.019809176934176935
6806,0.012861753949228595
6807,0.05761596534222951
6808,0.06789529803506561
6809,0.021784593330645963
6810,0.0229428502783766
6811,0.03302483727938198
6812,0.01705652047757311
6813,0.03126577881183144
6814,0.017757814421514112
6815,0.10951765580579505
6816,0.08719898079329026
6817,0.011245178358081583
6818,0.01550327446969915
6819,0.31096453568240545
6820,0.013376896542431344
6821,0.011154674320209125
6822,0.6963881280678982
6823,0.02888471844762167
6824,0.01598515015542879
6825,0.006743386243386243
6826,0.013986686525479627
6827,0.31994031743239987
6828,0.009478174603174603
6829,0.02489095257986235
6830,0.5573257418153156
6831,0.015816137566137565
6832,0.019930456798103856
6833,0.015634849242045647
6834,0.020666744213814058
6835,0.8745542163504869
6836,0.010690273364952187
6837,0.05402086870390621
6838,0.4449642664143859
6839,0.05428448037412672
6840,0.007957393483709272
6841,0.007150835275835276
6842,0.012083680208680208
6843,0.021188132705719204
6844,0.008662078662078661
6845,0.013063034188034188
6846,0.015328739071386129
6847,0.058102716170267146
6848,0.06071950410905856
6849,0.07321891372751516
6850,0.057798259611985425
6851,0.6502223506245399
6852,0.07844071911345175
6853,0.04643850484652859
6854,0.4446456333245705
6855,0.19606755995710093
6856,0.12023345522924991
6857,0.1749316164082245
6858,0.1620414650436133
6859,0.18160273638155858
6860,0.16417968428657262
6861,0.23094427689734626
6862,0.31601863528045776
6863,0.5292526571491843
6864,0.18147436473944398
6865,0.10951710967295034
6866,0.11382396255321638
6867,0.22498241168887592
6868,0.10011756669660954
6869,0.1486220109383759
6870,0.43867882289403176
6871,0.32485234282744146
6872,0.10681380607382338
6873,0.005314814814814815
6874,0.011868249407042508
6875,0.30299623033733286
6876,0.009901455026455026
6877,0.022351270040179814
6878,0.4947747396790214
6879,0.01676851851851852
6880,0.01224828001375989
6881,0.006333333333333333
6882,0.011433776472569575
6883,0.32307267021786923
6884,0.01123478835978836
6885,0.007160714285714286
6886,0.6149309959333921
6887,0.02418153143153143
6888,0.016963423831070887
6889,0.01841724308300395
6890,0.025275143842874777
6891,0.8530664817969332
6892,0.03375780386712228
6893,0.051304760517336574
6894,0.26510262699692383
6895,0.026518389953936985
6896,0.02803964579209397
6897,0.004388888888888889
6898,0.004503831417624522
6899,0.25247780356968863
6900,0.0064270152505446635
6901,0.0015555555555555557
6902,0.5803855545761111
6903,0.025245014245014248
6904,0.011933479532163742
6905,0.045276696080307176
6906,0.04828762666507585
6907,0.6018097312089783
6908,0.04620937787403664
6909,0.16358928193477823
6910,0.11095894788629414
6911,0.17655701090743206
6912,0.07428345408409713
6913,0.0717048229270427
6914,0.058362176479587975
6915,0.18769818774637106
6916,0.08191644775904319
6917,0.13143826284624596
6918,0.411237878600729
6919,0.26342628724064
6920,0.0847876924017669
6921,0.13229678983828638
6922,0.14227450722697305
6923,0.7197392481822925
6924,0.12967461085894455
6925,0.27603285458908416
6926,0.17525914678043214
6927,0.3752143921048124
6928,0.12706530716558082
6929,0.06856639696698479
6930,0.08621027679775745
6931,0.7312089795335575
6932,0.07185802153755984
6933,0.16240999247111967
6934,0.18635706862274606
6935,0.32392934644377763
6936,0.06531945439289405
6937,0.0421500326663701
6938,0.0500002369904903
6939,0.739224174896635
6940,0.0571542276737288
6941,0.038208757910812366
6942,0.7073099546774542
6943,0.10355220532817505
6944,0.0998609929691215
6945,0.04774897276855179
6946,0.05192963188626891
6947,0.9281235188518813
6948,0.03954871380380372
6949,0.03219514050764051
6950,0.666683664281809
6951,0.07350500858074387
6952,0.0865394942232554
6953,0.15680139281408575
6954,0.1540678916663169
6955,0.1943650704531751
6956,0.15279104415182806
6957,0.19308360260694715
6958,0.41021089100191765
6959,0.44165326616392925
6960,0.1713364188134441
6961,0.04091490560115128
6962,0.04889573067333956
6963,0.7789929069312127
6964,0.040048656498868365
6965,0.03360630341880342
6966,0.633131213475011
6967,0.06099640699714229
6968,0.06849615738580091
6969,0.03403968690572668
6970,0.027945035646607663
6971,0.5641538316039284
6972,0.06238910743578726
6973,0.04158101901005177
6974,0.08435949801848507
6975,0.035525161326956246
6976,0.026881842012971297
6977,0.04833426468261945
6978,0.04279463286497771
6979,0.9343258242535398
6980,0.053741824048241314
6981,0.033788951586806275
6982,0.7424075102331618
6983,0.07209822289825488
6984,0.04669250702527557
6985,0.023399391872870576
6986,0.028664847177799567
6987,0.39538317700666153
6988,0.03636133972893608
6989,0.025739419165839047
6990,0.043066684088692186
6991,0.07001492629258453
6992,0.04641418467153763
6993,0.03668987511499269
6994,0.034239852808297735
6995,0.9131344576195665
6996,0.03228379515408018
6997,0.026726318416725393
6998,0.6624501019693454
6999,0.03311903393707249
7000,0.025676398308839877
7001,0.0465763174207558
7002,0.059956104530447786
7003,0.7698356526327178
7004,0.06426114730152466
7005,0.04705964627593036
7006,0.47601209538904365
7007,0.08654724701851611
7008,0.10984653969360844
7009,0.052965851845062716
7010,0.060496486077542606
7011,0.7727165406639297
7012,0.07666782947200082
7013,0.05175162543854494
7014,0.4469356913782969
7015,0.06689800888601535
7016,0.08741070934552214
7017,0.04314527077278885
7018,0.048844025796140646
7019,0.14498768337045342
7020,0.04216292552016628
7021,0.06649454664311737
7022,0.4520431622962554
7023,0.17677705152484374
7024,0.051926322062676056
7025,0.03763975301012824
7026,0.04293341544088744
7027,0.1344787765104596
7028,0.03840631176355253
7029,0.05908713923570995
7030,0.5009148491961912
7031,0.16571588094550088
7032,0.04840780354415753
7033,0.054613210002582735
7034,0.05675846552757562
7035,0.26559274948126793
7036,0.050397177861098166
7037,0.10075116404072668
7038,0.29502359239731507
7039,0.23990568429252812
7040,0.05970550004055859
7041,0.05162538818117059
7042,0.059361538833642
7043,0.741499720603347
7044,0.06284449237638617
7045,0.04226229897553427
7046,0.42410953062001794
7047,0.0483265893148246
7048,0.10206895667807939
7049,0.04880702961718239
7050,0.053281222544642105
7051,0.21146893415270826
7052,0.04949498266456658
7053,0.05055810189982016
7054,0.347294546131091
7055,0.22825888023375834
7056,0.05658646671011277
7057,0.0413872474122591
7058,0.07909665516355062
7059,0.7789728392055782
7060,0.0946559185660026
7061,0.0544409717150945
7062,0.41948489898347957
7063,0.08463883136468052
7064,0.05632731341552626
7065,0.13889677950965132
7066,0.13076283739949326
7067,0.11251987389429838
7068,0.126682181333298
7069,0.17494640762711589
7070,0.47262523249205807
7071,0.42754142807490514
7072,0.16195248612953322
7073,0.02277517426673773
7074,0.02605622604853914
7075,0.504498616264462
7076,0.07512055597722016
7077,0.03329245285158597
7078,0.13539533673939252
7079,0.042634959023890924
7080,0.027878230360970296
7081,0.05048207457690901
7082,0.05232177454634636
7083,0.10131027937097273
7084,0.0483503429450682
7085,0.0837719492696273
7086,0.34285546729628036
7087,0.23022299427303294
7088,0.05598234526388046
7089,0.09533653359186743
7090,0.0860327097093181
7091,0.6651115166696804
7092,0.13387855543816876
7093,0.08761303290954323
7094,0.325538341896889
7095,0.15083541159048183
7096,0.13956170633818704
7097,0.04156491235742272
7098,0.03661733310684203
7099,0.4880187597377998
7100,0.06446753593210511
7101,0.0575020101724617
7102,0.12342517118707187
7103,0.03063755258464522
7104,0.03933477049019645
7105,0.012232899000055862
7106,0.015889235864303478
7107,0.4579470184985241
7108,0.05070423028002859
7109,0.0201168995902585
7110,0.07576488579139112
7111,0.0214457671957672
7112,0.013763295346628679
7113,0.08484984612132027
7114,0.1040721635190447
7115,0.6067949329111347
7116,0.08283959185806124
7117,0.0916739311255924
7118,0.3087076991816701
7119,0.08055021818098293
7120,0.09096314548591247
7121,0.07797397352595814
7122,0.10917045350546427
7123,0.6238837093997379
7124,0.09727977395104484
7125,0.0737017028989782
7126,0.3364575486479587
7127,0.07750623804786451
7128,0.07780534757294391
7129,0.03834645217146563
7130,0.0432128476675985
7131,0.08176494830141187
7132,0.04082975145328274
7133,0.06966699688913311
7134,0.3249354398986878
7135,0.20356400876598588
7136,0.05290102355039987
7137,0.07698834418532233
7138,0.06740012464801343
7139,0.566787378093941
7140,0.10308430817331017
7141,0.06250807329538988
7142,0.3613255395547311
7143,0.10047139696994481
7144,0.10159393462241269
7145,0.05092333555639855
7146,0.05034528660808698
7147,0.07350691229896335
7148,0.053351810276812156
7149,0.06719326204697722
7150,0.4020757118774973
7151,0.21824766634870893
7152,0.07417870390761315
7153,0.04419923059180239
7154,0.03643752173563558
7155,0.5595378388934119
7156,0.06615359253137372
7157,0.034619534056771026
7158,0.6455383484814577
7159,0.06563454175571554
7160,0.090064135252909
7161,0.035066859779442225
7162,0.042286196452045684
7163,0.07562433948086908
7164,0.03714947704932413
7165,0.0511803824886171
7166,0.3211077573546552
7167,0.20604320746820248
7168,0.05722516076210606
7169,0.03670362470033973
7170,0.037568830854338986
7171,0.44185370530909607
7172,0.04256950644167617
7173,0.02365512690184193
7174,0.6326161245807391
7175,0.0526381647968857
7176,0.08190042226504236
7177,0.07029337069659435
7178,0.0689482017531713
7179,0.4089502339881014
7180,0.07630380745127187
7181,0.13053209987446623
7182,0.3160852338627711
7183,0.06598387654438145
7184,0.08820186330448111
7185,0.0072046254399195575
7186,0.008847345746432967
7187,0.04413505232401226
7188,0.007493339350680713
7189,0.00830718954248366
7190,0.42903657973675846
7191,0.057239838222184126
7192,0.016309986688503312
7193,0.045281505971137254
7194,0.05612703980783018
7195,0.29170798550094185
7196,0.055502055914812456
7197,0.0405458051907187
7198,0.6356718245297145
7199,0.09361797559420447
7200,0.10031696144419087
7201,0.04805296435938615
7202,0.07156716143028627
7203,0.33928751205736934
7204,0.0956443033534249
7205,0.06843225295864949
7206,0.557434157565508
7207,0.0728350559051932
7208,0.09347052508258459
7209,0.05552508295461587
7210,0.05441594254874225
7211,0.07659567612794942
7212,0.05127616626138486
7213,0.05961691975555021
7214,0.3154110186936717
7215,0.2126077373986911
7216,0.07388223840761754
7217,0.04128472829910103
7218,0.043402206046316144
7219,0.06697202474159783
7220,0.036468454537638
7221,0.05609673023105181
7222,0.3861960121783124
7223,0.213073937615597
7224,0.045880911673316434
7225,0.03948810609673377
7226,0.04033665627582599
7227,0.3179864092333919
7228,0.04475709027504377
7229,0.02676499705064283
7230,0.6869521953144626
7231,0.11798449595876292
7232,0.08002862827760682
7233,0.11463591277436805
7234,0.14456587755748573
7235,0.2739466702047593
7236,0.17139139534574685
7237,0.13512120940080533
7238,0.3312085737245619
7239,0.07019452191226902
7240,0.1409110229284761
7241,0.0595358467696879
7242,0.08006844912894238
7243,0.20839426918168807
7244,0.09010220605231431
7245,0.06295699210838863
7246,0.4944659494803679
7247,0.09549317484367267
7248,0.11461335848101077
7249,0.05521566749350883
7250,0.07082948000839433
7251,0.16626789145788956
7252,0.07297623766881821
7253,0.06918086918303971
7254,0.45162228141958755
7255,0.076065862970314
7256,0.15749180114338993
7257,0.026554917560271014
7258,0.03593275691440347
7259,0.16380022994935947
7260,0.06105143601217003
7261,0.018121156876510332
7262,0.1430319549427415
7263,0.04638009419917313
7264,0.06925261395865356
7265,0.05217001885816946
7266,0.051653246352713275
7267,0.12979728546678995
7268,0.1258070425020443
7269,0.04227269979237213
7270,0.10486393718815903
7271,0.07064045784279832
7272,0.05799808189134087
7273,0.06042175954930768
7274,0.0563624462513107
7275,0.12847095693199698
7276,0.13873160872195364
7277,0.04377643938067055
7278,0.13717539052950362
7279,0.08673804029966994
7280,0.04991948469877307
7281,0.055559495702561155
7282,0.06829051350853946
7283,0.17520285695635193
7284,0.11500919993878637
7285,0.04494757617874233
7286,0.12793987791206868
7287,0.07105769470641932
7288,0.08934764526853825
7289,0.02148354312775565
7290,0.025719089453565668
7291,0.10013813421218164
7292,0.042004631145890904
7293,0.018867548011760535
7294,0.1590929700049916
7295,0.066146118289798
7296,0.07643320327153345
7297,0.09576667164159687
7298,0.10083637943248755
7299,0.248315088172247
7300,0.13327061035698234
7301,0.09471507428473375
7302,0.6080372546759683
7303,0.13574104898426526
7304,0.20448334971623205
7305,0.01952376434444746
7306,0.02611225184672806
7307,0.10657884382936185
7308,0.04204485236258271
7309,0.020903495724178833
7310,0.18133111877378552
7311,0.06493725525740554
7312,0.07452684329164408
7313,0.027337027978531523
7314,0.02583863085987178
7315,0.06332064664747368
7316,0.08294822659413031
7317,0.032131207383005046
7318,0.10903486022614724
7319,0.07239009106395652
7320,0.036290724989581476
7321,0.0269945050044296
7322,0.02349610788576986
7323,0.06404361104690869
7324,0.07799459250891727
7325,0.03074106536128408
7326,0.12454305962908348
7327,0.06708850376236923
7328,0.03142747712633361
7329,0.01598794783610773
7330,0.018450589678486947
7331,0.05980803861280683
7332,0.05542237560091607
7333,0.022252715475875366
7334,0.11687298727212453
7335,0.07121384685752656
7336,0.03400403482789132
7337,0.061958223363571686
7338,0.06587778359581291
7339,0.19124940200583
7340,0.08458261035701167
7341,0.08108309806842574
7342,0.4419968965855956
7343,0.07942338351683814
7344,0.09823456573083253
7345,0.05398706461204217
7346,0.07876644050420666
7347,0.12993636232720188
7348,0.07821316762053145
7349,0.07827144548839932
7350,0.4473016208643558
7351,0.09327508723990979
7352,0.15532720914695267
7353,0.10642272666608324
7354,0.12230231934234723
7355,0.15453475429434332
7356,0.1286572154577863
7357,0.12716135809924511
7358,0.636586833232868
7359,0.11633710688844853
7360,0.14926216653896052
7361,0.16525975841822835
7362,0.17783741324808883
7363,0.17737453619240792
7364,0.17745501568508606
7365,0.25653232659958325
7366,0.5651367019859906
7367,0.1728092193120631
7368,0.20717979232424202
7369,0.08204636388378592
7370,0.11329337139492433
7371,0.13514098082773746
7372,0.09364687351974223
7373,0.09300928235751228
7374,0.6658103101118964
7375,0.11712653307437823
7376,0.11033296669195826
7377,0.048171842063692696
7378,0.06966035326499248
7379,0.1237267452898152
7380,0.06216709389721314
7381,0.0737361652199921
7382,0.42147204462029947
7383,0.10256935427604992
7384,0.08689805732398949
7385,0.1001221153568907
7386,0.1187078992667166
7387,0.14663352864102938
7388,0.11238358371283977
7389,0.1200449520326944
7390,0.6543857551001832
7391,0.09776900620115277
7392,0.13553904992007507
7393,0.0775299059694952
7394,0.10880147301863421
7395,0.10637589676052958
7396,0.08764396394794724
7397,0.09428065642261702
7398,0.6659796448400643
7399,0.10893074611852939
7400,0.11329221995732605
7401,0.13424437931002323
7402,0.12582448010791894
7403,0.11505229801764977
7404,0.13634936134086903
7405,0.14168843240236434
7406,0.7097900102620626
7407,0.17100890259803245
7408,0.26109312082928365
7409,0.12948471305035697
7410,0.13885463088635977
7411,0.10945828092363266
7412,0.13250346376865568
7413,0.13588429307190925
7414,0.7041312825294035
7415,0.17019671902423897
7416,0.2595001416836729
7417,0.11997574845976491
7418,0.1293198308807532
7419,0.12066047437065439
7420,0.10477194458331075
7421,0.11355071706186261
7422,0.7221483559499482
7423,0.10766754847506632
7424,0.1471617276915264
7425,0.1767404708281944
7426,0.21746767971336947
7427,0.1297205941305626
7428,0.18922729939349753
7429,0.15143546316495915
7430,0.7790154489200231
7431,0.18406291564950064
7432,0.2853278562814954
7433,0.1445525171438381
7434,0.18626707071778054
7435,0.13336522458327812
7436,0.13335133463029938
7437,0.11944232926229835
7438,0.7378588714042305
7439,0.12061735586195807
7440,0.16608469692523156
7441,0.09129562551227842
7442,0.12097349376683998
7443,0.1454502827249287
7444,0.07663094826056555
7445,0.14618281492675111
7446,0.5408025183984916
7447,0.09256795878568236
7448,0.13225543598606032
7449,0.16107045991530822
7450,0.1651927390307898
7451,0.17553281090096173
7452,0.16943415738773632
7453,0.1880832085636195
7454,0.6799276849209087
7455,0.16880916253824216
7456,0.29451409902154196
7457,0.07317210446645431
7458,0.10008390396321241
7459,0.10955932139681344
7460,0.14084964320724405
7461,0.06501673486090409
7462,0.2725578817056705
7463,0.06446093964394654
7464,0.06489405424487985
7465,0.10317116266142885
7466,0.10523167736820489
7467,0.1528809651308992
7468,0.22090160653575233
7469,0.08969887234200567
7470,0.1336728814222389
7471,0.0849579587750915
7472,0.10181943632593954
7473,0.1436025229388358
7474,0.14752764594021991
7475,0.19015128462212
7476,0.20783992038909613
7477,0.1191501520362101
7478,0.3871493572476953
7479,0.22300737223827605
7480,0.23242424250641217
7481,0.10474987908607748
7482,0.09763674265076787
7483,0.21162413771394067
7484,0.1513636753282005
7485,0.09847818628285213
7486,0.35118857529264685
7487,0.16294319626488618
7488,0.21248821785777472
7489,0.14152308005056938
7490,0.1539553894631033
7491,0.1972197770203111
7492,0.21110846041576622
7493,0.12104769893375701
7494,0.38572649819261545
7495,0.20905120402219737
7496,0.23205114882449493
7497,0.150276898472525
7498,0.15676989882810288
7499,0.1641871257906908
7500,0.20227093118755068
7501,0.11560299918905723
7502,0.3271574957220136
7503,0.20950280489046488
7504,0.23934748637449607
7505,0.09482887666368618
7506,0.09248192183646158
7507,0.11044048897169635
7508,0.19621414600748052
7509,0.0704219639808649
7510,0.1638215109238555
7511,0.0880053379455912
7512,0.0908671700495802
7513,0.08630224514610496
7514,0.09812619048092411
7515,0.19578692498219408
7516,0.17761442543463432
7517,0.09077682850297734
7518,0.15458575438441624
7519,0.0913278249648826
7520,0.12454872847362476
7521,0.05830818647110206
7522,0.057427272405451694
7523,0.1446079342124772
7524,0.06328845814470581
7525,0.06798897490310676
7526,0.6338084893420295
7527,0.12300510989146295
7528,0.15990728451268177
7529,0.017056086804936987
7530,0.022019061633932444
7531,0.14725170597953563
7532,0.020544783514551974
7533,0.039011407718262066
7534,0.4878843946375333
7535,0.03200742364190957
7536,0.04778500874361747
7537,0.004585084033613445
7538,0.011565644604437708
7539,0.08666344540020376
7540,0.013288951545530493
7541,0.03755366489621244
7542,0.5004102063770989
7543,0.016965558888804504
7544,0.02391451299818173
7545,0.04621519106781255
7546,0.05874966063527026
7547,0.16629711979392414
7548,0.06860362194451872
7549,0.08151537677355956
7550,0.5132161498666081
7551,0.11113338002263161
7552,0.15731397397740057
7553,0.032187255303894345
7554,0.034485912517352675
7555,0.1563835004290569
7556,0.041264212365701575
7557,0.11951710178445801
7558,0.3129811642737536
7559,0.07375144541221731
7560,0.07843851872831294
7561,0.020029875818341487
7562,0.028085871872177808
7563,0.16467080512781063
7564,0.02715077852858353
7565,0.06000816435530866
7566,0.4198427537404879
7567,0.0513083553638641
7568,0.057860515494323236
7569,0.07866270522520341
7570,0.083400307603566
7571,0.2098001779188209
7572,0.08126904857048103
7573,0.18165938413648428
7574,0.36933255369860946
7575,0.10179816226773182
7576,0.09436462838779372
7577,0.030208675633845397
7578,0.033034191517087766
7579,0.17459152300126812
7580,0.056555546422776215
7581,0.02052015250544662
7582,0.5640309625952212
7583,0.07175224045893869
7584,0.07167477905804845
7585,0.05121802946802947
7586,0.05514474605853915
7587,0.17653596517296305
7588,0.07284020667353998
7589,0.03825329050329051
7590,0.39423714612081584
7591,0.1138663415553363
7592,0.13110861223357456
7593,0.04834576860088706
7594,0.05265641333402054
7595,0.1725419733010741
7596,0.10320953690845332
7597,0.080046850561932
7598,0.18147394066685024
7599,0.05498245921414136
7600,0.05865373437391541
7601,0.04789558712683488
7602,0.033593087310414986
7603,0.0356933164930951
7604,0.04589757540088198
7605,0.04315947667075118
7606,0.7604954730967324
7607,0.09169618955787208
7608,0.10717072710538399
7609,0.0027083333333333334
7610,0.005847967220093657
7611,0.009250035285432001
7612,0.007893518518518518
7613,0.01812602520935854
7614,0.7015254747713323
7615,0.022446428571428572
7616,0.026523054106387438
7617,0.04722647610695278
7618,0.041121362604273355
7619,0.06972049574973403
7620,0.04189790837838505
7621,0.03395388480936149
7622,0.595245812241378
7623,0.0957093273560494
7624,0.1438870327616271
7625,0.06706188019422595
7626,0.056376432827222836
7627,0.06461175089753463
7628,0.05848216049168015
7629,0.0477097519566627
7630,0.6818492319620388
7631,0.1526410369829018
7632,0.17600592163626924
7633,0.033941388161202395
7634,0.024745621790993846
7635,0.03786531824251122
7636,0.021806865678853836
7637,0.016988152228561433
7638,0.5272311489317811
7639,0.11910989589853366
7640,0.09518433316989204
7641,0.025263157894736845
7642,0.02613023717560923
7643,0.034718674770970355
7644,0.017620088403841265
7645,0.015023597175771088
7646,0.5239157351063647
7647,0.10755753896990898
7648,0.08446852861988445
7649,0.03301825524836361
7650,0.03264739191629338
7651,0.03944994676694823
7652,0.024106289436397792
7653,0.020676464874994287
7654,0.4625928103600657
7655,0.08686365592059114
7656,0.10277942035413658
7657,0.029639673046251994
7658,0.03196111740648946
7659,0.040829785882081464
7660,0.021396603555356414
7661,0.01870751973469365
7662,0.539486632214878
7663,0.10205555484292485
7664,0.1070432091824133
7665,0.019174389852707988
7666,0.013242790718981193
7667,0.026894835298860064
7668,0.02197972978365135
7669,0.019543727877061212
7670,0.2323543657530243
7671,0.030766723419891586
7672,0.021668740635200905
7673,0.012344738594738594
7674,0.006118437118437119
7675,0.028759351983627564
7676,0.01606772406358535
7677,0.014273004773004772
7678,0.2578410249907675
7679,0.03362135866675741
7680,0.03763685543997721
7681,0.010860330895791886
7682,0.005358024691358024
7683,0.009925407925407925
7684,0.024842783396704964
7685,0.018377061210394546
7686,0.20863753525070355
7687,0.026728388927154956
7688,0.021199436057769392
7689,0.07741709410672129
7690,0.07122786712076114
7691,0.05651978347640399
7692,0.06769050022212353
7693,0.12930879659534028
7694,0.27912646522330603
7695,0.27802081220121694
7696,0.08648538095712774
7697,0.10613136738773767
7698,0.10682384249913814
7699,0.12135131645961145
7700,0.11527379014153823
7701,0.20158742185694392
7702,0.4103270479644118
7703,0.3605739721891749
7704,0.19135945604319515
7705,0.08294282178098261
7706,0.08771895649619509
7707,0.11328384434657623
7708,0.09397247131687354
7709,0.19370407024353437
7710,0.31625945500067015
7711,0.3409807300388145
7712,0.11284717580890849
7713,0.10913782543736839
7714,0.1133163991769711
7715,0.12569871301449365
7716,0.11660861253939689
7717,0.21821851834436454
7718,0.34293296850835014
7719,0.38976602508022856
7720,0.14142776147587627
7721,0.10438917143357797
7722,0.10918972292279172
7723,0.11649524056648194
7724,0.10797088147960703
7725,0.21440690294345294
7726,0.39386445753173244
7727,0.34953219051476236
7728,0.19655245438726657
7729,0.013235943757272715
7730,0.02142467778381578
7731,0.021526894158473107
7732,0.025095744087661274
7733,0.02781782403480517
7734,0.4009142778925312
7735,0.051936974834491646
7736,0.052517453507618814
7737,0.03162196227685358
7738,0.024493574014777843
7739,0.038631372342661445
7740,0.03244632813430767
7741,0.028651161338661347
7742,0.4328966569527671
7743,0.04972628160274372
7744,0.055314694922604796
7745,0.041348603452852434
7746,0.035499296259161074
7747,0.05046159998881316
7748,0.035623986856583176
7749,0.029365371754010272
7750,0.43908881017181484
7751,0.05098307182782263
7752,0.0305300431842951
7753,0.02652257429056892
7754,0.016200116704485082
7755,0.025334904043879742
7756,0.018583256882723484
7757,0.021092019092019094
7758,0.7028744035196459
7759,0.08057244931063627
7760,0.049523768461533585
7761,0.03138494653576837
7762,0.02321841359552853
7763,0.04031544698456761
7764,0.03384138165970486
7765,0.027015630203130206
7766,0.7090052398832686
7767,0.07116987619943009
7768,0.06763787444866284
7769,0.02741737754078497
7770,0.03596686947653381
7771,0.04136893480992865
7772,0.016244952450491155
7773,0.03671402877396871
7774,0.36853893584097913
7775,0.04875152487493231
7776,0.0508508441449618
7777,0.03199254093947778
7778,0.040542032875226626
7779,0.04594409820862146
7780,0.02272487775394587
7781,0.02402498025553054
7782,0.3696316713216276
7783,0.05332668827362512
7784,0.05902077878548466
7785,0.018837637580284637
7786,0.020048613790420982
7787,0.019288168998512684
7788,0.014479992947628426
7789,0.020245410363057423
7790,0.29535200494862096
7791,0.0394146357455181
7792,0.04802833658716013
7793,0.03378774883154974
7794,0.028321534166224953
7795,0.05206467235125443
7796,0.018645059968245736
7797,0.053163939572950715
7798,0.5874628054536805
7799,0.08708351808708029
7800,0.0658802245949458
7801,0.09286902391729407
7802,0.08976848365512204
7803,0.14506332940497332
7804,0.10325370252525608
7805,0.058340177244097687
7806,0.8841998937022341
7807,0.3278217912546113
7808,0.29899671149276325
7809,0.09219785965659764
7810,0.09170722546408672
7811,0.09226683787217052
7812,0.07790161865677367
7813,0.06671522933841074
7814,0.7710027593207309
7815,0.17658595150718087
7816,0.26968017777566705
7817,0.050751444859825155
7818,0.044744261390092084
7819,0.19016393239120272
7820,0.05326828969818028
7821,0.06206101438877819
7822,0.600576159988172
7823,0.19233993459454168
7824,0.13479875847803915
7825,0.10936840783412134
7826,0.10493654417677414
7827,0.1412503604108118
7828,0.10648293293737643
7829,0.08714746726911368
7830,0.8618286078933356
7831,0.3736566503258706
7832,0.3792547492654938
7833,0.04192746534922131
7834,0.038397129650453644
7835,0.18193340591758336
7836,0.040976049145785995
7837,0.04374633152162575
7838,0.5770956578270778
7839,0.16854662063298573
7840,0.1343000321456297
7841,0.08460955188713105
7842,0.08993280034145622
7843,0.06137966871156806
7844,0.08048970732368801
7845,0.05938496971420694
7846,0.6881442630058863
7847,0.1637419294094581
7848,0.23763092175237793
7849,0.0915094791726873
7850,0.0810375547053121
7851,0.05053279706311715
7852,0.0764830644862189
7853,0.10659726680865851
7854,0.49262937497355636
7855,0.2697626051264418
7856,0.1210718325254083
7857,0.07055574572756625
7858,0.0617409901632278
7859,0.1062539198074592
7860,0.06828400073409147
7861,0.139537541422129
7862,0.3650296036840211
7863,0.2588150072969012
7864,0.16719632070572954
7865,0.10592623060005185
7866,0.10226192875547618
7867,0.12486405828091203
7868,0.1007967041996856
7869,0.2099138397419097
7870,0.3714407530687346
7871,0.38720169577581515
7872,0.1544899195303077
7873,0.09551689297088661
7874,0.09175901037755779
7875,0.10826251476172333
7876,0.09095287367550114
7877,0.18905999419261743
7878,0.334693172811112
7879,0.36848799161140106
7880,0.13581300827250067
7881,0.11622076623256494
7882,0.10999464506536254
7883,0.1259698433629078
7884,0.1114614947784262
7885,0.1801019241299213
7886,0.5182346972268509
7887,0.4275698048605345
7888,0.16547066950198255
7889,0.021825331503288012
7890,0.019382581724331337
7891,0.014934485644829331
7892,0.01798696658115005
7893,0.021540133012269234
7894,0.7237532992833868
7895,0.07309789282353632
7896,0.04294406472847903
7897,0.02587451182276694
7898,0.025534257218886084
7899,0.019488616698960386
7900,0.026712914577396656
7901,0.02882899855848772
7902,0.6684813955201317
7903,0.09259615050301774
7904,0.08846428284989893
7905,0.05852577593633594
7906,0.0523131343895515
7907,0.09315791794742746
7908,0.07049302269897235
7909,0.09042344292046953
7910,0.5776353496441621
7911,0.24252790851832734
7912,0.1763295369356815
7913,0.06042982277530655
7914,0.044539686627452835
7915,0.08414849336910445
7916,0.07073264007939584
7917,0.06073057449373238
7918,0.7300208148980393
7919,0.2587751621345392
7920,0.19025693015315764
7921,0.03028986082629924
7922,0.024049108562497968
7923,0.07446331172840463
7924,0.029693394531362927
7925,0.02338859361046294
7926,0.6838206321006266
7927,0.09744202202748004
7928,0.0809326758257706
7929,0.031508292549608505
7930,0.03547685996318677
7931,0.1325615864489379
7932,0.08720020032296251
7933,0.032175101384440075
7934,0.5803156346590821
7935,0.154316727898695
7936,0.10540242440121726
7937,0.01852370169875891
7938,0.011555310894161206
7939,0.014916311282157963
7940,0.0112160093910666
7941,0.012308945440524388
7942,0.5239895547339546
7943,0.06296121537569467
7944,0.062046640361403456
7945,0.025835326348618855
7946,0.019978046655132264
7947,0.017073174027256003
7948,0.021638745152037658
7949,0.041580148409095775
7950,0.5715464511271965
7951,0.0775664908192054
7952,0.07124643239943079
7953,0.01927824905752402
7954,0.016133118326186392
7955,0.030974221366868424
7956,0.01452557279321985
7957,0.011348039215686273
7958,0.5047431409105089
7959,0.04205804210398374
7960,0.035307319660124035
7961,0.025360698026969893
7962,0.029432711262776235
7963,0.01853991955756662
7964,0.0191357995404435
7965,0.027274138443256088
7966,0.5156678637809765
7967,0.06487968342562506
7968,0.06853759183892565
7969,0.0323097328420449
7970,0.029884091338071038
7971,0.13293689657886246
7972,0.030012083032767176
7973,0.04281074929971989
7974,0.5985755748788814
7975,0.17011443745103408
7976,0.07145424147439737
7977,0.03007558709530324
7978,0.024593181139190384
7979,0.021539109909698144
7980,0.023058895679483913
7981,0.020549428104575163
7982,0.467586998834572
7983,0.0640183413635477
7984,0.053846693439939
7985,0.0933260277067901
7986,0.06910054256399654
7987,0.12213518558468346
7988,0.10171967171699382
7989,0.0817142263985132
7990,0.7136913560904734
7991,0.25126134747074874
7992,0.24297925993303218
7993,0.019722693501968466
7994,0.016577562770630837
7995,0.03009399048663754
7996,0.0169700172376643
7997,0.011348039215686273
7998,0.4731659488688852
7999,0.04935424045900562
8000,0.04179361114641553
8001,0.01848146944824441
8002,0.015783911976980047
8003,0.02668961708226414
8004,0.010916293183940242
8005,0.014160539215686274
8006,0.45518513724055404
8007,0.041139805004825586
8008,0.040717222257526636
8009,0.04120384803198052
8010,0.04559009659386428
8011,0.12414789922574085
8012,0.05923179834666596
8013,0.08553682620806088
8014,0.43887821342355143
8015,0.19046864069055724
8016,0.09679364736720886
8017,0.015692209502889794
8018,0.013409260330312962
8019,0.04320375095542435
8020,0.02199465109439581
8021,0.01166170634920635
8022,0.24902261229260342
8023,0.040294416981230485
8024,0.046588855979761555
8025,0.018847968227243193
8026,0.01851846631153438
8027,0.039192786439894836
8028,0.01858241857211287
8029,0.012649626517273575
8030,0.42138542669606904
8031,0.06799439384993303
8032,0.07163895789969069
8033,0.04614844195945067
8034,0.04092202214682396
8035,0.04659021379091039
8036,0.04022116252054332
8037,0.05432746910771014
8038,0.4524251267815846
8039,0.09318619856909675
8040,0.09953548561468323
8041,0.022929906717889113
8042,0.020232349246624745
8043,0.032322742127153886
8044,0.015607002801120448
8045,0.014481992358346846
8046,0.44881692853413424
8047,0.055002896247947804
8048,0.0500201568816687
8049,0.028662960758218694
8050,0.026867536069892062
8051,0.07137328306082177
8052,0.022317377594312578
8053,0.06299220288757552
8054,0.34231622658272376
8055,0.07187953924146383
8056,0.0626712743973373
8057,0.05952727278448172
8058,0.04796355890097681
8059,0.13095976474907997
8060,0.055000760220025466
8061,0.06694364723969987
8062,0.5870682804204622
8063,0.1832532844260991
8064,0.14984144246320388
