model,split_type,use_coords,candidate,fold,classifier__class_weight,classifier__max_depth,classifier__max_features,classifier__min_samples_leaf,classifier__n_estimators,n,positives,log_loss,auc,average_precision,brier,f1,sensitivity,specificity
RF_multi_no_coords,spatial,False,1,1,balanced,,sqrt,1,300,824,50,0.18042367082395785,0.913346253229974,0.46929008877057915,0.05025357092783185,0.45714285714285713,0.48,0.9599483204134367
RF_multi_no_coords,spatial,False,1,2,balanced,,sqrt,1,300,824,52,0.19719254835807268,0.8689094260661618,0.4231563757836079,0.052470183657073226,0.4642857142857143,0.5,0.9559585492227979
RF_multi_no_coords,spatial,False,1,3,balanced,,sqrt,1,300,816,48,0.1946507819314957,0.8325195312500001,0.3208009857809285,0.05319783496742443,0.391304347826087,0.375,0.9661458333333334
RF_multi_no_coords,spatial,False,1,4,balanced,,sqrt,1,300,816,49,0.18021094668807366,0.8921320809940665,0.4505024562350486,0.047747355936944166,0.47191011235955055,0.42857142857142855,0.9752281616688396
RF_multi_no_coords,spatial,False,1,5,balanced,,sqrt,1,300,824,51,0.19152882622589457,0.8917636912462268,0.42582553915472604,0.052075105447787484,0.44642857142857145,0.49019607843137253,0.9534282018111255
RF_multi_no_coords,spatial,False,2,1,balanced,,sqrt,1,500,824,50,0.1806376287265653,0.9139922480620155,0.4693099828805057,0.05039954611658616,0.4117647058823529,0.42,0.9599483204134367
RF_multi_no_coords,spatial,False,2,2,balanced,,sqrt,1,500,824,52,0.1860698507984127,0.8712136309286568,0.42391760670441175,0.05179417475736407,0.4727272727272727,0.5,0.9585492227979274
RF_multi_no_coords,spatial,False,2,3,balanced,,sqrt,1,500,816,48,0.1941993755115127,0.8335096571180555,0.31503886286075217,0.05354322549025612,0.3595505617977528,0.3333333333333333,0.9674479166666666
RF_multi_no_coords,spatial,False,2,4,balanced,,sqrt,1,500,816,49,0.1695830824315625,0.8955777878296037,0.45722892686446676,0.047377862745185045,0.4772727272727273,0.42857142857142855,0.9765319426336375
RF_multi_no_coords,spatial,False,2,5,balanced,,sqrt,1,500,824,51,0.19109421542149105,0.8918144230525328,0.4291464688228231,0.05184502184473058,0.46017699115044247,0.5098039215686274,0.9534282018111255
RF_multi_no_coords,spatial,False,3,1,balanced,,sqrt,5,300,824,50,0.2920390480701578,0.9137209302325582,0.4603853019018436,0.08735091446463807,0.4044943820224719,0.72,0.8811369509043928
RF_multi_no_coords,spatial,False,3,2,balanced,,sqrt,5,300,824,52,0.2898575079063524,0.8800069748903945,0.4515337106171123,0.08580813214209337,0.4378698224852071,0.7115384615384616,0.8963730569948186
RF_multi_no_coords,spatial,False,3,3,balanced,,sqrt,5,300,816,48,0.291456302380753,0.8393554687499999,0.31644595358390165,0.08645853200917172,0.37267080745341613,0.625,0.8919270833333334
RF_multi_no_coords,spatial,False,3,4,balanced,,sqrt,5,300,816,49,0.27478982267029095,0.9045046962722507,0.43569090276969047,0.07938317675909697,0.40764331210191085,0.6530612244897959,0.9009126466753585
RF_multi_no_coords,spatial,False,3,5,balanced,,sqrt,5,300,824,51,0.2994628695336617,0.8864114856809476,0.3915930046422468,0.0890170187754103,0.43333333333333335,0.7647058823529411,0.8835705045278137
RF_multi_no_coords,spatial,False,4,1,balanced,,sqrt,5,500,824,50,0.29310701312290083,0.9146770025839792,0.46613041097839153,0.08751886003353315,0.4134078212290503,0.74,0.8811369509043928
RF_multi_no_coords,spatial,False,4,2,balanced,,sqrt,5,500,824,52,0.28960352953199187,0.8782881626145875,0.4533341546710132,0.08548097176669342,0.4431137724550898,0.7115384615384616,0.8989637305699482
RF_multi_no_coords,spatial,False,4,3,balanced,,sqrt,5,500,816,48,0.29148698742617224,0.8429904513888888,0.32109102636191483,0.08665127015572482,0.3803680981595092,0.6458333333333334,0.890625
RF_multi_no_coords,spatial,False,4,4,balanced,,sqrt,5,500,816,49,0.27395182332004214,0.9043450496234999,0.43981473845588437,0.07926667690002191,0.4050632911392405,0.6530612244897959,0.8996088657105606
RF_multi_no_coords,spatial,False,4,5,balanced,,sqrt,5,500,824,51,0.2989346594630359,0.8855744108768993,0.3936779923556986,0.08870817684532079,0.4406779661016949,0.7647058823529411,0.88745148771022
RF_multi_no_coords,spatial,False,5,1,balanced,20.0,sqrt,1,300,824,50,0.1816405135928302,0.9141602067183462,0.46869900788341573,0.050631404149835954,0.45714285714285713,0.48,0.9599483204134367
RF_multi_no_coords,spatial,False,5,2,balanced,20.0,sqrt,1,300,824,52,0.20773146303159865,0.865658628935831,0.4229649256314473,0.052520548089235064,0.46846846846846846,0.5,0.9572538860103627
RF_multi_no_coords,spatial,False,5,3,balanced,20.0,sqrt,1,300,816,48,0.20559651260794762,0.8274603949652778,0.3280937621208895,0.05283961892227716,0.38202247191011235,0.3541666666666667,0.96875
RF_multi_no_coords,spatial,False,5,4,balanced,20.0,sqrt,1,300,816,49,0.18277114668282188,0.8877551020408163,0.45555339708326964,0.04821422326743046,0.4731182795698925,0.4489795918367347,0.9713168187744459
RF_multi_no_coords,spatial,False,5,5,balanced,20.0,sqrt,1,300,824,51,0.18927363728597937,0.8952515029297619,0.4179324131621316,0.05171133759193901,0.43243243243243246,0.47058823529411764,0.9534282018111255
RF_multi_no_coords,spatial,False,6,1,balanced,20.0,sqrt,1,500,824,50,0.18112199457399622,0.9156330749354005,0.47235651816577023,0.05049472036390623,0.45714285714285713,0.48,0.9599483204134367
RF_multi_no_coords,spatial,False,6,2,balanced,20.0,sqrt,1,500,824,52,0.18850216441125664,0.8668667795934635,0.42790943733423076,0.052057866910176845,0.4727272727272727,0.5,0.9585492227979274
RF_multi_no_coords,spatial,False,6,3,balanced,20.0,sqrt,1,500,816,48,0.1962525508109088,0.8304850260416665,0.3250167182249595,0.053580186081268376,0.37362637362637363,0.3541666666666667,0.9661458333333334
RF_multi_no_coords,spatial,False,6,4,balanced,20.0,sqrt,1,500,816,49,0.1711683877799822,0.8935023813958438,0.4581710034425348,0.04788847869022386,0.4835164835164835,0.4489795918367347,0.9739243807040417
RF_multi_no_coords,spatial,False,6,5,balanced,20.0,sqrt,1,500,824,51,0.190145960194607,0.8942115009004896,0.4255691838924841,0.05206274536596425,0.4827586206896552,0.5490196078431373,0.9521345407503234
RF_multi_no_coords,spatial,False,7,1,balanced,20.0,sqrt,5,300,824,50,0.2920390480701578,0.9137209302325582,0.4603853019018436,0.08735091446463807,0.4044943820224719,0.72,0.8811369509043928
RF_multi_no_coords,spatial,False,7,2,balanced,20.0,sqrt,5,300,824,52,0.2897521971708401,0.8798326026305301,0.45122804182908843,0.08575825404169031,0.44047619047619047,0.7115384615384616,0.8976683937823834
RF_multi_no_coords,spatial,False,7,3,balanced,20.0,sqrt,5,300,816,48,0.2917589971880283,0.8388400607638888,0.3155197219379354,0.08656229971682332,0.38271604938271603,0.6458333333333334,0.8919270833333334
RF_multi_no_coords,spatial,False,7,4,balanced,20.0,sqrt,5,300,816,49,0.27487154083378235,0.9045313040470425,0.43646684190669743,0.07940180384116237,0.40764331210191085,0.6530612244897959,0.9009126466753585
RF_multi_no_coords,spatial,False,7,5,balanced,20.0,sqrt,5,300,824,51,0.29951453594338623,0.8862592902620298,0.39136618439927584,0.08904158483175278,0.43333333333333335,0.7647058823529411,0.8835705045278137
RF_multi_no_coords,spatial,False,8,1,balanced,20.0,sqrt,5,500,824,50,0.29318048677310404,0.9146253229974161,0.4654099535262663,0.08750585944023875,0.4134078212290503,0.74,0.8811369509043928
RF_multi_no_coords,spatial,False,8,2,balanced,20.0,sqrt,5,500,824,52,0.2893081311278229,0.8784127142287763,0.4556859474288138,0.08537129740126916,0.4431137724550898,0.7115384615384616,0.8989637305699482
RF_multi_no_coords,spatial,False,8,3,balanced,20.0,sqrt,5,500,816,48,0.291616695048932,0.8430447048611112,0.3222108188766091,0.08669107475224003,0.3803680981595092,0.6458333333333334,0.890625
RF_multi_no_coords,spatial,False,8,4,balanced,20.0,sqrt,5,500,816,49,0.2740363288618165,0.904478088497459,0.44274956335331545,0.07929145579405472,0.4050632911392405,0.6530612244897959,0.8996088657105606
RF_multi_no_coords,spatial,False,8,5,balanced,20.0,sqrt,5,500,824,51,0.29898351295384845,0.8853968495548283,0.39350973202275125,0.08872059715869644,0.43820224719101125,0.7647058823529411,0.8861578266494179
