model,split_type,use_coords,species,candidate,fold,model__class_weight,model__max_depth,model__max_features,model__min_samples_leaf,model__n_estimators,n,positives,log_loss,auc,average_precision,brier,f1,sensitivity,specificity
RF_single_with_coords,spatial,True,Cacophis kreftii,1,1,balanced,,sqrt,1,300,103,4,0.12440624346527059,0.9419191919191918,0.28585164835164834,0.04088155339861166,0.0,0.0,0.9797979797979798
RF_single_with_coords,spatial,True,Cacophis kreftii,1,2,balanced,,sqrt,1,300,103,4,0.1358952484620797,0.9027777777777778,0.20085649644473175,0.045820711974488684,0.0,0.0,0.9797979797979798
RF_single_with_coords,spatial,True,Cacophis kreftii,1,3,balanced,,sqrt,1,300,102,3,0.12295106068277024,0.9393939393939394,0.32857142857142857,0.041032570806678666,0.25,0.3333333333333333,0.9595959595959596
RF_single_with_coords,spatial,True,Cacophis kreftii,1,4,balanced,,sqrt,1,300,103,4,0.18978829821519275,0.8345959595959596,0.17444444444444446,0.05674627831762784,0.25,0.25,0.9696969696969697
RF_single_with_coords,spatial,True,Cacophis kreftii,1,5,balanced,,sqrt,1,300,102,4,0.13028562271651856,0.9311224489795918,0.43623737373737376,0.04409923747315903,0.18181818181818182,0.25,0.9387755102040817
RF_single_with_coords,spatial,True,Cacophis kreftii,2,1,balanced,,sqrt,1,500,103,4,0.12558186344004257,0.9381313131313131,0.2790334665334665,0.04095025242766019,0.0,0.0,0.9797979797979798
RF_single_with_coords,spatial,True,Cacophis kreftii,2,2,balanced,,sqrt,1,500,103,4,0.1356416924871813,0.8926767676767676,0.1836996336996337,0.04547122330127183,0.0,0.0,0.9797979797979798
RF_single_with_coords,spatial,True,Cacophis kreftii,2,3,balanced,,sqrt,1,500,102,3,0.12216381198603922,0.936026936026936,0.27301587301587305,0.04063513725543137,0.25,0.3333333333333333,0.9595959595959596
RF_single_with_coords,spatial,True,Cacophis kreftii,2,4,balanced,,sqrt,1,500,103,4,0.18514925608471175,0.8383838383838385,0.17684386973180077,0.05592240776739805,0.25,0.25,0.9696969696969697
RF_single_with_coords,spatial,True,Cacophis kreftii,2,5,balanced,,sqrt,1,500,102,4,0.13103817019072214,0.9285714285714286,0.3112373737373737,0.044560000000352935,0.2222222222222222,0.25,0.9591836734693877
RF_single_with_coords,spatial,True,Cacophis kreftii,3,1,balanced,,sqrt,5,300,103,4,0.13412101903521365,0.9368686868686867,0.2875,0.04331342949823948,0.25,0.25,0.9696969696969697
RF_single_with_coords,spatial,True,Cacophis kreftii,3,2,balanced,,sqrt,5,300,103,4,0.22649017846372105,0.8939393939393939,0.18299935358758887,0.0785222006254326,0.3,0.75,0.8686868686868687
RF_single_with_coords,spatial,True,Cacophis kreftii,3,3,balanced,,sqrt,5,300,102,3,0.22005348893068952,0.9326599326599326,0.2566137566137566,0.076119616750908,0.35294117647058826,1.0,0.8888888888888888
RF_single_with_coords,spatial,True,Cacophis kreftii,3,4,balanced,,sqrt,5,300,103,4,0.26998079627751437,0.8459595959595959,0.16162330316742082,0.0965831486589402,0.1,0.25,0.8484848484848485
RF_single_with_coords,spatial,True,Cacophis kreftii,3,5,balanced,,sqrt,5,300,102,4,0.23233398688364132,0.9081632653061226,0.3996732026143791,0.08159839839718822,0.34782608695652173,1.0,0.8469387755102041
RF_single_with_coords,spatial,True,Cacophis kreftii,4,1,balanced,,sqrt,5,500,103,4,0.13584122103022953,0.9318181818181819,0.2714285714285714,0.04403099693859175,0.25,0.25,0.9696969696969697
RF_single_with_coords,spatial,True,Cacophis kreftii,4,2,balanced,,sqrt,5,500,103,4,0.2258191774843034,0.904040404040404,0.20416666666666666,0.07835576636845142,0.38095238095238093,1.0,0.8686868686868687
RF_single_with_coords,spatial,True,Cacophis kreftii,4,3,balanced,,sqrt,5,500,102,3,0.2205281086023563,0.9393939393939393,0.3214285714285714,0.07652283032913286,0.35294117647058826,1.0,0.8888888888888888
RF_single_with_coords,spatial,True,Cacophis kreftii,4,4,balanced,,sqrt,5,500,103,4,0.26609691146432624,0.8484848484848485,0.18225781845919148,0.0951775436591381,0.1,0.25,0.8484848484848485
RF_single_with_coords,spatial,True,Cacophis kreftii,4,5,balanced,,sqrt,5,500,102,4,0.2339231151187116,0.9158163265306123,0.4088235294117647,0.08245406598681711,0.34782608695652173,1.0,0.8469387755102041
RF_single_with_coords,spatial,True,Cacophis kreftii,5,1,balanced,20.0,sqrt,1,300,103,4,0.12440624346527059,0.9419191919191918,0.28585164835164834,0.04088155339861166,0.0,0.0,0.9797979797979798
RF_single_with_coords,spatial,True,Cacophis kreftii,5,2,balanced,20.0,sqrt,1,300,103,4,0.1358952484620797,0.9027777777777778,0.20085649644473175,0.045820711974488684,0.0,0.0,0.9797979797979798
RF_single_with_coords,spatial,True,Cacophis kreftii,5,3,balanced,20.0,sqrt,1,300,102,3,0.12295106068277024,0.9393939393939394,0.32857142857142857,0.041032570806678666,0.25,0.3333333333333333,0.9595959595959596
RF_single_with_coords,spatial,True,Cacophis kreftii,5,4,balanced,20.0,sqrt,1,300,103,4,0.18978829821519275,0.8345959595959596,0.17444444444444446,0.05674627831762784,0.25,0.25,0.9696969696969697
RF_single_with_coords,spatial,True,Cacophis kreftii,5,5,balanced,20.0,sqrt,1,300,102,4,0.13028562271651856,0.9311224489795918,0.43623737373737376,0.04409923747315903,0.18181818181818182,0.25,0.9387755102040817
RF_single_with_coords,spatial,True,Cacophis kreftii,6,1,balanced,20.0,sqrt,1,500,103,4,0.12558186344004257,0.9381313131313131,0.2790334665334665,0.04095025242766019,0.0,0.0,0.9797979797979798
RF_single_with_coords,spatial,True,Cacophis kreftii,6,2,balanced,20.0,sqrt,1,500,103,4,0.1356416924871813,0.8926767676767676,0.1836996336996337,0.04547122330127183,0.0,0.0,0.9797979797979798
RF_single_with_coords,spatial,True,Cacophis kreftii,6,3,balanced,20.0,sqrt,1,500,102,3,0.12216381198603922,0.936026936026936,0.27301587301587305,0.04063513725543137,0.25,0.3333333333333333,0.9595959595959596
RF_single_with_coords,spatial,True,Cacophis kreftii,6,4,balanced,20.0,sqrt,1,500,103,4,0.18514925608471175,0.8383838383838385,0.17684386973180077,0.05592240776739805,0.25,0.25,0.9696969696969697
RF_single_with_coords,spatial,True,Cacophis kreftii,6,5,balanced,20.0,sqrt,1,500,102,4,0.13103817019072214,0.9285714285714286,0.3112373737373737,0.044560000000352935,0.2222222222222222,0.25,0.9591836734693877
RF_single_with_coords,spatial,True,Cacophis kreftii,7,1,balanced,20.0,sqrt,5,300,103,4,0.13412101903521365,0.9368686868686867,0.2875,0.04331342949823948,0.25,0.25,0.9696969696969697
RF_single_with_coords,spatial,True,Cacophis kreftii,7,2,balanced,20.0,sqrt,5,300,103,4,0.22649017846372113,0.8939393939393939,0.18299935358758887,0.0785222006254326,0.3,0.75,0.8686868686868687
RF_single_with_coords,spatial,True,Cacophis kreftii,7,3,balanced,20.0,sqrt,5,300,102,3,0.2200534889306896,0.9326599326599326,0.2566137566137566,0.07611961675090803,0.35294117647058826,1.0,0.8888888888888888
RF_single_with_coords,spatial,True,Cacophis kreftii,7,4,balanced,20.0,sqrt,5,300,103,4,0.2699807962775144,0.8459595959595959,0.16162330316742082,0.09658314865894022,0.1,0.25,0.8484848484848485
RF_single_with_coords,spatial,True,Cacophis kreftii,7,5,balanced,20.0,sqrt,5,300,102,4,0.23233398688364137,0.9081632653061226,0.3996732026143791,0.08159839839718823,0.34782608695652173,1.0,0.8469387755102041
RF_single_with_coords,spatial,True,Cacophis kreftii,8,1,balanced,20.0,sqrt,5,500,103,4,0.13584122103022953,0.9318181818181819,0.2714285714285714,0.04403099693859175,0.25,0.25,0.9696969696969697
RF_single_with_coords,spatial,True,Cacophis kreftii,8,2,balanced,20.0,sqrt,5,500,103,4,0.2258191774843034,0.904040404040404,0.20416666666666666,0.07835576636845144,0.38095238095238093,1.0,0.8686868686868687
RF_single_with_coords,spatial,True,Cacophis kreftii,8,3,balanced,20.0,sqrt,5,500,102,3,0.22052810860235608,0.9393939393939393,0.3214285714285714,0.0765228303291328,0.35294117647058826,1.0,0.8888888888888888
RF_single_with_coords,spatial,True,Cacophis kreftii,8,4,balanced,20.0,sqrt,5,500,103,4,0.2660969114643263,0.8484848484848485,0.18225781845919148,0.09517754365913811,0.1,0.25,0.8484848484848485
RF_single_with_coords,spatial,True,Cacophis kreftii,8,5,balanced,20.0,sqrt,5,500,102,4,0.2339231151187116,0.9158163265306123,0.4088235294117647,0.08245406598681711,0.34782608695652173,1.0,0.8469387755102041
RF_single_with_coords,spatial,True,Calyptotis scutirostrum,1,1,balanced,,sqrt,1,300,103,7,0.18046580441831145,0.9017857142857143,0.5010922752014612,0.05407011866265264,0.5,0.5714285714285714,0.9479166666666666
RF_single_with_coords,spatial,True,Calyptotis scutirostrum,1,2,balanced,,sqrt,1,300,103,8,0.12263846485930062,0.9710526315789473,0.7189445970695971,0.03912060409956527,0.6666666666666666,0.75,0.9578947368421052
RF_single_with_coords,spatial,True,Calyptotis scutirostrum,1,3,balanced,,sqrt,1,300,103,8,0.13238915836899515,0.9710526315789474,0.7295100732600732,0.04267982740050701,0.631578947368421,0.75,0.9473684210526315
RF_single_with_coords,spatial,True,Calyptotis scutirostrum,1,4,balanced,,sqrt,1,300,102,7,0.182253938544097,0.9496240601503759,0.5025415429329626,0.05375566448835078,0.5882352941176471,0.7142857142857143,0.9473684210526315
RF_single_with_coords,spatial,True,Calyptotis scutirostrum,1,5,balanced,,sqrt,1,300,102,7,0.13879821312075102,0.9601503759398496,0.6079931972789115,0.039361111111483674,0.75,0.8571428571428571,0.968421052631579
RF_single_with_coords,spatial,True,Calyptotis scutirostrum,2,1,balanced,,sqrt,1,500,103,7,0.18162822884483928,0.900297619047619,0.5006297405113594,0.0538448932041359,0.5,0.5714285714285714,0.9479166666666666
RF_single_with_coords,spatial,True,Calyptotis scutirostrum,2,2,balanced,,sqrt,1,500,103,8,0.1227331622761794,0.9723684210526315,0.7501945970695971,0.039212349514786395,0.6666666666666666,0.75,0.9578947368421052
RF_single_with_coords,spatial,True,Calyptotis scutirostrum,2,3,balanced,,sqrt,1,500,103,8,0.1321924643974335,0.9697368421052632,0.730952380952381,0.04281413592259223,0.631578947368421,0.75,0.9473684210526315
RF_single_with_coords,spatial,True,Calyptotis scutirostrum,2,4,balanced,,sqrt,1,500,102,7,0.18179610890055597,0.9533834586466166,0.5118847539015605,0.053932039215950967,0.625,0.7142857142857143,0.9578947368421052
RF_single_with_coords,spatial,True,Calyptotis scutirostrum,2,5,balanced,,sqrt,1,500,102,7,0.14114057046157055,0.9609022556390978,0.6098047914818101,0.03950580392183333,0.75,0.8571428571428571,0.968421052631579
RF_single_with_coords,spatial,True,Calyptotis scutirostrum,3,1,balanced,,sqrt,5,300,103,7,0.23716484770246415,0.8958333333333334,0.4039778073391519,0.07653847730206377,0.45454545454545453,0.7142857142857143,0.8958333333333334
RF_single_with_coords,spatial,True,Calyptotis scutirostrum,3,2,balanced,,sqrt,5,300,103,8,0.20688630865863955,0.9671052631578947,0.6517097485847486,0.062236492025233216,0.64,1.0,0.9052631578947369
RF_single_with_coords,spatial,True,Calyptotis scutirostrum,3,3,balanced,,sqrt,5,300,103,8,0.17801984771478194,0.9697368421052631,0.741098484848485,0.05290897936144901,0.5714285714285714,0.75,0.9263157894736842
RF_single_with_coords,spatial,True,Calyptotis scutirostrum,3,4,balanced,,sqrt,5,300,102,7,0.24455697494508827,0.9518796992481203,0.4975990396158463,0.07330070726911848,0.45454545454545453,0.7142857142857143,0.8947368421052632
RF_single_with_coords,spatial,True,Calyptotis scutirostrum,3,5,balanced,,sqrt,5,300,102,7,0.213031138486939,0.9518796992481203,0.610333098756744,0.06841473121290723,0.48,0.8571428571428571,0.8736842105263158
RF_single_with_coords,spatial,True,Calyptotis scutirostrum,4,1,balanced,,sqrt,5,500,103,7,0.23403546236124478,0.9092261904761905,0.4272548879691737,0.07514989774836943,0.45454545454545453,0.7142857142857143,0.8958333333333334
RF_single_with_coords,spatial,True,Calyptotis scutirostrum,4,2,balanced,,sqrt,5,500,103,8,0.2086320178457369,0.9644736842105264,0.5773049866799866,0.0624137331391056,0.64,1.0,0.9052631578947369
RF_single_with_coords,spatial,True,Calyptotis scutirostrum,4,3,balanced,,sqrt,5,500,103,8,0.17885250121027552,0.9736842105263157,0.7666666666666667,0.05311544607611697,0.5714285714285714,0.75,0.9263157894736842
RF_single_with_coords,spatial,True,Calyptotis scutirostrum,4,4,balanced,,sqrt,5,500,102,7,0.2439100770804555,0.9518796992481203,0.4975990396158463,0.07377545519667587,0.45454545454545453,0.7142857142857143,0.8947368421052632
RF_single_with_coords,spatial,True,Calyptotis scutirostrum,4,5,balanced,,sqrt,5,500,102,7,0.21557600616059483,0.9518796992481203,0.610333098756744,0.06934800921862419,0.48,0.8571428571428571,0.8736842105263158
RF_single_with_coords,spatial,True,Calyptotis scutirostrum,5,1,balanced,20.0,sqrt,1,300,103,7,0.18046580441831145,0.9017857142857143,0.5010922752014612,0.05407011866265264,0.5,0.5714285714285714,0.9479166666666666
RF_single_with_coords,spatial,True,Calyptotis scutirostrum,5,2,balanced,20.0,sqrt,1,300,103,8,0.12263846485930062,0.9710526315789473,0.7189445970695971,0.03912060409956527,0.6666666666666666,0.75,0.9578947368421052
RF_single_with_coords,spatial,True,Calyptotis scutirostrum,5,3,balanced,20.0,sqrt,1,300,103,8,0.13238915836899515,0.9710526315789474,0.7295100732600732,0.04267982740050701,0.631578947368421,0.75,0.9473684210526315
RF_single_with_coords,spatial,True,Calyptotis scutirostrum,5,4,balanced,20.0,sqrt,1,300,102,7,0.182253938544097,0.9496240601503759,0.5025415429329626,0.05375566448835078,0.5882352941176471,0.7142857142857143,0.9473684210526315
RF_single_with_coords,spatial,True,Calyptotis scutirostrum,5,5,balanced,20.0,sqrt,1,300,102,7,0.13879821312075102,0.9601503759398496,0.6079931972789115,0.039361111111483674,0.75,0.8571428571428571,0.968421052631579
RF_single_with_coords,spatial,True,Calyptotis scutirostrum,6,1,balanced,20.0,sqrt,1,500,103,7,0.18162822884483928,0.900297619047619,0.5006297405113594,0.0538448932041359,0.5,0.5714285714285714,0.9479166666666666
RF_single_with_coords,spatial,True,Calyptotis scutirostrum,6,2,balanced,20.0,sqrt,1,500,103,8,0.1227331622761794,0.9723684210526315,0.7501945970695971,0.039212349514786395,0.6666666666666666,0.75,0.9578947368421052
RF_single_with_coords,spatial,True,Calyptotis scutirostrum,6,3,balanced,20.0,sqrt,1,500,103,8,0.1321924643974335,0.9697368421052632,0.730952380952381,0.04281413592259223,0.631578947368421,0.75,0.9473684210526315
RF_single_with_coords,spatial,True,Calyptotis scutirostrum,6,4,balanced,20.0,sqrt,1,500,102,7,0.18179610890055597,0.9533834586466166,0.5118847539015605,0.053932039215950967,0.625,0.7142857142857143,0.9578947368421052
RF_single_with_coords,spatial,True,Calyptotis scutirostrum,6,5,balanced,20.0,sqrt,1,500,102,7,0.14114057046157055,0.9609022556390978,0.6098047914818101,0.03950580392183333,0.75,0.8571428571428571,0.968421052631579
RF_single_with_coords,spatial,True,Calyptotis scutirostrum,7,1,balanced,20.0,sqrt,5,300,103,7,0.2371648477024642,0.8958333333333334,0.4039778073391519,0.07653847730206377,0.45454545454545453,0.7142857142857143,0.8958333333333334
RF_single_with_coords,spatial,True,Calyptotis scutirostrum,7,2,balanced,20.0,sqrt,5,300,103,8,0.20688630865863947,0.9671052631578947,0.6517097485847486,0.0622364920252332,0.64,1.0,0.9052631578947369
RF_single_with_coords,spatial,True,Calyptotis scutirostrum,7,3,balanced,20.0,sqrt,5,300,103,8,0.1780198477147819,0.9697368421052631,0.741098484848485,0.052908979361449004,0.5714285714285714,0.75,0.9263157894736842
RF_single_with_coords,spatial,True,Calyptotis scutirostrum,7,4,balanced,20.0,sqrt,5,300,102,7,0.2445569749450881,0.9518796992481203,0.4975990396158463,0.07330070726911847,0.45454545454545453,0.7142857142857143,0.8947368421052632
RF_single_with_coords,spatial,True,Calyptotis scutirostrum,7,5,balanced,20.0,sqrt,5,300,102,7,0.21303113848693905,0.9518796992481203,0.610333098756744,0.06841473121290725,0.48,0.8571428571428571,0.8736842105263158
RF_single_with_coords,spatial,True,Calyptotis scutirostrum,8,1,balanced,20.0,sqrt,5,500,103,7,0.23403546236124478,0.9092261904761905,0.4272548879691737,0.07514989774836943,0.45454545454545453,0.7142857142857143,0.8958333333333334
RF_single_with_coords,spatial,True,Calyptotis scutirostrum,8,2,balanced,20.0,sqrt,5,500,103,8,0.20863201784573684,0.9644736842105264,0.5773049866799866,0.06241373313910558,0.64,1.0,0.9052631578947369
RF_single_with_coords,spatial,True,Calyptotis scutirostrum,8,3,balanced,20.0,sqrt,5,500,103,8,0.17885250121027554,0.9736842105263157,0.7666666666666667,0.05311544607611698,0.5714285714285714,0.75,0.9263157894736842
RF_single_with_coords,spatial,True,Calyptotis scutirostrum,8,4,balanced,20.0,sqrt,5,500,102,7,0.2439100770804556,0.9518796992481203,0.4975990396158463,0.07377545519667587,0.45454545454545453,0.7142857142857143,0.8947368421052632
RF_single_with_coords,spatial,True,Calyptotis scutirostrum,8,5,balanced,20.0,sqrt,5,500,102,7,0.21557600616059497,0.9518796992481203,0.610333098756744,0.0693480092186242,0.48,0.8571428571428571,0.8736842105263158
RF_single_with_coords,spatial,True,Coeranoscincus reticulatus,1,1,balanced,,sqrt,1,300,102,12,0.22300218168032138,0.925462962962963,0.5798944172299435,0.07211296296301198,0.48,0.5,0.9222222222222223
RF_single_with_coords,spatial,True,Coeranoscincus reticulatus,1,2,balanced,,sqrt,1,300,103,13,0.24147726603043415,0.9299145299145299,0.7350774128473987,0.07529018338729988,0.5333333333333333,0.6153846153846154,0.9
RF_single_with_coords,spatial,True,Coeranoscincus reticulatus,1,3,balanced,,sqrt,1,300,103,13,0.256807809066661,0.9158119658119659,0.5544514472455648,0.0832508090615372,0.5384615384615384,0.5384615384615384,0.9333333333333333
RF_single_with_coords,spatial,True,Coeranoscincus reticulatus,1,4,balanced,,sqrt,1,300,103,13,0.25708421844343726,0.9183760683760683,0.7193551712293162,0.08247583603023408,0.625,0.7692307692307693,0.9
RF_single_with_coords,spatial,True,Coeranoscincus reticulatus,1,5,balanced,,sqrt,1,300,102,13,0.2761205820837493,0.8958513396715644,0.5814226960778685,0.08434629629634531,0.6206896551724138,0.6923076923076923,0.9213483146067416
RF_single_with_coords,spatial,True,Coeranoscincus reticulatus,2,1,balanced,,sqrt,1,500,102,12,0.22137214245782552,0.9273148148148148,0.6275134648489912,0.07138835294121568,0.46153846153846156,0.5,0.9111111111111111
RF_single_with_coords,spatial,True,Coeranoscincus reticulatus,2,2,balanced,,sqrt,1,500,103,13,0.24421871670306386,0.9235042735042734,0.6882850361652251,0.07617945631069901,0.5517241379310345,0.6153846153846154,0.9111111111111111
RF_single_with_coords,spatial,True,Coeranoscincus reticulatus,2,3,balanced,,sqrt,1,500,103,13,0.25891099410100293,0.9158119658119658,0.5487385618851135,0.08403677669904856,0.5384615384615384,0.5384615384615384,0.9333333333333333
RF_single_with_coords,spatial,True,Coeranoscincus reticulatus,2,4,balanced,,sqrt,1,500,103,13,0.25854016729321,0.9175213675213675,0.726615962260518,0.08240889320388348,0.625,0.7692307692307693,0.9
RF_single_with_coords,spatial,True,Coeranoscincus reticulatus,2,5,balanced,,sqrt,1,500,102,13,0.2756230359091882,0.8958513396715644,0.585704100974087,0.08430529411766667,0.6206896551724138,0.6923076923076923,0.9213483146067416
RF_single_with_coords,spatial,True,Coeranoscincus reticulatus,3,1,balanced,,sqrt,5,300,102,12,0.3076333885632953,0.9194444444444445,0.6282057533559748,0.09661907553058609,0.5142857142857142,0.75,0.8444444444444444
RF_single_with_coords,spatial,True,Coeranoscincus reticulatus,3,2,balanced,,sqrt,5,300,103,13,0.3265981664831775,0.9290598290598291,0.7181942578494303,0.10440207622074887,0.5405405405405406,0.7692307692307693,0.8444444444444444
RF_single_with_coords,spatial,True,Coeranoscincus reticulatus,3,3,balanced,,sqrt,5,300,103,13,0.297667022805153,0.9179487179487179,0.5368814803160153,0.08987958694956633,0.5714285714285714,0.6153846153846154,0.9222222222222223
RF_single_with_coords,spatial,True,Coeranoscincus reticulatus,3,4,balanced,,sqrt,5,300,103,13,0.3381537663937316,0.9162393162393162,0.6900282551092267,0.10855219695152812,0.5263157894736842,0.7692307692307693,0.8333333333333334
RF_single_with_coords,spatial,True,Coeranoscincus reticulatus,3,5,balanced,,sqrt,5,300,102,13,0.3586749362981109,0.874675885911841,0.49582084582084585,0.11273380531048639,0.5555555555555556,0.7692307692307693,0.8539325842696629
RF_single_with_coords,spatial,True,Coeranoscincus reticulatus,4,1,balanced,,sqrt,5,500,102,12,0.3115165549094936,0.9138888888888889,0.579156497742024,0.09782933909389781,0.5142857142857142,0.75,0.8444444444444444
RF_single_with_coords,spatial,True,Coeranoscincus reticulatus,4,2,balanced,,sqrt,5,500,103,13,0.33049235023153983,0.9230769230769231,0.686486056647347,0.10594396956695369,0.5405405405405406,0.7692307692307693,0.8444444444444444
RF_single_with_coords,spatial,True,Coeranoscincus reticulatus,4,3,balanced,,sqrt,5,500,103,13,0.2992341937130407,0.9136752136752136,0.5394443197754066,0.09075346527699808,0.5517241379310345,0.6153846153846154,0.9111111111111111
RF_single_with_coords,spatial,True,Coeranoscincus reticulatus,4,4,balanced,,sqrt,5,500,103,13,0.336401262807268,0.9153846153846154,0.6880039636112509,0.108113830763565,0.5641025641025641,0.8461538461538461,0.8333333333333334
RF_single_with_coords,spatial,True,Coeranoscincus reticulatus,4,5,balanced,,sqrt,5,500,102,13,0.3599191409428002,0.8729472774416595,0.4806991056991057,0.11299455427190719,0.5555555555555556,0.7692307692307693,0.8539325842696629
RF_single_with_coords,spatial,True,Coeranoscincus reticulatus,5,1,balanced,20.0,sqrt,1,300,102,12,0.22298976645463114,0.9254629629629629,0.5923944172299436,0.07210274456015016,0.48,0.5,0.9222222222222223
RF_single_with_coords,spatial,True,Coeranoscincus reticulatus,5,2,balanced,20.0,sqrt,1,300,103,13,0.24169259712953103,0.9299145299145299,0.7350774128473987,0.07538455456313592,0.5333333333333333,0.6153846153846154,0.9
RF_single_with_coords,spatial,True,Coeranoscincus reticulatus,5,3,balanced,20.0,sqrt,1,300,103,13,0.256807809066661,0.9158119658119659,0.5544514472455648,0.0832508090615372,0.5384615384615384,0.5384615384615384,0.9333333333333333
RF_single_with_coords,spatial,True,Coeranoscincus reticulatus,5,4,balanced,20.0,sqrt,1,300,103,13,0.25721338125526305,0.917948717948718,0.7171059584537876,0.0825403451995976,0.625,0.7692307692307693,0.9
RF_single_with_coords,spatial,True,Coeranoscincus reticulatus,5,5,balanced,20.0,sqrt,1,300,102,13,0.276388296669408,0.8958513396715644,0.5814226960778685,0.08444979806838901,0.6206896551724138,0.6923076923076923,0.9213483146067416
RF_single_with_coords,spatial,True,Coeranoscincus reticulatus,6,1,balanced,20.0,sqrt,1,500,102,12,0.22144697866511148,0.9268518518518519,0.6275134648489912,0.07142590388653208,0.4444444444444444,0.5,0.9
RF_single_with_coords,spatial,True,Coeranoscincus reticulatus,6,2,balanced,20.0,sqrt,1,500,103,13,0.24433012209400085,0.9239316239316239,0.6976867455669344,0.07621769847146526,0.5517241379310345,0.6153846153846154,0.9111111111111111
RF_single_with_coords,spatial,True,Coeranoscincus reticulatus,6,3,balanced,20.0,sqrt,1,500,103,13,0.25891099410100293,0.9158119658119658,0.5487385618851135,0.08403677669904856,0.5384615384615384,0.5384615384615384,0.9333333333333333
RF_single_with_coords,spatial,True,Coeranoscincus reticulatus,6,4,balanced,20.0,sqrt,1,500,103,13,0.2584777625253346,0.9175213675213675,0.726615962260518,0.08247416960570635,0.625,0.7692307692307693,0.9
RF_single_with_coords,spatial,True,Coeranoscincus reticulatus,6,5,balanced,20.0,sqrt,1,500,102,13,0.2757790395843925,0.8958513396715644,0.585704100974087,0.08436562420004687,0.6206896551724138,0.6923076923076923,0.9213483146067416
RF_single_with_coords,spatial,True,Coeranoscincus reticulatus,7,1,balanced,20.0,sqrt,5,300,102,12,0.3076333885632953,0.9194444444444445,0.6282057533559748,0.09661907553058612,0.5142857142857142,0.75,0.8444444444444444
RF_single_with_coords,spatial,True,Coeranoscincus reticulatus,7,2,balanced,20.0,sqrt,5,300,103,13,0.3265981664831775,0.9290598290598291,0.7181942578494303,0.10440207622074886,0.5405405405405406,0.7692307692307693,0.8444444444444444
RF_single_with_coords,spatial,True,Coeranoscincus reticulatus,7,3,balanced,20.0,sqrt,5,300,103,13,0.297667022805153,0.9179487179487179,0.5368814803160153,0.08987958694956631,0.5714285714285714,0.6153846153846154,0.9222222222222223
RF_single_with_coords,spatial,True,Coeranoscincus reticulatus,7,4,balanced,20.0,sqrt,5,300,103,13,0.3381537663937316,0.9162393162393162,0.6900282551092267,0.10855219695152812,0.5263157894736842,0.7692307692307693,0.8333333333333334
RF_single_with_coords,spatial,True,Coeranoscincus reticulatus,7,5,balanced,20.0,sqrt,5,300,102,13,0.3586749362981109,0.874675885911841,0.49582084582084585,0.11273380531048639,0.5555555555555556,0.7692307692307693,0.8539325842696629
RF_single_with_coords,spatial,True,Coeranoscincus reticulatus,8,1,balanced,20.0,sqrt,5,500,102,12,0.3115165549094936,0.9138888888888889,0.579156497742024,0.09782933909389784,0.5142857142857142,0.75,0.8444444444444444
RF_single_with_coords,spatial,True,Coeranoscincus reticulatus,8,2,balanced,20.0,sqrt,5,500,103,13,0.33049235023153983,0.9230769230769231,0.686486056647347,0.10594396956695369,0.5405405405405406,0.7692307692307693,0.8444444444444444
RF_single_with_coords,spatial,True,Coeranoscincus reticulatus,8,3,balanced,20.0,sqrt,5,500,103,13,0.29923419371304066,0.9136752136752136,0.5394443197754066,0.09075346527699808,0.5517241379310345,0.6153846153846154,0.9111111111111111
RF_single_with_coords,spatial,True,Coeranoscincus reticulatus,8,4,balanced,20.0,sqrt,5,500,103,13,0.336401262807268,0.9153846153846154,0.6880039636112509,0.108113830763565,0.5641025641025641,0.8461538461538461,0.8333333333333334
RF_single_with_coords,spatial,True,Coeranoscincus reticulatus,8,5,balanced,20.0,sqrt,5,500,102,13,0.3599191409428002,0.8729472774416595,0.4806991056991057,0.11299455427190716,0.5555555555555556,0.7692307692307693,0.8539325842696629
RF_single_with_coords,spatial,True,Egernia mcpheei,1,1,balanced,,sqrt,1,300,103,1,0.06161472422247146,0.8823529411764706,0.06666666666666667,0.015521035599258902,0.0,0.0,0.9901960784313726
RF_single_with_coords,spatial,True,Egernia mcpheei,1,2,balanced,,sqrt,1,300,103,2,0.15409415570859375,0.6608910891089108,0.5097087378640777,0.013106237325344133,0.6666666666666666,0.5,1.0
RF_single_with_coords,spatial,True,Egernia mcpheei,1,3,balanced,,sqrt,1,300,103,1,0.044769630571615454,0.9705882352941175,0.25,0.012015102481626759,0.0,0.0,1.0
RF_single_with_coords,spatial,True,Egernia mcpheei,1,4,balanced,,sqrt,1,300,102,1,0.03773821985002727,0.9900990099009901,0.5,0.00948387799609368,0.6666666666666666,1.0,0.9900990099009901
RF_single_with_coords,spatial,True,Egernia mcpheei,1,5,balanced,,sqrt,1,300,102,1,0.1856874904500266,0.3465346534653465,0.00980392156862745,0.025679501090020714,0.0,0.0,0.9801980198019802
RF_single_with_coords,spatial,True,Egernia mcpheei,2,1,balanced,,sqrt,1,500,103,1,0.0647342719113414,0.8137254901960784,0.05,0.01545673786457281,0.0,0.0,0.9901960784313726
RF_single_with_coords,spatial,True,Egernia mcpheei,2,2,balanced,,sqrt,1,500,103,2,0.15458677457414385,0.6485148514851484,0.5097087378640777,0.01335702912680583,0.6666666666666666,0.5,1.0
RF_single_with_coords,spatial,True,Egernia mcpheei,2,3,balanced,,sqrt,1,500,103,1,0.0445367776809529,0.9705882352941176,0.25,0.012063728155776702,0.0,0.0,1.0
RF_single_with_coords,spatial,True,Egernia mcpheei,2,4,balanced,,sqrt,1,500,102,1,0.037259961170415606,1.0,1.0,0.0090933333337451,0.6666666666666666,1.0,0.9900990099009901
RF_single_with_coords,spatial,True,Egernia mcpheei,2,5,balanced,,sqrt,1,500,102,1,0.1853739014028021,0.297029702970297,0.00980392156862745,0.025744686275107845,0.0,0.0,0.9702970297029703
RF_single_with_coords,spatial,True,Egernia mcpheei,3,1,balanced,,sqrt,5,300,103,1,0.09670159037260426,0.9411764705882353,0.14285714285714285,0.02413417781763363,0.0,0.0,0.9803921568627451
RF_single_with_coords,spatial,True,Egernia mcpheei,3,2,balanced,,sqrt,5,300,103,2,0.133874971274511,0.6386138613861386,0.5133333333333333,0.02729771516261899,0.4,0.5,0.9801980198019802
RF_single_with_coords,spatial,True,Egernia mcpheei,3,3,balanced,,sqrt,5,300,103,1,0.0961742724887946,0.9803921568627452,0.3333333333333333,0.02035002812310678,0.5,1.0,0.9803921568627451
RF_single_with_coords,spatial,True,Egernia mcpheei,3,4,balanced,,sqrt,5,300,102,1,0.1300081172716254,1.0,1.0,0.03388931195260708,0.2857142857142857,1.0,0.9504950495049505
RF_single_with_coords,spatial,True,Egernia mcpheei,3,5,balanced,,sqrt,5,300,102,1,0.17720963365596948,0.24257425742574257,0.01282051282051282,0.04586181743435751,0.0,0.0,0.9405940594059405
RF_single_with_coords,spatial,True,Egernia mcpheei,4,1,balanced,,sqrt,5,500,103,1,0.09751000865035112,0.9313725490196079,0.125,0.024473747420082768,0.0,0.0,0.9803921568627451
RF_single_with_coords,spatial,True,Egernia mcpheei,4,2,balanced,,sqrt,5,500,103,2,0.1224174498928635,0.6534653465346535,0.5138888888888888,0.026366857799604317,0.4,0.5,0.9801980198019802
RF_single_with_coords,spatial,True,Egernia mcpheei,4,3,balanced,,sqrt,5,500,103,1,0.09482681190434794,0.9803921568627452,0.3333333333333333,0.019962447208212646,0.5,1.0,0.9803921568627451
RF_single_with_coords,spatial,True,Egernia mcpheei,4,4,balanced,,sqrt,5,500,102,1,0.130483402526268,1.0,1.0,0.0340197951051744,0.2857142857142857,1.0,0.9504950495049505
RF_single_with_coords,spatial,True,Egernia mcpheei,4,5,balanced,,sqrt,5,500,102,1,0.17983171769439701,0.22277227722772275,0.0125,0.04533509323553426,0.0,0.0,0.9405940594059405
RF_single_with_coords,spatial,True,Egernia mcpheei,5,1,balanced,20.0,sqrt,1,300,103,1,0.06161472422247146,0.8823529411764706,0.06666666666666667,0.015521035599258902,0.0,0.0,0.9901960784313726
RF_single_with_coords,spatial,True,Egernia mcpheei,5,2,balanced,20.0,sqrt,1,300,103,2,0.15409415570859375,0.6608910891089108,0.5097087378640777,0.013106237325344133,0.6666666666666666,0.5,1.0
RF_single_with_coords,spatial,True,Egernia mcpheei,5,3,balanced,20.0,sqrt,1,300,103,1,0.044769630571615454,0.9705882352941175,0.25,0.012015102481626759,0.0,0.0,1.0
RF_single_with_coords,spatial,True,Egernia mcpheei,5,4,balanced,20.0,sqrt,1,300,102,1,0.03773821985002727,0.9900990099009901,0.5,0.00948387799609368,0.6666666666666666,1.0,0.9900990099009901
RF_single_with_coords,spatial,True,Egernia mcpheei,5,5,balanced,20.0,sqrt,1,300,102,1,0.1856874904500266,0.3465346534653465,0.00980392156862745,0.025679501090020714,0.0,0.0,0.9801980198019802
RF_single_with_coords,spatial,True,Egernia mcpheei,6,1,balanced,20.0,sqrt,1,500,103,1,0.0647342719113414,0.8137254901960784,0.05,0.01545673786457281,0.0,0.0,0.9901960784313726
RF_single_with_coords,spatial,True,Egernia mcpheei,6,2,balanced,20.0,sqrt,1,500,103,2,0.15458677457414385,0.6485148514851484,0.5097087378640777,0.01335702912680583,0.6666666666666666,0.5,1.0
RF_single_with_coords,spatial,True,Egernia mcpheei,6,3,balanced,20.0,sqrt,1,500,103,1,0.0445367776809529,0.9705882352941176,0.25,0.012063728155776702,0.0,0.0,1.0
RF_single_with_coords,spatial,True,Egernia mcpheei,6,4,balanced,20.0,sqrt,1,500,102,1,0.037259961170415606,1.0,1.0,0.0090933333337451,0.6666666666666666,1.0,0.9900990099009901
RF_single_with_coords,spatial,True,Egernia mcpheei,6,5,balanced,20.0,sqrt,1,500,102,1,0.1853739014028021,0.297029702970297,0.00980392156862745,0.025744686275107845,0.0,0.0,0.9702970297029703
RF_single_with_coords,spatial,True,Egernia mcpheei,7,1,balanced,20.0,sqrt,5,300,103,1,0.09670159037260426,0.9411764705882353,0.14285714285714285,0.024134177817633638,0.0,0.0,0.9803921568627451
RF_single_with_coords,spatial,True,Egernia mcpheei,7,2,balanced,20.0,sqrt,5,300,103,2,0.133874971274511,0.6386138613861386,0.5133333333333333,0.027297715162618984,0.4,0.5,0.9801980198019802
RF_single_with_coords,spatial,True,Egernia mcpheei,7,3,balanced,20.0,sqrt,5,300,103,1,0.09617427248879461,0.9803921568627452,0.3333333333333333,0.020350028123106784,0.5,1.0,0.9803921568627451
RF_single_with_coords,spatial,True,Egernia mcpheei,7,4,balanced,20.0,sqrt,5,300,102,1,0.1300081172716254,1.0,1.0,0.033889311952607075,0.2857142857142857,1.0,0.9504950495049505
RF_single_with_coords,spatial,True,Egernia mcpheei,7,5,balanced,20.0,sqrt,5,300,102,1,0.1772096336559695,0.24257425742574257,0.01282051282051282,0.045861817434357494,0.0,0.0,0.9405940594059405
RF_single_with_coords,spatial,True,Egernia mcpheei,8,1,balanced,20.0,sqrt,5,500,103,1,0.09751000865035112,0.9313725490196079,0.125,0.024473747420082768,0.0,0.0,0.9803921568627451
RF_single_with_coords,spatial,True,Egernia mcpheei,8,2,balanced,20.0,sqrt,5,500,103,2,0.1224174498928635,0.6534653465346535,0.5138888888888888,0.026366857799604317,0.4,0.5,0.9801980198019802
RF_single_with_coords,spatial,True,Egernia mcpheei,8,3,balanced,20.0,sqrt,5,500,103,1,0.09482681190434794,0.9803921568627452,0.3333333333333333,0.019962447208212646,0.5,1.0,0.9803921568627451
RF_single_with_coords,spatial,True,Egernia mcpheei,8,4,balanced,20.0,sqrt,5,500,102,1,0.13048340252626797,1.0,1.0,0.03401979510517439,0.2857142857142857,1.0,0.9504950495049505
RF_single_with_coords,spatial,True,Egernia mcpheei,8,5,balanced,20.0,sqrt,5,500,102,1,0.17983171769439701,0.22277227722772275,0.0125,0.04533509323553425,0.0,0.0,0.9405940594059405
RF_single_with_coords,spatial,True,Eulamprus murrayi,1,1,balanced,,sqrt,1,300,102,0,0.01582825376732776,,,0.0017399782140468418,0.0,,1.0
RF_single_with_coords,spatial,True,Eulamprus murrayi,1,2,balanced,,sqrt,1,300,103,1,0.14670763157082764,0.33333333333333337,0.009708737864077669,0.01069965695859871,0.0,0.0,1.0
RF_single_with_coords,spatial,True,Eulamprus murrayi,1,3,balanced,,sqrt,1,300,103,1,0.15346060503100664,0.3382352941176471,0.009708737864077669,0.013442699029805832,0.0,0.0,0.9901960784313726
RF_single_with_coords,spatial,True,Eulamprus murrayi,1,4,balanced,,sqrt,1,300,102,0,0.02815213489465555,,,0.004166230937319172,0.0,,1.0
RF_single_with_coords,spatial,True,Eulamprus murrayi,1,5,balanced,,sqrt,1,300,103,1,0.14015251690564146,0.36764705882352944,0.009708737864077669,0.009960498382614891,0.0,0.0,1.0
RF_single_with_coords,spatial,True,Eulamprus murrayi,2,1,balanced,,sqrt,1,500,102,0,0.016096457541020324,,,0.0018239215691078438,0.0,,1.0
RF_single_with_coords,spatial,True,Eulamprus murrayi,2,2,balanced,,sqrt,1,500,103,1,0.14696764974408505,0.3088235294117647,0.009708737864077669,0.010744912621980587,0.0,0.0,1.0
RF_single_with_coords,spatial,True,Eulamprus murrayi,2,3,balanced,,sqrt,1,500,103,1,0.15278490518668836,0.3088235294117647,0.009708737864077669,0.013132640777320388,0.0,0.0,1.0
RF_single_with_coords,spatial,True,Eulamprus murrayi,2,4,balanced,,sqrt,1,500,102,0,0.02817499711698871,,,0.004092313725921569,0.0,,1.0
RF_single_with_coords,spatial,True,Eulamprus murrayi,2,5,balanced,,sqrt,1,500,103,1,0.1404574612971033,0.3529411764705882,0.009708737864077669,0.009998349515271848,0.0,0.0,1.0
RF_single_with_coords,spatial,True,Eulamprus murrayi,3,1,balanced,,sqrt,5,300,102,0,0.08326634579683184,,,0.015810026598402076,0.0,,0.9901960784313726
RF_single_with_coords,spatial,True,Eulamprus murrayi,3,2,balanced,,sqrt,5,300,103,1,0.19676424438018245,0.13725490196078433,0.009708737864077669,0.022214573398319358,0.0,0.0,1.0
RF_single_with_coords,spatial,True,Eulamprus murrayi,3,3,balanced,,sqrt,5,300,103,1,0.12419776600629853,0.4901960784313726,0.018867924528301886,0.029643667553096515,0.0,0.0,0.9901960784313726
RF_single_with_coords,spatial,True,Eulamprus murrayi,3,4,balanced,,sqrt,5,300,102,0,0.10988547912805084,,,0.02547130872838585,0.0,,0.9803921568627451
RF_single_with_coords,spatial,True,Eulamprus murrayi,3,5,balanced,,sqrt,5,300,103,1,0.18350009894046726,0.22549019607843135,0.009708737864077669,0.01904797920983849,0.0,0.0,1.0
RF_single_with_coords,spatial,True,Eulamprus murrayi,4,1,balanced,,sqrt,5,500,102,0,0.0849823078592653,,,0.016352365820057314,0.0,,0.9901960784313726
RF_single_with_coords,spatial,True,Eulamprus murrayi,4,2,balanced,,sqrt,5,500,103,1,0.19648171188474128,0.09313725490196079,0.009708737864077669,0.022618896058736803,0.0,0.0,1.0
RF_single_with_coords,spatial,True,Eulamprus murrayi,4,3,balanced,,sqrt,5,500,103,1,0.12379470714907524,0.4607843137254902,0.017857142857142856,0.029245091817718456,0.0,0.0,0.9901960784313726
RF_single_with_coords,spatial,True,Eulamprus murrayi,4,4,balanced,,sqrt,5,500,102,0,0.10980962500596401,,,0.025407675182195034,0.0,,0.9803921568627451
RF_single_with_coords,spatial,True,Eulamprus murrayi,4,5,balanced,,sqrt,5,500,103,1,0.18402372562447314,0.18627450980392157,0.009708737864077669,0.019022629327076566,0.0,0.0,1.0
RF_single_with_coords,spatial,True,Eulamprus murrayi,5,1,balanced,20.0,sqrt,1,300,102,0,0.01582825376732776,,,0.0017399782140468418,0.0,,1.0
RF_single_with_coords,spatial,True,Eulamprus murrayi,5,2,balanced,20.0,sqrt,1,300,103,1,0.14670763157082764,0.33333333333333337,0.009708737864077669,0.01069965695859871,0.0,0.0,1.0
RF_single_with_coords,spatial,True,Eulamprus murrayi,5,3,balanced,20.0,sqrt,1,300,103,1,0.15346060503100664,0.3382352941176471,0.009708737864077669,0.013442699029805832,0.0,0.0,0.9901960784313726
RF_single_with_coords,spatial,True,Eulamprus murrayi,5,4,balanced,20.0,sqrt,1,300,102,0,0.02815213489465555,,,0.004166230937319172,0.0,,1.0
RF_single_with_coords,spatial,True,Eulamprus murrayi,5,5,balanced,20.0,sqrt,1,300,103,1,0.14015251690564146,0.36764705882352944,0.009708737864077669,0.009960498382614891,0.0,0.0,1.0
RF_single_with_coords,spatial,True,Eulamprus murrayi,6,1,balanced,20.0,sqrt,1,500,102,0,0.016096457541020324,,,0.0018239215691078438,0.0,,1.0
RF_single_with_coords,spatial,True,Eulamprus murrayi,6,2,balanced,20.0,sqrt,1,500,103,1,0.14696764974408505,0.3088235294117647,0.009708737864077669,0.010744912621980587,0.0,0.0,1.0
RF_single_with_coords,spatial,True,Eulamprus murrayi,6,3,balanced,20.0,sqrt,1,500,103,1,0.15278490518668836,0.3088235294117647,0.009708737864077669,0.013132640777320388,0.0,0.0,1.0
RF_single_with_coords,spatial,True,Eulamprus murrayi,6,4,balanced,20.0,sqrt,1,500,102,0,0.02817499711698871,,,0.004092313725921569,0.0,,1.0
RF_single_with_coords,spatial,True,Eulamprus murrayi,6,5,balanced,20.0,sqrt,1,500,103,1,0.1404574612971033,0.3529411764705882,0.009708737864077669,0.009998349515271848,0.0,0.0,1.0
RF_single_with_coords,spatial,True,Eulamprus murrayi,7,1,balanced,20.0,sqrt,5,300,102,0,0.08326634579683183,,,0.015810026598402076,0.0,,0.9901960784313726
RF_single_with_coords,spatial,True,Eulamprus murrayi,7,2,balanced,20.0,sqrt,5,300,103,1,0.19676424438018245,0.13725490196078433,0.009708737864077669,0.02221457339831936,0.0,0.0,1.0
RF_single_with_coords,spatial,True,Eulamprus murrayi,7,3,balanced,20.0,sqrt,5,300,103,1,0.12419776600629852,0.4901960784313726,0.018867924528301886,0.0296436675530965,0.0,0.0,0.9901960784313726
RF_single_with_coords,spatial,True,Eulamprus murrayi,7,4,balanced,20.0,sqrt,5,300,102,0,0.10988547912805083,,,0.025471308728385846,0.0,,0.9803921568627451
RF_single_with_coords,spatial,True,Eulamprus murrayi,7,5,balanced,20.0,sqrt,5,300,103,1,0.18350009894046726,0.22549019607843135,0.009708737864077669,0.019047979209838486,0.0,0.0,1.0
RF_single_with_coords,spatial,True,Eulamprus murrayi,8,1,balanced,20.0,sqrt,5,500,102,0,0.0849823078592653,,,0.01635236582005731,0.0,,0.9901960784313726
RF_single_with_coords,spatial,True,Eulamprus murrayi,8,2,balanced,20.0,sqrt,5,500,103,1,0.19648171188474128,0.09313725490196079,0.009708737864077669,0.0226188960587368,0.0,0.0,1.0
RF_single_with_coords,spatial,True,Eulamprus murrayi,8,3,balanced,20.0,sqrt,5,500,103,1,0.12379470714907521,0.4607843137254902,0.017857142857142856,0.029245091817718456,0.0,0.0,0.9901960784313726
RF_single_with_coords,spatial,True,Eulamprus murrayi,8,4,balanced,20.0,sqrt,5,500,102,0,0.10980962500596401,,,0.025407675182195038,0.0,,0.9803921568627451
RF_single_with_coords,spatial,True,Eulamprus murrayi,8,5,balanced,20.0,sqrt,5,500,103,1,0.18402372562447314,0.18627450980392157,0.009708737864077669,0.019022629327076566,0.0,0.0,1.0
RF_single_with_coords,spatial,True,Ophioscincus truncatus,1,1,balanced,,sqrt,1,300,103,20,0.39046307438316513,0.841566265060241,0.6833916773852469,0.12206289104639592,0.6842105263157895,0.65,0.9397590361445783
RF_single_with_coords,spatial,True,Ophioscincus truncatus,1,2,balanced,,sqrt,1,300,102,20,0.4546702139410986,0.7295731707317074,0.5213230031309981,0.14053104575168301,0.47058823529411764,0.4,0.926829268292683
RF_single_with_coords,spatial,True,Ophioscincus truncatus,1,3,balanced,,sqrt,1,300,102,20,0.41692980292719967,0.8460365853658536,0.634133221440928,0.13347919389982135,0.5777777777777777,0.65,0.8536585365853658
RF_single_with_coords,spatial,True,Ophioscincus truncatus,1,4,balanced,,sqrt,1,300,102,20,0.472237795633058,0.7753048780487806,0.4480963396145418,0.1588350762527429,0.47619047619047616,0.5,0.8536585365853658
RF_single_with_coords,spatial,True,Ophioscincus truncatus,1,5,balanced,,sqrt,1,300,104,21,0.4309714422863801,0.7977624784853701,0.5020102007979794,0.14470876068377028,0.46511627906976744,0.47619047619047616,0.8554216867469879
RF_single_with_coords,spatial,True,Ophioscincus truncatus,2,1,balanced,,sqrt,1,500,103,20,0.3832543778010069,0.8460843373493976,0.6873277570172103,0.11933417475729127,0.6666666666666666,0.65,0.927710843373494
RF_single_with_coords,spatial,True,Ophioscincus truncatus,2,2,balanced,,sqrt,1,500,102,20,0.4517431190214156,0.7463414634146343,0.5189877987634404,0.13977611764708822,0.47058823529411764,0.4,0.926829268292683
RF_single_with_coords,spatial,True,Ophioscincus truncatus,2,3,balanced,,sqrt,1,500,102,20,0.4125735682576973,0.850609756097561,0.6391831705189234,0.13226796078433337,0.5531914893617021,0.65,0.8292682926829268
RF_single_with_coords,spatial,True,Ophioscincus truncatus,2,4,balanced,,sqrt,1,500,102,20,0.46640072376215125,0.7753048780487806,0.43398875150441024,0.1563184705882353,0.4878048780487805,0.5,0.8658536585365854
RF_single_with_coords,spatial,True,Ophioscincus truncatus,2,5,balanced,,sqrt,1,500,104,21,0.43593922263727225,0.7928858290304073,0.4878191146415195,0.1463170000000096,0.4186046511627907,0.42857142857142855,0.8433734939759037
RF_single_with_coords,spatial,True,Ophioscincus truncatus,3,1,balanced,,sqrt,5,300,103,20,0.42230984580349024,0.8469879518072289,0.6872412256703662,0.13431246926139684,0.5581395348837209,0.6,0.8674698795180723
RF_single_with_coords,spatial,True,Ophioscincus truncatus,3,2,balanced,,sqrt,5,300,102,20,0.4829954506225792,0.7335365853658536,0.5198870907360539,0.15712447914943609,0.41025641025641024,0.4,0.8658536585365854
RF_single_with_coords,spatial,True,Ophioscincus truncatus,3,3,balanced,,sqrt,5,300,102,20,0.48604664391084446,0.8451219512195123,0.6245077551850737,0.16237516345416764,0.5357142857142857,0.75,0.7439024390243902
RF_single_with_coords,spatial,True,Ophioscincus truncatus,3,4,balanced,,sqrt,5,300,102,20,0.5019220112115669,0.7756097560975609,0.44428294791273004,0.16845077181552595,0.5306122448979592,0.65,0.8048780487804879
RF_single_with_coords,spatial,True,Ophioscincus truncatus,3,5,balanced,,sqrt,5,300,104,21,0.4675739663417051,0.8089500860585198,0.5816788224222494,0.1553562613016849,0.4897959183673469,0.5714285714285714,0.8072289156626506
RF_single_with_coords,spatial,True,Ophioscincus truncatus,4,1,balanced,,sqrt,5,500,103,20,0.4223693674419254,0.8433734939759037,0.6810588883438609,0.13402389052448,0.5581395348837209,0.6,0.8674698795180723
RF_single_with_coords,spatial,True,Ophioscincus truncatus,4,2,balanced,,sqrt,5,500,102,20,0.4807146275364139,0.7384146341463415,0.5232386387043015,0.15703329882197514,0.4,0.4,0.8536585365853658
RF_single_with_coords,spatial,True,Ophioscincus truncatus,4,3,balanced,,sqrt,5,500,102,20,0.4881207358944865,0.8463414634146341,0.6285178799118892,0.16328844640984533,0.5357142857142857,0.75,0.7439024390243902
RF_single_with_coords,spatial,True,Ophioscincus truncatus,4,4,balanced,,sqrt,5,500,102,20,0.5034769137901528,0.774390243902439,0.4375163994732577,0.16894915457817045,0.56,0.7,0.8048780487804879
RF_single_with_coords,spatial,True,Ophioscincus truncatus,4,5,balanced,,sqrt,5,500,104,21,0.4700043076599259,0.8072289156626506,0.5792906751538012,0.15656503872728195,0.4897959183673469,0.5714285714285714,0.8072289156626506
RF_single_with_coords,spatial,True,Ophioscincus truncatus,5,1,balanced,20.0,sqrt,1,300,103,20,0.3904437833795992,0.8409638554216867,0.6822805662741358,0.1219638776707698,0.6842105263157895,0.65,0.9397590361445783
RF_single_with_coords,spatial,True,Ophioscincus truncatus,5,2,balanced,20.0,sqrt,1,300,102,20,0.4548547103849571,0.7292682926829269,0.5210828901366478,0.14056464267467716,0.47058823529411764,0.4,0.926829268292683
RF_single_with_coords,spatial,True,Ophioscincus truncatus,5,3,balanced,20.0,sqrt,1,300,102,20,0.41688868727308803,0.8466463414634146,0.635930607061843,0.13342325640822664,0.5777777777777777,0.65,0.8536585365853658
RF_single_with_coords,spatial,True,Ophioscincus truncatus,5,4,balanced,20.0,sqrt,1,300,102,20,0.4727465610643661,0.7740853658536585,0.4428402051616756,0.1590021854575359,0.47619047619047616,0.5,0.8536585365853658
RF_single_with_coords,spatial,True,Ophioscincus truncatus,5,5,balanced,20.0,sqrt,1,300,104,21,0.43119596669287996,0.7983362019506598,0.5031631477581848,0.1446873544264794,0.46511627906976744,0.47619047619047616,0.8554216867469879
RF_single_with_coords,spatial,True,Ophioscincus truncatus,6,1,balanced,20.0,sqrt,1,500,103,20,0.383328714878589,0.8460843373493976,0.686512032973585,0.11930611444507094,0.6666666666666666,0.65,0.927710843373494
RF_single_with_coords,spatial,True,Ophioscincus truncatus,6,2,balanced,20.0,sqrt,1,500,102,20,0.4518460395507629,0.7460365853658536,0.5187394060106642,0.13979346335635962,0.47058823529411764,0.4,0.926829268292683
RF_single_with_coords,spatial,True,Ophioscincus truncatus,6,3,balanced,20.0,sqrt,1,500,102,20,0.41216891030480507,0.8509146341463415,0.6414748371855901,0.1320809529169889,0.5531914893617021,0.65,0.8292682926829268
RF_single_with_coords,spatial,True,Ophioscincus truncatus,6,4,balanced,20.0,sqrt,1,500,102,20,0.466407226500552,0.775,0.4334731376058022,0.15639590814847043,0.4878048780487805,0.5,0.8658536585365854
RF_single_with_coords,spatial,True,Ophioscincus truncatus,6,5,balanced,20.0,sqrt,1,500,104,21,0.435670807559199,0.7931726907630521,0.48892783329855105,0.14618128891392587,0.4186046511627907,0.42857142857142855,0.8433734939759037
RF_single_with_coords,spatial,True,Ophioscincus truncatus,7,1,balanced,20.0,sqrt,5,300,103,20,0.42230984580349024,0.8469879518072289,0.6872412256703662,0.13431246926139684,0.5581395348837209,0.6,0.8674698795180723
RF_single_with_coords,spatial,True,Ophioscincus truncatus,7,2,balanced,20.0,sqrt,5,300,102,20,0.4829954506225792,0.7335365853658536,0.5198870907360539,0.15712447914943606,0.41025641025641024,0.4,0.8658536585365854
RF_single_with_coords,spatial,True,Ophioscincus truncatus,7,3,balanced,20.0,sqrt,5,300,102,20,0.48604664391084457,0.8451219512195123,0.6245077551850737,0.16237516345416766,0.5357142857142857,0.75,0.7439024390243902
RF_single_with_coords,spatial,True,Ophioscincus truncatus,7,4,balanced,20.0,sqrt,5,300,102,20,0.5019220112115669,0.7756097560975609,0.44428294791273004,0.16845077181552595,0.5306122448979592,0.65,0.8048780487804879
RF_single_with_coords,spatial,True,Ophioscincus truncatus,7,5,balanced,20.0,sqrt,5,300,104,21,0.4675739663417051,0.8089500860585198,0.5816788224222494,0.1553562613016849,0.4897959183673469,0.5714285714285714,0.8072289156626506
RF_single_with_coords,spatial,True,Ophioscincus truncatus,8,1,balanced,20.0,sqrt,5,500,103,20,0.4223693674419254,0.8433734939759037,0.6810588883438609,0.13402389052448,0.5581395348837209,0.6,0.8674698795180723
RF_single_with_coords,spatial,True,Ophioscincus truncatus,8,2,balanced,20.0,sqrt,5,500,102,20,0.4807146275364141,0.7384146341463415,0.5232386387043015,0.1570332988219752,0.4,0.4,0.8536585365853658
RF_single_with_coords,spatial,True,Ophioscincus truncatus,8,3,balanced,20.0,sqrt,5,500,102,20,0.48812073589448657,0.8463414634146341,0.6285178799118892,0.16328844640984536,0.5357142857142857,0.75,0.7439024390243902
RF_single_with_coords,spatial,True,Ophioscincus truncatus,8,4,balanced,20.0,sqrt,5,500,102,20,0.5034769137901528,0.774390243902439,0.4375163994732577,0.1689491545781705,0.56,0.7,0.8048780487804879
RF_single_with_coords,spatial,True,Ophioscincus truncatus,8,5,balanced,20.0,sqrt,5,500,104,21,0.4700043076599259,0.8072289156626506,0.5792906751538012,0.15656503872728195,0.4897959183673469,0.5714285714285714,0.8072289156626506
RF_single_with_coords,spatial,True,Pseudechis porphyricaus,1,1,balanced,,sqrt,1,300,103,2,0.10818521796056971,0.7846534653465347,0.14825581395348836,0.026718878101606253,0.0,0.0,0.9801980198019802
RF_single_with_coords,spatial,True,Pseudechis porphyricaus,1,2,balanced,,sqrt,1,300,102,2,0.25196626080080137,0.43499999999999994,0.024955436720142603,0.034913705882705884,0.0,0.0,0.99
RF_single_with_coords,spatial,True,Pseudechis porphyricaus,1,3,balanced,,sqrt,1,300,102,2,0.07727783617747826,0.9349999999999999,0.3214285714285714,0.017576143791045752,0.5,0.5,0.99
RF_single_with_coords,spatial,True,Pseudechis porphyricaus,1,4,balanced,,sqrt,1,300,103,3,0.08333005917812768,0.8733333333333333,0.6899224806201549,0.017631067961427188,0.8,0.6666666666666666,1.0
RF_single_with_coords,spatial,True,Pseudechis porphyricaus,1,5,balanced,,sqrt,1,300,103,3,0.22057114113489543,0.7133333333333334,0.4541531823085221,0.03383644228730637,0.2857142857142857,0.3333333333333333,0.97
RF_single_with_coords,spatial,True,Pseudechis porphyricaus,2,1,balanced,,sqrt,1,500,103,2,0.10846391438030578,0.7722772277227723,0.14722222222222223,0.026962485437038837,0.0,0.0,0.9801980198019802
RF_single_with_coords,spatial,True,Pseudechis porphyricaus,2,2,balanced,,sqrt,1,500,102,2,0.25373752567376734,0.3575,0.021999043519846963,0.034723078431588235,0.0,0.0,0.99
RF_single_with_coords,spatial,True,Pseudechis porphyricaus,2,3,balanced,,sqrt,1,500,102,2,0.0785779685063188,0.9375,0.3214285714285714,0.017889647058960786,0.0,0.0,0.99
RF_single_with_coords,spatial,True,Pseudechis porphyricaus,2,4,balanced,,sqrt,1,500,103,3,0.08164524087197589,0.8883333333333333,0.6929824561403508,0.01754147572835922,0.8,0.6666666666666666,1.0
RF_single_with_coords,spatial,True,Pseudechis porphyricaus,2,5,balanced,,sqrt,1,500,103,3,0.21925973785715303,0.7033333333333334,0.47637540453074434,0.033217844660475726,0.2857142857142857,0.3333333333333333,0.97
RF_single_with_coords,spatial,True,Pseudechis porphyricaus,3,1,balanced,,sqrt,5,300,103,2,0.23667588502480003,0.7326732673267327,0.18518518518518517,0.06269322541935261,0.25,0.5,0.9504950495049505
RF_single_with_coords,spatial,True,Pseudechis porphyricaus,3,2,balanced,,sqrt,5,300,102,2,0.3255202043758623,0.3075,0.02230392156862745,0.05934733671636022,0.0,0.0,0.96
RF_single_with_coords,spatial,True,Pseudechis porphyricaus,3,3,balanced,,sqrt,5,300,102,2,0.1836187637014769,0.985,0.5,0.044624280381420786,0.6666666666666666,1.0,0.98
RF_single_with_coords,spatial,True,Pseudechis porphyricaus,3,4,balanced,,sqrt,5,300,103,3,0.16698497511598762,0.8666666666666667,0.6899224806201549,0.04054032683710009,0.5,0.6666666666666666,0.97
RF_single_with_coords,spatial,True,Pseudechis porphyricaus,3,5,balanced,,sqrt,5,300,103,3,0.2252878558876443,0.7166666666666667,0.4784313725490196,0.05875841925973543,0.4,0.6666666666666666,0.95
RF_single_with_coords,spatial,True,Pseudechis porphyricaus,4,1,balanced,,sqrt,5,500,103,2,0.231330724367244,0.7871287128712872,0.18992248062015504,0.06078294070577539,0.25,0.5,0.9504950495049505
RF_single_with_coords,spatial,True,Pseudechis porphyricaus,4,2,balanced,,sqrt,5,500,102,2,0.3236081072946726,0.3275,0.02369281045751634,0.059078456067499396,0.0,0.0,0.96
RF_single_with_coords,spatial,True,Pseudechis porphyricaus,4,3,balanced,,sqrt,5,500,102,2,0.18404754557325986,0.985,0.5,0.04478168516010853,0.6666666666666666,1.0,0.98
RF_single_with_coords,spatial,True,Pseudechis porphyricaus,4,4,balanced,,sqrt,5,500,103,3,0.16874422003206546,0.87,0.6904761904761905,0.04115504475296991,0.4444444444444444,0.6666666666666666,0.96
RF_single_with_coords,spatial,True,Pseudechis porphyricaus,4,5,balanced,,sqrt,5,500,103,3,0.22311040280712563,0.7199999999999999,0.45649263721552874,0.05864449804417376,0.4,0.6666666666666666,0.95
RF_single_with_coords,spatial,True,Pseudechis porphyricaus,5,1,balanced,20.0,sqrt,1,300,103,2,0.10818521796056971,0.7846534653465347,0.14825581395348836,0.026718878101606253,0.0,0.0,0.9801980198019802
RF_single_with_coords,spatial,True,Pseudechis porphyricaus,5,2,balanced,20.0,sqrt,1,300,102,2,0.25196626080080137,0.43499999999999994,0.024955436720142603,0.034913705882705884,0.0,0.0,0.99
RF_single_with_coords,spatial,True,Pseudechis porphyricaus,5,3,balanced,20.0,sqrt,1,300,102,2,0.07727783617747826,0.9349999999999999,0.3214285714285714,0.017576143791045752,0.5,0.5,0.99
RF_single_with_coords,spatial,True,Pseudechis porphyricaus,5,4,balanced,20.0,sqrt,1,300,103,3,0.08333005917812768,0.8733333333333333,0.6899224806201549,0.017631067961427188,0.8,0.6666666666666666,1.0
RF_single_with_coords,spatial,True,Pseudechis porphyricaus,5,5,balanced,20.0,sqrt,1,300,103,3,0.22057114113489543,0.7133333333333334,0.4541531823085221,0.03383644228730637,0.2857142857142857,0.3333333333333333,0.97
RF_single_with_coords,spatial,True,Pseudechis porphyricaus,6,1,balanced,20.0,sqrt,1,500,103,2,0.10846391438030578,0.7722772277227723,0.14722222222222223,0.026962485437038837,0.0,0.0,0.9801980198019802
RF_single_with_coords,spatial,True,Pseudechis porphyricaus,6,2,balanced,20.0,sqrt,1,500,102,2,0.25373752567376734,0.3575,0.021999043519846963,0.034723078431588235,0.0,0.0,0.99
RF_single_with_coords,spatial,True,Pseudechis porphyricaus,6,3,balanced,20.0,sqrt,1,500,102,2,0.0785779685063188,0.9375,0.3214285714285714,0.017889647058960786,0.0,0.0,0.99
RF_single_with_coords,spatial,True,Pseudechis porphyricaus,6,4,balanced,20.0,sqrt,1,500,103,3,0.08164524087197589,0.8883333333333333,0.6929824561403508,0.01754147572835922,0.8,0.6666666666666666,1.0
RF_single_with_coords,spatial,True,Pseudechis porphyricaus,6,5,balanced,20.0,sqrt,1,500,103,3,0.21925973785715303,0.7033333333333334,0.47637540453074434,0.033217844660475726,0.2857142857142857,0.3333333333333333,0.97
RF_single_with_coords,spatial,True,Pseudechis porphyricaus,7,1,balanced,20.0,sqrt,5,300,103,2,0.23667588502480003,0.7326732673267327,0.18518518518518517,0.06269322541935261,0.25,0.5,0.9504950495049505
RF_single_with_coords,spatial,True,Pseudechis porphyricaus,7,2,balanced,20.0,sqrt,5,300,102,2,0.32552020437586243,0.3075,0.02230392156862745,0.05934733671636025,0.0,0.0,0.96
RF_single_with_coords,spatial,True,Pseudechis porphyricaus,7,3,balanced,20.0,sqrt,5,300,102,2,0.18361876370147692,0.985,0.5,0.044624280381420786,0.6666666666666666,1.0,0.98
RF_single_with_coords,spatial,True,Pseudechis porphyricaus,7,4,balanced,20.0,sqrt,5,300,103,3,0.16698497511598762,0.8666666666666667,0.6899224806201549,0.0405403268371001,0.5,0.6666666666666666,0.97
RF_single_with_coords,spatial,True,Pseudechis porphyricaus,7,5,balanced,20.0,sqrt,5,300,103,3,0.2252878558876443,0.7166666666666667,0.4784313725490196,0.058758419259735434,0.4,0.6666666666666666,0.95
RF_single_with_coords,spatial,True,Pseudechis porphyricaus,8,1,balanced,20.0,sqrt,5,500,103,2,0.231330724367244,0.7871287128712872,0.18992248062015504,0.060782940705775404,0.25,0.5,0.9504950495049505
RF_single_with_coords,spatial,True,Pseudechis porphyricaus,8,2,balanced,20.0,sqrt,5,500,102,2,0.3236081072946726,0.3275,0.02369281045751634,0.059078456067499396,0.0,0.0,0.96
RF_single_with_coords,spatial,True,Pseudechis porphyricaus,8,3,balanced,20.0,sqrt,5,500,102,2,0.1840475455732599,0.985,0.5,0.044781685160108546,0.6666666666666666,1.0,0.98
RF_single_with_coords,spatial,True,Pseudechis porphyricaus,8,4,balanced,20.0,sqrt,5,500,103,3,0.16874422003206546,0.87,0.6904761904761905,0.04115504475296992,0.4444444444444444,0.6666666666666666,0.96
RF_single_with_coords,spatial,True,Pseudechis porphyricaus,8,5,balanced,20.0,sqrt,5,500,103,3,0.22311040280712563,0.7199999999999999,0.45649263721552874,0.058644498044173765,0.4,0.6666666666666666,0.95
RF_single_with_coords,spatial,True,Saltuarius swaini,1,1,balanced,,sqrt,1,300,103,2,0.11249937361235694,0.7326732673267327,0.04945054945054945,0.02654757281586408,0.0,0.0,0.9900990099009901
RF_single_with_coords,spatial,True,Saltuarius swaini,1,2,balanced,,sqrt,1,300,102,1,0.07386597572007518,0.5742574257425743,0.02,0.01229607843188235,0.0,0.0,1.0
RF_single_with_coords,spatial,True,Saltuarius swaini,1,3,balanced,,sqrt,1,300,103,2,0.1456053681564014,0.5396039603960396,0.02803030303030303,0.03177810140271305,0.0,0.0,0.9900990099009901
RF_single_with_coords,spatial,True,Saltuarius swaini,1,4,balanced,,sqrt,1,300,103,2,0.20071722789006552,0.5321782178217822,0.04817027632561613,0.026552407767359225,0.0,0.0,0.9900990099009901
RF_single_with_coords,spatial,True,Saltuarius swaini,1,5,balanced,,sqrt,1,300,102,1,0.17178968992075938,0.11386138613861385,0.00980392156862745,0.013684838780191723,0.0,0.0,1.0
RF_single_with_coords,spatial,True,Saltuarius swaini,2,1,balanced,,sqrt,1,500,103,2,0.11584878206370126,0.7079207920792079,0.047619047619047616,0.026782097087660193,0.0,0.0,0.9900990099009901
RF_single_with_coords,spatial,True,Saltuarius swaini,2,2,balanced,,sqrt,1,500,102,1,0.07911863486923468,0.5247524752475248,0.01818181818181818,0.012515921569088234,0.0,0.0,1.0
RF_single_with_coords,spatial,True,Saltuarius swaini,2,3,balanced,,sqrt,1,500,103,2,0.13367817780131389,0.6237623762376238,0.03611111111111111,0.03126885436916504,0.0,0.0,0.9900990099009901
RF_single_with_coords,spatial,True,Saltuarius swaini,2,4,balanced,,sqrt,1,500,103,2,0.19813982386758733,0.5222772277227723,0.05970873786407767,0.02587955339833009,0.0,0.0,0.9900990099009901
RF_single_with_coords,spatial,True,Saltuarius swaini,2,5,balanced,,sqrt,1,500,102,1,0.09735644373202723,0.24752475247524752,0.012345679012345678,0.01376717647079412,0.0,0.0,1.0
RF_single_with_coords,spatial,True,Saltuarius swaini,3,1,balanced,,sqrt,5,300,103,2,0.2028395676576553,0.5841584158415841,0.03380681818181818,0.05811172989008001,0.0,0.0,0.9603960396039604
RF_single_with_coords,spatial,True,Saltuarius swaini,3,2,balanced,,sqrt,5,300,102,1,0.1213020476204936,0.5445544554455446,0.02127659574468085,0.028782619613486708,0.0,0.0,0.9801980198019802
RF_single_with_coords,spatial,True,Saltuarius swaini,3,3,balanced,,sqrt,5,300,103,2,0.2165867284885654,0.6287128712871287,0.038867924528301886,0.061513427413561146,0.0,0.0,0.9603960396039604
RF_single_with_coords,spatial,True,Saltuarius swaini,3,4,balanced,,sqrt,5,300,103,2,0.2006265525244959,0.6039603960396039,0.059343434343434344,0.05521844094804812,0.0,0.0,0.9504950495049505
RF_single_with_coords,spatial,True,Saltuarius swaini,3,5,balanced,,sqrt,5,300,102,1,0.1700895112221232,0.7227722772277227,0.034482758620689655,0.037904368547536184,0.0,0.0,0.9900990099009901
RF_single_with_coords,spatial,True,Saltuarius swaini,4,1,balanced,,sqrt,5,500,103,2,0.2023844666909194,0.5841584158415841,0.03380681818181818,0.05764804049254908,0.0,0.0,0.9603960396039604
RF_single_with_coords,spatial,True,Saltuarius swaini,4,2,balanced,,sqrt,5,500,102,1,0.12708957020604847,0.4653465346534653,0.01818181818181818,0.028909383542948364,0.0,0.0,0.9801980198019802
RF_single_with_coords,spatial,True,Saltuarius swaini,4,3,balanced,,sqrt,5,500,103,2,0.21126527639341464,0.6435643564356436,0.03963893249607535,0.05958698363151838,0.0,0.0,0.9603960396039604
RF_single_with_coords,spatial,True,Saltuarius swaini,4,4,balanced,,sqrt,5,500,103,2,0.1973483519934445,0.6336633663366337,0.06492537313432836,0.05386302977856971,0.0,0.0,0.9504950495049505
RF_single_with_coords,spatial,True,Saltuarius swaini,4,5,balanced,,sqrt,5,500,102,1,0.171970831603233,0.7425742574257426,0.037037037037037035,0.038301348832793146,0.0,0.0,0.9900990099009901
RF_single_with_coords,spatial,True,Saltuarius swaini,5,1,balanced,20.0,sqrt,1,300,103,2,0.11249937361235694,0.7326732673267327,0.04945054945054945,0.02654757281586408,0.0,0.0,0.9900990099009901
RF_single_with_coords,spatial,True,Saltuarius swaini,5,2,balanced,20.0,sqrt,1,300,102,1,0.07386597572007518,0.5742574257425743,0.02,0.01229607843188235,0.0,0.0,1.0
RF_single_with_coords,spatial,True,Saltuarius swaini,5,3,balanced,20.0,sqrt,1,300,103,2,0.1456053681564014,0.5396039603960396,0.02803030303030303,0.03177810140271305,0.0,0.0,0.9900990099009901
RF_single_with_coords,spatial,True,Saltuarius swaini,5,4,balanced,20.0,sqrt,1,300,103,2,0.20071722789006552,0.5321782178217822,0.04817027632561613,0.026552407767359225,0.0,0.0,0.9900990099009901
RF_single_with_coords,spatial,True,Saltuarius swaini,5,5,balanced,20.0,sqrt,1,300,102,1,0.17178968992075938,0.11386138613861385,0.00980392156862745,0.013684838780191723,0.0,0.0,1.0
RF_single_with_coords,spatial,True,Saltuarius swaini,6,1,balanced,20.0,sqrt,1,500,103,2,0.11584878206370126,0.7079207920792079,0.047619047619047616,0.026782097087660193,0.0,0.0,0.9900990099009901
RF_single_with_coords,spatial,True,Saltuarius swaini,6,2,balanced,20.0,sqrt,1,500,102,1,0.07911863486923468,0.5247524752475248,0.01818181818181818,0.012515921569088234,0.0,0.0,1.0
RF_single_with_coords,spatial,True,Saltuarius swaini,6,3,balanced,20.0,sqrt,1,500,103,2,0.13367817780131389,0.6237623762376238,0.03611111111111111,0.03126885436916504,0.0,0.0,0.9900990099009901
RF_single_with_coords,spatial,True,Saltuarius swaini,6,4,balanced,20.0,sqrt,1,500,103,2,0.19813982386758733,0.5222772277227723,0.05970873786407767,0.02587955339833009,0.0,0.0,0.9900990099009901
RF_single_with_coords,spatial,True,Saltuarius swaini,6,5,balanced,20.0,sqrt,1,500,102,1,0.09735644373202723,0.24752475247524752,0.012345679012345678,0.01376717647079412,0.0,0.0,1.0
RF_single_with_coords,spatial,True,Saltuarius swaini,7,1,balanced,20.0,sqrt,5,300,103,2,0.2028395676576553,0.5841584158415841,0.03380681818181818,0.058111729890080024,0.0,0.0,0.9603960396039604
RF_single_with_coords,spatial,True,Saltuarius swaini,7,2,balanced,20.0,sqrt,5,300,102,1,0.1213020476204936,0.5445544554455446,0.02127659574468085,0.028782619613486708,0.0,0.0,0.9801980198019802
RF_single_with_coords,spatial,True,Saltuarius swaini,7,3,balanced,20.0,sqrt,5,300,103,2,0.2165867284885654,0.6287128712871287,0.038867924528301886,0.061513427413561146,0.0,0.0,0.9603960396039604
RF_single_with_coords,spatial,True,Saltuarius swaini,7,4,balanced,20.0,sqrt,5,300,103,2,0.20062655252449588,0.6039603960396039,0.059343434343434344,0.05521844094804812,0.0,0.0,0.9504950495049505
RF_single_with_coords,spatial,True,Saltuarius swaini,7,5,balanced,20.0,sqrt,5,300,102,1,0.1700895112221232,0.7227722772277227,0.034482758620689655,0.03790436854753619,0.0,0.0,0.9900990099009901
RF_single_with_coords,spatial,True,Saltuarius swaini,8,1,balanced,20.0,sqrt,5,500,103,2,0.2023844666909194,0.5841584158415841,0.03380681818181818,0.05764804049254908,0.0,0.0,0.9603960396039604
RF_single_with_coords,spatial,True,Saltuarius swaini,8,2,balanced,20.0,sqrt,5,500,102,1,0.12708957020604844,0.4653465346534653,0.01818181818181818,0.028909383542948364,0.0,0.0,0.9801980198019802
RF_single_with_coords,spatial,True,Saltuarius swaini,8,3,balanced,20.0,sqrt,5,500,103,2,0.21126527639341464,0.6435643564356436,0.03963893249607535,0.05958698363151837,0.0,0.0,0.9603960396039604
RF_single_with_coords,spatial,True,Saltuarius swaini,8,4,balanced,20.0,sqrt,5,500,103,2,0.19734835199344447,0.6336633663366337,0.06492537313432836,0.0538630297785697,0.0,0.0,0.9504950495049505
RF_single_with_coords,spatial,True,Saltuarius swaini,8,5,balanced,20.0,sqrt,5,500,102,1,0.171970831603233,0.7425742574257426,0.037037037037037035,0.03830134883279314,0.0,0.0,0.9900990099009901
