coordinate_setting,model,species,split_type,n_test_plots,k_neighbours,permutations,morans_i,permutation_p
with_coords,Logistic_multi_interactions_with_coords,Cacophis kreftii,random,128,8,999,0.09384719396247851,0.018
with_coords,Logistic_multi_interactions_with_coords,Cacophis kreftii,spatial,128,8,999,0.218424879757908,0.001
with_coords,Logistic_multi_interactions_with_coords,Calyptotis scutirostrum,random,128,8,999,-0.004972572089788018,0.929
with_coords,Logistic_multi_interactions_with_coords,Calyptotis scutirostrum,spatial,128,8,999,0.17283638703049758,0.001
with_coords,Logistic_multi_interactions_with_coords,Coeranoscincus reticulatus,random,128,8,999,0.1762896374051839,0.001
with_coords,Logistic_multi_interactions_with_coords,Coeranoscincus reticulatus,spatial,128,8,999,0.3328331092396059,0.001
with_coords,Logistic_multi_interactions_with_coords,Egernia mcpheei,random,128,8,999,-0.01482405871200354,0.716
with_coords,Logistic_multi_interactions_with_coords,Egernia mcpheei,spatial,128,8,999,0.035216081645157465,0.39
with_coords,Logistic_multi_interactions_with_coords,Eulamprus murrayi,random,128,8,999,0.0019125876625076268,0.893
with_coords,Logistic_multi_interactions_with_coords,Eulamprus murrayi,spatial,128,8,999,0.6684836879494541,0.001
with_coords,Logistic_multi_interactions_with_coords,Ophioscincus truncatus,random,128,8,999,0.13629529186511657,0.005
with_coords,Logistic_multi_interactions_with_coords,Ophioscincus truncatus,spatial,128,8,999,0.11549077360331005,0.006
with_coords,Logistic_multi_interactions_with_coords,Pseudechis porphyricaus,random,128,8,999,-0.003666356622265238,0.952
with_coords,Logistic_multi_interactions_with_coords,Pseudechis porphyricaus,spatial,128,8,999,0.004685408231398194,0.826
with_coords,Logistic_multi_interactions_with_coords,Saltuarius swaini,random,128,8,999,-0.03416105895886943,0.002
with_coords,Logistic_multi_interactions_with_coords,Saltuarius swaini,spatial,128,8,999,0.6415299602672243,0.001
with_coords,Logistic_multi_with_coords,Cacophis kreftii,random,128,8,999,0.06445414877964029,0.045
with_coords,Logistic_multi_with_coords,Cacophis kreftii,spatial,128,8,999,0.03478569966811458,0.058
with_coords,Logistic_multi_with_coords,Calyptotis scutirostrum,random,128,8,999,0.16006161687985318,0.003
with_coords,Logistic_multi_with_coords,Calyptotis scutirostrum,spatial,128,8,999,0.182390449150292,0.003
with_coords,Logistic_multi_with_coords,Coeranoscincus reticulatus,random,128,8,999,0.26553580417925693,0.001
with_coords,Logistic_multi_with_coords,Coeranoscincus reticulatus,spatial,128,8,999,0.4361186414318619,0.001
with_coords,Logistic_multi_with_coords,Egernia mcpheei,random,128,8,999,0.041748374284385444,0.147
with_coords,Logistic_multi_with_coords,Egernia mcpheei,spatial,128,8,999,-0.005868087221352503,0.848
with_coords,Logistic_multi_with_coords,Eulamprus murrayi,random,128,8,999,0.004430402597032349,0.76
with_coords,Logistic_multi_with_coords,Eulamprus murrayi,spatial,128,8,999,0.6603368465136068,0.001
with_coords,Logistic_multi_with_coords,Ophioscincus truncatus,random,128,8,999,0.15607468170468486,0.001
with_coords,Logistic_multi_with_coords,Ophioscincus truncatus,spatial,128,8,999,0.27943861974784034,0.001
with_coords,Logistic_multi_with_coords,Pseudechis porphyricaus,random,128,8,999,0.009583338959080402,0.955
with_coords,Logistic_multi_with_coords,Pseudechis porphyricaus,spatial,128,8,999,0.0002188878575131775,0.995
with_coords,Logistic_multi_with_coords,Saltuarius swaini,random,128,8,999,0.025089230135253972,0.031
with_coords,Logistic_multi_with_coords,Saltuarius swaini,spatial,128,8,999,0.6642282708405107,0.001
with_coords,Logistic_single_with_coords,Cacophis kreftii,random,128,8,999,0.11469291838224686,0.007
with_coords,Logistic_single_with_coords,Cacophis kreftii,spatial,128,8,999,0.12385883615569984,0.001
with_coords,Logistic_single_with_coords,Calyptotis scutirostrum,random,128,8,999,-0.01644118353357269,0.689
with_coords,Logistic_single_with_coords,Calyptotis scutirostrum,spatial,128,8,999,0.17284711419711654,0.002
with_coords,Logistic_single_with_coords,Coeranoscincus reticulatus,random,128,8,999,0.17516096907074422,0.001
with_coords,Logistic_single_with_coords,Coeranoscincus reticulatus,spatial,128,8,999,0.3775073269725477,0.001
with_coords,Logistic_single_with_coords,Egernia mcpheei,random,128,8,999,0.02497737355742894,0.48
with_coords,Logistic_single_with_coords,Egernia mcpheei,spatial,128,8,999,0.003419491808345715,0.927
with_coords,Logistic_single_with_coords,Eulamprus murrayi,random,128,8,999,-0.0031000252918535116,0.955
with_coords,Logistic_single_with_coords,Eulamprus murrayi,spatial,128,8,999,0.7069488677485257,0.001
with_coords,Logistic_single_with_coords,Ophioscincus truncatus,random,128,8,999,0.14649198048887827,0.002
with_coords,Logistic_single_with_coords,Ophioscincus truncatus,spatial,128,8,999,0.12152637845461706,0.004
with_coords,Logistic_single_with_coords,Pseudechis porphyricaus,random,128,8,999,0.0013325755879703147,0.973
with_coords,Logistic_single_with_coords,Pseudechis porphyricaus,spatial,128,8,999,-0.0004355829931609265,0.983
with_coords,Logistic_single_with_coords,Saltuarius swaini,random,128,8,999,-0.011634490807562937,0.118
with_coords,Logistic_single_with_coords,Saltuarius swaini,spatial,128,8,999,0.713184029954293,0.001
no_coords,Logistic_multi_interactions_no_coords,Cacophis kreftii,random,128,8,999,0.10983485543001203,0.014
no_coords,Logistic_multi_interactions_no_coords,Cacophis kreftii,spatial,128,8,999,0.33761787588770376,0.001
no_coords,Logistic_multi_interactions_no_coords,Calyptotis scutirostrum,random,128,8,999,0.05810515089893851,0.142
no_coords,Logistic_multi_interactions_no_coords,Calyptotis scutirostrum,spatial,128,8,999,0.16895780248663864,0.001
no_coords,Logistic_multi_interactions_no_coords,Coeranoscincus reticulatus,random,128,8,999,0.2316279323220643,0.001
no_coords,Logistic_multi_interactions_no_coords,Coeranoscincus reticulatus,spatial,128,8,999,0.43098953281465713,0.001
no_coords,Logistic_multi_interactions_no_coords,Egernia mcpheei,random,128,8,999,-0.015167184649317492,0.739
no_coords,Logistic_multi_interactions_no_coords,Egernia mcpheei,spatial,128,8,999,0.0764223465857309,0.039
no_coords,Logistic_multi_interactions_no_coords,Eulamprus murrayi,random,128,8,999,-0.003498447456523719,0.82
no_coords,Logistic_multi_interactions_no_coords,Eulamprus murrayi,spatial,128,8,999,0.29809622761657273,0.001
no_coords,Logistic_multi_interactions_no_coords,Ophioscincus truncatus,random,128,8,999,0.15213993294363498,0.003
no_coords,Logistic_multi_interactions_no_coords,Ophioscincus truncatus,spatial,128,8,999,0.0742957670318799,0.042
no_coords,Logistic_multi_interactions_no_coords,Pseudechis porphyricaus,random,128,8,999,-0.02423807542972381,0.484
no_coords,Logistic_multi_interactions_no_coords,Pseudechis porphyricaus,spatial,128,8,999,-0.0019018881896806972,0.941
no_coords,Logistic_multi_interactions_no_coords,Saltuarius swaini,random,128,8,999,-0.007269034621147603,0.528
no_coords,Logistic_multi_interactions_no_coords,Saltuarius swaini,spatial,128,8,999,0.4983830130128601,0.001
no_coords,Logistic_multi_no_coords,Cacophis kreftii,random,128,8,999,0.09260726035673646,0.027
no_coords,Logistic_multi_no_coords,Cacophis kreftii,spatial,128,8,999,0.07965001576706737,0.001
no_coords,Logistic_multi_no_coords,Calyptotis scutirostrum,random,128,8,999,0.18702867856522418,0.001
no_coords,Logistic_multi_no_coords,Calyptotis scutirostrum,spatial,128,8,999,0.14093099477822263,0.007
no_coords,Logistic_multi_no_coords,Coeranoscincus reticulatus,random,128,8,999,0.30784686940694767,0.001
no_coords,Logistic_multi_no_coords,Coeranoscincus reticulatus,spatial,128,8,999,0.4987746050527895,0.001
no_coords,Logistic_multi_no_coords,Egernia mcpheei,random,128,8,999,0.04214869369607241,0.142
no_coords,Logistic_multi_no_coords,Egernia mcpheei,spatial,128,8,999,-0.0032890867056754444,0.914
no_coords,Logistic_multi_no_coords,Eulamprus murrayi,random,128,8,999,-0.0002690557290628742,0.998
no_coords,Logistic_multi_no_coords,Eulamprus murrayi,spatial,128,8,999,0.6676714904499629,0.001
no_coords,Logistic_multi_no_coords,Ophioscincus truncatus,random,128,8,999,0.16758685194618678,0.001
no_coords,Logistic_multi_no_coords,Ophioscincus truncatus,spatial,128,8,999,0.16839979002340877,0.002
no_coords,Logistic_multi_no_coords,Pseudechis porphyricaus,random,128,8,999,-0.015817996542285325,0.864
no_coords,Logistic_multi_no_coords,Pseudechis porphyricaus,spatial,128,8,999,0.01740516021648311,0.5
no_coords,Logistic_multi_no_coords,Saltuarius swaini,random,128,8,999,-0.0032016326077919316,0.774
no_coords,Logistic_multi_no_coords,Saltuarius swaini,spatial,128,8,999,0.6673110841969165,0.001
no_coords,Logistic_single_no_coords,Cacophis kreftii,random,128,8,999,0.11894599241125275,0.009
no_coords,Logistic_single_no_coords,Cacophis kreftii,spatial,128,8,999,0.2678514250353836,0.001
no_coords,Logistic_single_no_coords,Calyptotis scutirostrum,random,128,8,999,0.06162974234716203,0.115
no_coords,Logistic_single_no_coords,Calyptotis scutirostrum,spatial,128,8,999,0.16752742676247862,0.001
no_coords,Logistic_single_no_coords,Coeranoscincus reticulatus,random,128,8,999,0.23783984693025742,0.001
no_coords,Logistic_single_no_coords,Coeranoscincus reticulatus,spatial,128,8,999,0.43658985086020397,0.001
no_coords,Logistic_single_no_coords,Egernia mcpheei,random,128,8,999,0.03398187942207906,0.198
no_coords,Logistic_single_no_coords,Egernia mcpheei,spatial,128,8,999,0.07996031223578058,0.033
no_coords,Logistic_single_no_coords,Eulamprus murrayi,random,128,8,999,-0.003394090622957838,0.942
no_coords,Logistic_single_no_coords,Eulamprus murrayi,spatial,128,8,999,0.6745108528004552,0.001
no_coords,Logistic_single_no_coords,Ophioscincus truncatus,random,128,8,999,0.1606426118421368,0.001
no_coords,Logistic_single_no_coords,Ophioscincus truncatus,spatial,128,8,999,0.09985184745343599,0.007
no_coords,Logistic_single_no_coords,Pseudechis porphyricaus,random,128,8,999,-0.020185722380022083,0.628
no_coords,Logistic_single_no_coords,Pseudechis porphyricaus,spatial,128,8,999,0.001725974619131492,0.94
no_coords,Logistic_single_no_coords,Saltuarius swaini,random,128,8,999,-0.009415166290627842,0.326
no_coords,Logistic_single_no_coords,Saltuarius swaini,spatial,128,8,999,0.6283216451280674,0.001
