scheme,strategy,species,n_pos,prevalence,log_loss,brier,auc,f1,sensitivity,specificity,hidden_layer_sizes,alpha,learning_rate_init,threshold,reliable
random,single,Eulamprus murrayi,0,0.0,0.008891901088733818,0.00011998338550598867,,0.0,0.0,1.0,"(16, 8)",0.1,0.001,0.05,False
random,single,Saltuarius swaini,2,0.015503875968992248,0.09885047779889643,0.01564888620947418,0.38976377952755903,0.0,0.0,0.968503937007874,"(16, 8)",0.1,0.001,0.05,False
random,single,Egernia mcpheei,1,0.007751937984496124,0.03938902163457732,0.008245467592090112,0.8984375,0.13333333333333333,1.0,0.8984375,"(8,)",0.1,0.01,0.05,False
random,single,Pseudechis porphyricaus,3,0.023255813953488372,0.0703036732475893,0.01798536529845439,0.9259259259259259,0.25,0.6666666666666666,0.9126984126984127,"(16, 8)",0.1,0.001,0.05,False
random,single,Cacophis kreftii,5,0.03875968992248062,0.27980358853859355,0.05241862993689982,0.7629032258064516,0.10526315789473684,0.2,0.8951612903225806,"(32,)",0.1,0.01,0.05,True
random,single,Calyptotis scutirostrum,10,0.07751937984496124,0.1649878942359981,0.05203965315222052,0.9369747899159664,0.5,0.5,0.957983193277311,"(16, 8)",0.001,0.001,0.49999999999999994,True
random,single,Coeranoscincus reticulatus,21,0.16279069767441862,0.41520771400353695,0.1112161451473354,0.8686067019400353,0.5555555555555556,0.7142857142857143,0.8333333333333334,"(32,)",0.1,0.01,0.25,True
random,single,Ophioscincus truncatus,23,0.17829457364341086,0.4119699550479144,0.13386942943409091,0.760459392945037,0.39215686274509803,0.43478260869565216,0.8301886792452831,"(16,)",0.001,0.001,0.3,True
random,multi,Eulamprus murrayi,0,0.0,0.008336569292291873,0.00112227111474699,,0.0,0.0,0.9844961240310077,"(16,)",0.1,0.01,0.05,False
random,multi,Saltuarius swaini,2,0.015503875968992248,0.11973498294664149,0.017568856561188874,0.6023622047244095,0.0,0.0,0.9212598425196851,"(16,)",0.1,0.01,0.05,False
random,multi,Egernia mcpheei,1,0.007751937984496124,0.03274812661051998,0.007475361029895795,0.9765625,0.2857142857142857,1.0,0.9609375,"(16,)",0.1,0.01,0.1,False
random,multi,Pseudechis porphyricaus,3,0.023255813953488372,0.06799274143326318,0.015101567736644951,0.9021164021164021,0.2857142857142857,0.6666666666666666,0.9285714285714286,"(16,)",0.1,0.01,0.1,False
random,multi,Cacophis kreftii,5,0.03875968992248062,0.15461684983429697,0.03790704504646391,0.8580645161290322,0.26666666666666666,0.4,0.9354838709677419,"(16,)",0.1,0.01,0.15,True
random,multi,Calyptotis scutirostrum,10,0.07751937984496124,0.1817989589505001,0.0561978403267553,0.9294117647058824,0.5625,0.9,0.8907563025210085,"(16,)",0.1,0.01,0.2,True
random,multi,Coeranoscincus reticulatus,21,0.16279069767441862,0.38305185698343547,0.11428344358576725,0.8602292768959436,0.5172413793103449,0.7142857142857143,0.7962962962962963,"(16,)",0.1,0.01,0.15,True
random,multi,Ophioscincus truncatus,23,0.17829457364341086,0.48249025412142793,0.14778351139621243,0.7407711238720263,0.4126984126984127,0.5652173913043478,0.7452830188679245,"(16,)",0.1,0.01,0.2,True
random,multi_int,Eulamprus murrayi,0,0.0,0.006910112719582698,0.0002109053886215589,,0.0,0.0,0.9767441860465116,"(32,)",0.1,0.01,0.05,False
random,multi_int,Saltuarius swaini,2,0.015503875968992248,0.13559559638337457,0.015967180516582226,0.20472440944881887,0.0,0.0,0.9606299212598425,"(32,)",0.1,0.01,0.05,False
random,multi_int,Egernia mcpheei,1,0.007751937984496124,0.0416467808236474,0.00890350889493228,0.9765625,0.0,0.0,0.984375,"(32,)",0.1,0.01,0.2,False
random,multi_int,Pseudechis porphyricaus,3,0.023255813953488372,0.07895240948089553,0.020389329236264395,0.9259259259259259,0.0,0.0,1.0,"(32,)",0.1,0.01,0.25,False
random,multi_int,Cacophis kreftii,5,0.03875968992248062,0.156603884393921,0.04308467042380282,0.817741935483871,0.17391304347826086,0.4,0.8709677419354839,"(32,)",0.1,0.01,0.15,True
random,multi_int,Calyptotis scutirostrum,10,0.07751937984496124,0.1571092571157429,0.05205858820261608,0.9445378151260504,0.5,0.5,0.957983193277311,"(32,)",0.1,0.01,0.35,True
random,multi_int,Coeranoscincus reticulatus,21,0.16279069767441862,0.32352723611731843,0.10610718534601649,0.8633156966490301,0.5161290322580645,0.7619047619047619,0.7685185185185185,"(32,)",0.1,0.01,0.25,True
random,multi_int,Ophioscincus truncatus,23,0.17829457364341086,0.407983078152103,0.1307887510534975,0.7534864643150123,0.375,0.5217391304347826,0.7264150943396226,"(32,)",0.1,0.01,0.2,True
spatial,single,Eulamprus murrayi,0,0.0,0.008891901088733818,0.00011998338550598867,,0.0,0.0,1.0,"(16, 8)",0.1,0.001,0.05,False
spatial,single,Saltuarius swaini,2,0.015503875968992248,0.10408028358844512,0.016301115485543055,0.2874015748031496,0.0,0.0,0.984251968503937,"(16,)",0.0001,0.001,0.1,False
spatial,single,Egernia mcpheei,1,0.007751937984496124,0.05404708388502643,0.009219662662658432,0.8984375,0.0,0.0,0.9765625,"(16, 8)",0.1,0.01,0.1,False
spatial,single,Pseudechis porphyricaus,3,0.023255813953488372,0.06411620083596428,0.016066706860823586,0.933862433862434,0.25,0.6666666666666666,0.9126984126984127,"(16,)",0.1,0.01,0.05,False
spatial,single,Cacophis kreftii,5,0.03875968992248062,0.12600363864932732,0.034819535898630696,0.8709677419354839,0.21621621621621623,0.8,0.7741935483870968,"(32,)",0.1,0.001,0.05,True
spatial,single,Calyptotis scutirostrum,10,0.07751937984496124,0.15746304040477316,0.050820194530889685,0.938655462184874,0.5161290322580645,0.8,0.8907563025210085,"(16,)",0.1,0.001,0.15,True
spatial,single,Coeranoscincus reticulatus,21,0.16279069767441862,0.41153388226314025,0.12305287321316341,0.8403880070546738,0.5454545454545454,0.7142857142857143,0.8240740740740741,"(8,)",0.1,0.01,0.25,True
spatial,single,Ophioscincus truncatus,23,0.17829457364341086,0.35535499636221135,0.11317638343236838,0.8310090237899918,0.4782608695652174,0.4782608695652174,0.8867924528301887,"(8,)",0.1,0.001,0.3,True
spatial,multi,Eulamprus murrayi,0,0.0,0.009572868683160854,0.000254242173548954,,0.0,0.0,0.9844961240310077,"(16,)",0.1,0.001,0.05,False
spatial,multi,Saltuarius swaini,2,0.015503875968992248,0.11999858557353704,0.016021172005545953,0.2755905511811023,0.0,0.0,0.9133858267716536,"(16,)",0.1,0.001,0.05,False
spatial,multi,Egernia mcpheei,1,0.007751937984496124,0.048263295600706024,0.008414150989266275,0.796875,0.0,0.0,0.8671875,"(16,)",0.1,0.001,0.05,False
spatial,multi,Pseudechis porphyricaus,3,0.023255813953488372,0.09112286242773823,0.022233037201888448,0.8756613756613756,0.1935483870967742,1.0,0.8015873015873016,"(16,)",0.1,0.001,0.05,False
spatial,multi,Cacophis kreftii,5,0.03875968992248062,0.13370242972765348,0.036082482684334886,0.8354838709677419,0.2631578947368421,1.0,0.7741935483870968,"(16,)",0.1,0.001,0.05,True
spatial,multi,Calyptotis scutirostrum,10,0.07751937984496124,0.18145474528913516,0.056828041306054546,0.911764705882353,0.5161290322580645,0.8,0.8907563025210085,"(16,)",0.1,0.001,0.2,True
spatial,multi,Coeranoscincus reticulatus,21,0.16279069767441862,0.3341814938526872,0.11083199155754168,0.8403880070546738,0.5373134328358209,0.8571428571428571,0.7407407407407407,"(16,)",0.1,0.001,0.15,True
spatial,multi,Ophioscincus truncatus,23,0.17829457364341086,0.3807314429863231,0.12231462055992902,0.79532403609516,0.45161290322580644,0.6086956521739131,0.7641509433962265,"(16,)",0.1,0.001,0.25,True
spatial,multi_int,Eulamprus murrayi,0,0.0,0.0067671057025849544,0.00019896457168456366,,0.0,0.0,0.9844961240310077,"(8,)",0.1,0.001,0.05,False
spatial,multi_int,Saltuarius swaini,2,0.015503875968992248,0.1315192717787848,0.015883794395777102,0.11023622047244097,0.0,0.0,0.9763779527559056,"(8,)",0.1,0.001,0.05,False
spatial,multi_int,Egernia mcpheei,1,0.007751937984496124,0.035151992860726254,0.007133116071849755,0.984375,0.13333333333333333,1.0,0.8984375,"(8,)",0.1,0.001,0.05,False
spatial,multi_int,Pseudechis porphyricaus,3,0.023255813953488372,0.09975679034062826,0.02224234271529504,0.7724867724867724,0.13333333333333333,0.3333333333333333,0.9126984126984127,"(8,)",0.1,0.001,0.05,False
spatial,multi_int,Cacophis kreftii,5,0.03875968992248062,0.1473148358815875,0.03638135943513762,0.7983870967741935,0.1875,0.6,0.8064516129032258,"(8,)",0.1,0.001,0.05,True
spatial,multi_int,Calyptotis scutirostrum,10,0.07751937984496124,0.16790262063091416,0.05335409029924363,0.9319327731092437,0.47619047619047616,1.0,0.8151260504201681,"(8,)",0.1,0.001,0.1,True
spatial,multi_int,Coeranoscincus reticulatus,21,0.16279069767441862,0.31541635626727316,0.10441426930681577,0.8668430335097002,0.5098039215686274,0.6190476190476191,0.8425925925925926,"(8,)",0.1,0.001,0.3,True
spatial,multi_int,Ophioscincus truncatus,23,0.17829457364341086,0.36298247086305746,0.1176643226327031,0.8199343724364234,0.46153846153846156,0.391304347826087,0.9339622641509434,"(8,)",0.1,0.001,0.35,True
