id,pred
5129,0.003002769430911044
5130,0.013364602052529104
5131,1.8270906439083853e-05
5132,1e-06
5133,0.0026618227339428634
5134,0.005484779993980228
5135,0.0010734534865185707
5136,0.004161117622468148
5137,0.17366207685080548
5138,0.1464403071783599
5139,0.7877814553547661
5140,0.003022344588535251
5141,0.0055229280310337145
5142,0.18082648148920358
5143,1.2674419732354892e-06
5144,0.007960777397247331
5145,0.25502809873095167
5146,0.2299841286668093
5147,0.21683019618117022
5148,0.10027361995634906
5149,0.009659114285005115
5150,0.24551509349638592
5151,1e-06
5152,0.0014278247807258278
5153,0.023762375541801797
5154,0.09896629674118751
5155,0.3886409688057133
5156,1e-06
5157,0.01565545921197897
5158,0.033297907870958696
5159,0.003056852094406368
5160,0.005213284247935499
5161,0.06521465742766767
5162,0.14771434947487058
5163,0.9021351190372663
5164,1e-06
5165,0.02064379558731088
5166,0.07539147015054354
5167,0.008917148083090565
5168,0.005085531372583763
5169,0.021495071505494748
5170,0.11140389883615939
5171,0.3819708563891746
5172,2.346342691378163e-05
5173,0.011215195096862331
5174,0.03157909897570652
5175,0.0006461301995310706
5176,0.0022599697761711366
5177,0.20378272367838396
5178,0.5448721723923999
5179,0.6469327359381176
5180,0.02198959032483079
5181,0.002640897287779321
5182,0.27067978247844426
5183,1e-06
5184,0.0016853947516259596
5185,0.2255854969526159
5186,0.6107726053192383
5187,0.357118236685621
5188,0.11646670989066482
5189,0.0019944333026288984
5190,0.38386590773627066
5191,1e-06
5192,0.003122621934057002
5193,0.26617263301551036
5194,0.44505833686282875
5195,0.4727557836010303
5196,0.5278161279543647
5197,0.010946512135018465
5198,0.19200056331465393
5199,1e-06
5200,0.003164962195707439
5201,0.02776544915687493
5202,0.10561167091787574
5203,0.49685110164478546
5204,2.6959295669994737e-06
5205,0.01675901078989441
5206,0.04300906627183108
5207,0.0008209973732146919
5208,0.005461616224430261
5209,0.024995987287481106
5210,0.1238045776221214
5211,0.37591537732725244
5212,0.00014558479457816542
5213,0.011945073404760784
5214,0.035720819412881535
5215,0.0007276431938553521
5216,0.002972941104935458
5217,0.0012510781520781906
5218,0.0015042508662516925
5219,5.5018842115860555e-06
5220,1e-06
5221,0.0010963562377673348
5222,0.006128660239370512
5223,0.011233157686154153
5224,0.002089940701911265
5225,0.034542240657405875
5226,0.12250117431287912
5227,0.5201107821854509
5228,0.28751094919947084
5229,0.00930361943128051
5230,0.021372061812952016
5231,0.005916679596779749
5232,0.008554121139304857
5233,0.18663312853325506
5234,0.22283706763010616
5235,0.09299853607822747
5236,0.00015033747473882958
5237,0.003912058413138124
5238,0.21855317745476144
5239,1e-06
5240,0.0001944391934720993
5241,0.030697139579179696
5242,0.15311286997730258
5243,0.059518327182647365
5244,7.119537957103666e-05
5245,0.015638015231166532
5246,0.029362672769158944
5247,0.0008797769354997601
5248,0.007044865790814612
5249,0.1524762407159581
5250,0.375277985736798
5251,0.19942811778853672
5252,0.0034307054846218145
5253,0.0033665285497237866
5254,0.11119761722764814
5255,1e-06
5256,0.0007864417691287516
5257,0.14402963050505369
5258,0.4903167529113272
5259,0.11629994285870233
5260,0.015326992008924165
5261,0.0026925811588079662
5262,0.1187092748016306
5263,1e-06
5264,0.0018017390227758904
5265,0.1165813289265313
5266,0.243642275580339
5267,0.6109699159387286
5268,8.10633840430537e-06
5269,0.0031579322958727044
5270,0.1753042291495426
5271,1e-06
5272,0.00039723887210224085
5273,0.12919884735025547
5274,0.521810798624496
5275,0.053031285881597945
5276,0.006158786506203385
5277,0.0025398459574333806
5278,0.10526604928519862
5279,1e-06
5280,0.002341579606154767
5281,0.0738489527172557
5282,0.22070700769133414
5283,0.3332747861731483
5284,2.435658750064912e-06
5285,0.02217862370300861
5286,0.036066087001458365
5287,0.003641226820147857
5288,0.013289990531944006
5289,0.02545402619492026
5290,0.005721152960553879
5291,0.9004080881467366
5292,0.00023206374090712498
5293,0.0036569932859995395
5294,0.04671024146804855
5295,1e-06
5296,0.0025440227044135288
5297,0.11163539118102318
5298,0.34596764003238406
5299,0.16654309944238688
5300,0.0005376395599475982
5301,0.0030495137845532923
5302,0.12896383130729142
5303,1e-06
5304,0.0009471303862393293
5305,0.19830251898049953
5306,0.07136920599382031
5307,0.0037577080537457464
5308,6.497410339375321e-05
5309,0.004511673605640229
5310,0.2465826910512887
5311,1e-06
5312,7.189544310347487e-05
5313,0.15731361897933255
5314,0.6323097622939513
5315,0.0440060971226951
5316,0.0030956297082320645
5317,0.002276729356659743
5318,0.12477376520979336
5319,1e-06
5320,0.003572198825798059
5321,0.2093625677503639
5322,0.1069110674875367
5323,0.7338593827793725
5324,0.0008301217504066298
5325,0.013056605803629818
5326,0.31329618500474626
5327,0.00022523222176630957
5328,0.005451701083514024
5329,0.12138463746207626
5330,0.46546201431867007
5331,0.19785884535359802
5332,0.010805878270682115
5333,0.0020078856765302177
5334,0.1822068079111676
5335,1e-06
5336,0.0013407076703177935
5337,0.22227589094902844
5338,0.22423441623180748
5339,0.9049069495419522
5340,0.002182065323920859
5341,0.011958913954448756
5342,0.3274220853240328
5343,0.0007876889103246857
5344,0.009865268464333376
5345,0.20339482299964015
5346,0.09452091106970655
5347,0.6139319943038707
5348,2.702313880911502e-05
5349,0.012306027508026262
5350,0.2565602996846227
5351,0.00014425793718794908
5352,0.004660993480240172
5353,0.1437259705102059
5354,0.0499666341946634
5355,0.3311985634068739
5356,1e-06
5357,0.011962930884287938
5358,0.2739474896627585
5359,6.543526938580653e-05
5360,0.0021828496708994655
5361,0.14886619464306738
5362,0.5895841694679633
5363,0.06323571147372854
5364,0.007582431261074693
5365,0.0021581640847917537
5366,0.14895236817229204
5367,1e-06
5368,0.002991640029170671
5369,0.18931644556488664
5370,0.10431111287665275
5371,0.7721886654294005
5372,2.5137405305964968e-05
5373,0.011334222211031126
5374,0.20588757214713765
5375,0.00011163860616111316
5376,0.005539613980176302
5377,0.15314634241156153
5378,0.4534321991841987
5379,0.16494050318709655
5380,1.4921056555262848e-06
5381,0.0038629525132036586
5382,0.10726506843211928
5383,1e-06
5384,0.0007718006156708383
5385,0.05277525307323216
5386,0.1846811016109318
5387,0.4788905694856218
5388,6.906946231814759e-06
5389,0.014640755910397756
5390,0.01689174860219549
5391,0.004736067175756557
5392,0.010141720664159906
5393,0.08492051112834428
5394,0.2552994996439278
5395,0.6710573791423722
5396,0.00031285123935554586
5397,0.012505870359871024
5398,0.023937692390818048
5399,0.005032852944422648
5400,0.011112076197462756
5401,0.016833636912993815
5402,0.004632465387889433
5403,0.7404067618553217
5404,0.0008359321748449593
5405,0.003505789181905381
5406,0.036632935972339735
5407,1e-06
5408,0.0023975479519447746
5409,0.020063268972999235
5410,0.07839058680750123
5411,0.8310984474151903
5412,0.0004884641097910139
5413,0.012211965568129651
5414,0.04200896447052595
5415,0.003912460873187816
5416,0.004575436654552656
5417,0.06812346696740028
5418,0.14835562270333763
5419,0.927068484881067
5420,2.110214094039729e-05
5421,0.013845157347635327
5422,0.053127103409305924
5423,0.024881533441698755
5424,0.010489235091622116
5425,0.06850770571678168
5426,0.28808322151808297
5427,0.8826608598985098
5428,1e-06
5429,0.00674492030800407
5430,0.07275296223661641
5431,0.006089904516219879
5432,0.0050360339179154326
5433,0.021837802738048577
5434,0.10600267978378648
5435,0.2587476518940797
5436,0.0001340890661335155
5437,0.013214843320274516
5438,0.03305346265453492
5439,0.004178639094584681
5440,0.005900267382500338
5441,0.038826288948638814
5442,0.06165152015674371
5443,0.7518721439078166
5444,1e-06
5445,0.012786883143529928
5446,0.034577580365580556
5447,0.012716363051871824
5448,0.005354754470642119
5449,0.003945931477426631
5450,0.09763213967379085
5451,1e-06
5452,0.00039310678420438464
5453,0.0008548319396260731
5454,0.5778013176914885
5455,1e-06
5456,0.0008710551146924558
5457,0.0036950074183163704
5458,0.1652207259273537
5459,1e-06
5460,1e-06
5461,0.0002665436394891464
5462,0.5745007834263197
5463,1e-06
5464,0.0021135797855371787
5465,0.008069196123487088
5466,0.25285850914833324
5467,1e-06
5468,1.8039323476294462e-06
5469,0.0004933433774476989
5470,0.7187823656176229
5471,1e-06
5472,0.004320528007622913
5473,0.024435126380052498
5474,0.08964762341425633
5475,0.5712696454086742
5476,0.0011133421816101644
5477,0.012285492055328607
5478,0.02917657400090877
5479,0.014548364296302553
5480,0.00788165176803546
5481,0.20059265323558986
5482,0.42869835582911453
5483,0.8245240155838515
5484,0.49216437278434255
5485,0.01343979562942764
5486,0.1319828300764812
5487,1e-06
5488,0.007819836211196423
5489,0.23836390467699145
5490,0.374387884695787
5491,0.8112739638316436
5492,0.002790324225089048
5493,0.0097208849478821
5494,0.12447897467222688
5495,1e-06
5496,0.007388966413327316
5497,0.015691973081323224
5498,0.05401040354769871
5499,0.0003061127845212837
5500,5.669361695943985e-05
5501,0.005807527616894484
5502,0.24694507143411643
5503,9.857966094437663e-05
5504,0.023478304694096414
5505,0.021121819878645424
5506,0.09155339553110953
5507,0.22962701299572652
5508,2.8438698188597775e-05
5509,0.014499920497471609
5510,0.05876088521998135
5511,0.000936252672216403
5512,0.0048450117012352415
5513,0.018602762463258708
5514,0.03928845162607218
5515,0.0004497560657265196
5516,3.6439601129000825e-06
5517,0.005709339200264773
5518,0.1575103338587551
5519,0.0002475698774556702
5520,0.02375512126572065
5521,0.031151309603140682
5522,0.18252889589474577
5523,0.0003374088562183542
5524,1e-06
5525,0.00567828705288515
5526,0.2508113540270682
5527,0.00011714927308243939
5528,0.030140138691634132
5529,0.012788711381484179
5530,0.04760304342411787
5531,0.00041798069912340325
5532,0.0006194896690915292
5533,0.006852706669545179
5534,0.18994735381759476
5535,0.001238884244026844
5536,0.015099213080170376
5537,0.11291871608032306
5538,0.09987037339637823
5539,0.8383812089331715
5540,0.09214661879889732
5541,0.007923973084614329
5542,0.1546084370471596
5543,2.3674327150775516e-06
5544,0.012727909590727596
5545,0.018136569977175845
5546,0.03767895848655409
5547,0.00039195730395920943
5548,1e-06
5549,0.004915557445441741
5550,0.09267873760441331
5551,0.00025086940295926613
5552,0.022691220905142535
5553,0.021256498934524387
5554,0.12975681236271486
5555,0.0007118850413367271
5556,0.00017267125864087011
5557,0.0076394549947237204
5558,0.4285789289672467
5559,0.0006646804370205358
5560,0.03042098273640694
5561,0.10395830109154616
5562,0.1124461542008208
5563,0.8402734145879062
5564,0.2326949493458234
5565,0.008121990165013223
5566,0.15456566910919614
5567,1.7299070248283049e-06
5568,0.014412017981846758
5569,0.1113261441041223
5570,0.20241902678136056
5571,0.2795674778423682
5572,0.4378650321933211
5573,0.011688673740904171
5574,0.2700351700394528
5575,1e-06
5576,0.007731275365327999
5577,0.1393594703029845
5578,0.15776688169751604
5579,0.27484662530371745
5580,0.025570267422473838
5581,0.010190865096504579
5582,0.24664813031351726
5583,1e-06
5584,0.00974330110463748
5585,0.050336133008626244
5586,0.19143035451282808
5587,0.0004409043461054189
5588,1e-06
5589,0.00520366301320873
5590,0.3367739734096566
5591,1e-06
5592,0.06625114825498803
5593,0.17918239258888
5594,0.19699725922011072
5595,0.8234281959891128
5596,2.41002014671214e-06
5597,0.011534559222270603
5598,0.15089626435033943
5599,1e-06
5600,0.003064391733504767
5601,0.2150244657426052
5602,0.40896145346853663
5603,0.8860927809549753
5604,0.017406525306870122
5605,0.008920168880655577
5606,0.12685050181748608
5607,1e-06
5608,0.01397956125108573
5609,0.04669878242411032
5610,0.13924857511503302
5611,0.00016709885658910425
5612,1e-06
5613,0.0036217191464116027
5614,0.35051682843028686
5615,1e-06
5616,0.056321694584012656
5617,0.14898562774114502
5618,0.1363085344175397
5619,0.49523160485586104
5620,0.013240267753987305
5621,0.008825763797686497
5622,0.2958511648597325
5623,1e-06
5624,0.011417238607521566
5625,0.01624419501212127
5626,0.007610269616614487
5627,0.016827585469685876
5628,0.0019954827403801
5629,0.006093433542627876
5630,0.1596057599032155
5631,1.6152219761582716e-06
5632,0.008346273339461766
5633,0.012205534558336676
5634,0.003840810309262964
5635,0.012514068836112325
5636,4.918636783114669e-06
5637,0.003990510525594135
5638,0.16773599236989237
5639,4.761589397754812e-06
5640,0.006725105568716609
5641,0.10445983739239008
5642,0.07254913595018486
5643,0.7773721687058188
5644,0.0011209078044620315
5645,0.008071393153516555
5646,0.15024497669230005
5647,4.057012141907106e-06
5648,0.009576611320872315
5649,0.11131872538538577
5650,0.14381427867238966
5651,0.7078058241931351
5652,0.3660674821456787
5653,0.008740020611277962
5654,0.18687793747810114
5655,1e-06
5656,0.014891015289644182
5657,0.11429437454364137
5658,0.1097731669455011
5659,0.9111024405894923
5660,0.06272037064130655
5661,0.007180378307095786
5662,0.1810821390603866
5663,2.050668798272952e-06
5664,0.017973422363841154
5665,0.08705547760165373
5666,0.14684398108983857
5667,0.44871720233695533
5668,0.6052937020170059
5669,0.011665537210406531
5670,0.14690608599954882
5671,1e-06
5672,0.009274373418699215
5673,0.01110323576265674
5674,0.013466486467417571
5675,0.00965649684310166
5676,1.1073725411268156e-05
5677,0.008379649995649614
5678,0.028752183785350334
5679,1e-06
5680,0.006642349482834308
5681,0.008961309639951504
5682,0.011069425264212864
5683,0.4590506676909932
5684,1e-06
5685,0.008812049738139684
5686,0.068508903089159
5687,0.4839266338169236
5688,0.003850568999170559
5689,0.007722217491224049
5690,0.01359612247442747
5691,0.6756587647601208
5692,1e-06
5693,0.008238862450449125
5694,0.07062604077304652
5695,0.5918572968010671
5696,0.004525914819424871
5697,0.005266879556490594
5698,0.013655457455005895
5699,0.5142925121955298
5700,1e-06
5701,0.008012296467029877
5702,0.09920759012535907
5703,0.16905021597011588
5704,0.007266357735317894
5705,0.005093959226724007
5706,0.005865495306930331
5707,0.6374177524720862
5708,1e-06
5709,0.007401256121460668
5710,0.08925683203112468
5711,0.2340135336582623
5712,0.0025996849043693235
5713,0.001067560556371651
5714,0.00458187040139228
5715,0.1449701099184726
5716,1e-06
5717,0.0028353691382131227
5718,0.14636980831812926
5719,0.0035897156946570466
5720,0.003003822892157456
5721,0.0011386097127301514
5722,0.005975924235252164
5723,0.3116303305062776
5724,1e-06
5725,0.0030940968938546346
5726,0.12023156882147971
5727,0.005710609070683759
5728,0.0030797058480973066
5729,0.004194107439128877
5730,0.008344373779883042
5731,0.4228418885591432
5732,1e-06
5733,0.009900381760687272
5734,0.11158781918671665
5735,0.10785789682687127
5736,0.005183566053669132
5737,0.004852396433280486
5738,0.014345440209889973
5739,0.6764727966542394
5740,1e-06
5741,0.007835073257851068
5742,0.15321484746666583
5743,0.1063262754358273
5744,0.006866111301995436
5745,0.0050599493875248215
5746,0.015681576479032504
5747,0.5597597902995244
5748,1e-06
5749,0.007327290745746162
5750,0.13099335398286682
5751,0.13591793073971545
5752,0.01001925453709152
5753,0.009207600643486795
5754,0.014536410127195806
5755,0.7061141535417107
5756,8.053208946715064e-05
5757,0.008839366796600289
5758,0.016594976526777126
5759,0.12204839460612402
5760,0.009016044379590972
5761,0.003826411370442982
5762,0.012604880387470672
5763,0.873190030758707
5764,1e-06
5765,0.00770172311048675
5766,0.1639134290952331
5767,0.04226191748525978
5768,0.002577691105753302
5769,0.007671401356925697
5770,0.01152926681000888
5771,0.6769370239977858
5772,2.0155649558195716e-05
5773,0.0077758133837038884
5774,0.01591626387912009
5775,0.114019629339196
5776,0.007023306553637691
5777,0.0007741588027040721
5778,0.0003112350952838457
5779,6.834041952816903e-06
5780,1e-06
5781,0.0012408286088388366
5782,0.00836240203652726
5783,0.02164934561503623
5784,0.002567511806098132
5785,0.0007933244648078261
5786,0.00031317142836139166
5787,5.786637651309626e-06
5788,1e-06
5789,0.0012405584280267507
5790,0.008255527133305978
5791,0.02132754571736868
5792,0.002661898788593054
5793,0.0008389941266390576
5794,0.0003628076510054817
5795,7.5828144405290775e-06
5796,1e-06
5797,0.0013417861995863112
5798,0.008219394145015647
5799,0.02139289569308403
5800,0.0027943417184319985
5801,0.003334515042585314
5802,0.024424890602891873
5803,3.42116826483981e-05
5804,1e-06
5805,0.00373282462476325
5806,0.01075230688094088
5807,0.0005157807022253183
5808,0.02048154985487244
5809,0.00912120362562933
5810,0.030169491070456744
5811,0.3205327705712424
5812,0.0001429829739844855
5813,0.00824341789814749
5814,0.012009563463048871
5815,0.02329812966906738
5816,0.006456946636376762
5817,0.0007673369639022731
5818,0.0002601373605717807
5819,5.133892604809542e-06
5820,1e-06
5821,0.0012379292045188214
5822,0.0071765537074106696
5823,0.022796157535862883
5824,0.0025753459979388567
5825,0.0009127159996908606
5826,0.0003604830817011499
5827,7.585576044297211e-06
5828,1e-06
5829,0.0014118391761884332
5830,0.0073411960561184635
5831,0.02210922598028067
5832,0.003071335352712808
5833,0.0015612802071549418
5834,0.0021278365440662137
5835,0.00042340523844572596
5836,1.5520980046124188e-05
5837,0.002404555668919639
5838,0.007936870886047094
5839,0.0056076399061478705
5840,0.0037732529908374624
5841,0.0013727214589905085
5842,0.0015338474851360388
5843,2.873457400976479e-06
5844,1e-06
5845,0.0017453124084511355
5846,0.008614386539039984
5847,0.006244548935736003
5848,0.007276618175157733
5849,0.000877486553760427
5850,0.0003494719679045007
5851,9.793144706394422e-06
5852,1e-06
5853,0.0014503154185451746
5854,0.006957474195528768
5855,0.022797317816369733
5856,0.002940705813358802
5857,0.0008992866151509828
5858,0.002649354257748247
5859,0.026964956540372655
5860,1e-06
5861,0.0034369028170232116
5862,0.0010111588445133796
5863,0.045595453663750125
5864,0.002784310028253942
5865,0.0025561624362761613
5866,0.003883553377180154
5867,0.03420896305609304
5868,1.1475929173460566e-05
5869,0.0054416654417338145
5870,0.002364848493940699
5871,0.012324594878988217
5872,0.004709909020080581
5873,0.002759600876196135
5874,0.004731206019184806
5875,0.05024123891912637
5876,1.572247308471992e-05
5877,0.006197394835620066
5878,0.0025282295531300902
5879,0.013455765713246736
5880,0.005080313448300342
5881,0.018579586091630938
5882,0.0472811000696859
5883,0.396499088657789
5884,1e-06
5885,0.013910150219564476
5886,0.03919077650644059
5887,0.060101245429730894
5888,0.016718320332777113
5889,0.0010350305140246962
5890,0.0034468512057460707
5891,0.0014837133712057085
5892,4.394569187935614e-06
5893,0.004656125727439114
5894,0.0016659401166891296
5895,0.024983319620539828
5896,0.003743769697895134
5897,0.01809207448136881
5898,0.04407094905645675
5899,0.5078791429097715
5900,1e-06
5901,0.01457212690891511
5902,0.041192315557937564
5903,0.1162270017671041
5904,0.01884689795345079
5905,0.00937431616829944
5906,0.020115736084555098
5907,0.4212936417441211
5908,0.002346870615909224
5909,0.0076312580115746684
5910,0.02719914267810076
5911,0.03395886773948666
5912,0.009660725437344
5913,0.003096342377612542
5914,0.005125222007554928
5915,0.0848872403213178
5916,1e-06
5917,0.01024905319512816
5918,0.1941935559092287
5919,4.710961361839872e-05
5920,0.001664172085385567
5921,0.001068817043435683
5922,0.002221875710243335
5923,0.0030557992065899293
5924,4.556688614974018e-06
5925,0.004366063509732254
5926,0.001523503786719132
5927,0.03999688095995692
5928,0.003980719263891665
5929,0.004527093771321732
5930,0.009480198417491764
5931,0.10900642922481896
5932,1e-06
5933,0.008974940869291313
5934,0.2344233642934455
5935,0.00011804978858833028
5936,0.0034002314392489294
5937,0.0030827227252155694
5938,0.002360847011971514
5939,0.008570108816990465
5940,1e-06
5941,0.008835019417920824
5942,0.18286946340612567
5943,0.00012333367137600516
5944,0.003295771955427392
5945,0.0010079960760291508
5946,0.002058963571410229
5947,0.004081522450289422
5948,1.6318545871605228e-06
5949,0.004326165774503393
5950,0.0015692683518419325
5951,0.048085297291654824
5952,0.003716021186293197
5953,0.0066875496987294555
5954,0.01216604812370771
5955,0.2320676163842149
5956,1e-06
5957,0.00812048350606892
5958,0.3272196511941322
5959,0.00033267245573385067
5960,0.006879837362357999
5961,0.006675690551245216
5962,0.02340171785403395
5963,0.0006647050705274477
5964,3.864267166543055e-06
5965,0.012566817248067446
5966,0.0072426090843618444
5967,0.0005013862458304971
5968,0.015551617670406461
5969,0.006345411864178363
5970,0.011000455955289779
5971,0.07992457358501005
5972,1e-06
5973,0.008868847821376839
5974,0.2853480314275273
5975,0.0003216281717434599
5976,0.007869305832726216
5977,0.0024847705862964128
5978,0.0037469575406155666
5979,0.005120932433081005
5980,8.003950768640013e-05
5981,0.006784056174546742
5982,0.0029336980624660083
5983,0.009639895847527013
5984,0.00625300659013127
5985,0.004941885381321559
5986,0.006040830609543942
5987,0.5122677826606568
5988,0.00018883361234340294
5989,0.006743460797342441
5990,0.012190661011140193
5991,0.1368113576956454
5992,0.010884561203188703
5993,0.005228380592294376
5994,0.00847872411626512
5995,0.445305455544506
5996,0.00028723315596785996
5997,0.007839253025471664
5998,0.01148222396694185
5999,0.06329152810255843
6000,0.009822043746119275
6001,0.005793158458983881
6002,0.018553657387688802
6003,0.0013452507542939462
6004,1.0037757150629033e-05
6005,0.012022678736879842
6006,0.0041706998449979145
6007,0.000568168962991547
6008,0.013131777643213612
6009,0.001189036439630931
6010,0.002377025610898388
6011,0.005929712352610426
6012,1.713933226273764e-06
6013,0.0054003637848805235
6014,0.0021927220292936728
6015,0.07361462464903273
6016,0.004408055224933605
6017,0.006823213304878253
6018,0.020015785577510763
6019,0.18320878737878526
6020,1e-06
6021,0.004140947516370639
6022,0.01674938760317781
6023,0.005391324831304921
6024,0.0013114020256458235
6025,0.0012697656406626726
6026,0.0022535122898478103
6027,0.003207211364737106
6028,1.063519850285799e-05
6029,0.004861949224845685
6030,0.0020306367098586525
6031,0.05053702622327854
6032,0.0049733724890126535
6033,0.0029400087982278753
6034,0.003722118302827535
6035,0.00439533938710466
6036,4.526873027716992e-05
6037,0.006055382280856174
6038,0.004557705950164128
6039,0.01213963726681996
6040,0.006722218523058882
6041,0.0012186895998108872
6042,0.002771061675641658
6043,0.0038661023643408645
6044,1.851243156027866e-05
6045,0.004829278650894828
6046,0.0020103709090999043
6047,0.04197094767158696
6048,0.0047817733701077695
6049,0.01420172550564893
6050,0.019351009496493085
6051,0.6974275670416699
6052,0.19664064947549975
6053,0.011897989668126769
6054,0.024071670355513573
6055,0.046834965233816986
6056,0.024090177765605875
6057,0.028728563019480752
6058,0.055438341748329775
6059,0.12462083476295992
6060,0.0007028336244698741
6061,0.015764073366406235
6062,0.024377559326891483
6063,0.004731818107727839
6064,0.030638827881141948
6065,0.01980260156965122
6066,0.04145338409440728
6067,0.17630870641858915
6068,1.4751806438338462e-06
6069,0.016496496413074928
6070,0.036379352629814926
6071,0.010744562597824348
6072,0.016116864653959388
6073,0.03796974247965834
6074,0.06769896691256716
6075,0.18888102847320873
6076,3.672787407192263e-05
6077,0.0179066157247671
6078,0.031539974473927236
6079,0.004989636584024227
6080,0.03959555081006621
6081,0.02341959637118119
6082,0.030993554166616904
6083,0.04574661602111499
6084,4.031589622638116e-05
6085,0.013817205216708008
6086,0.020551216484879658
6087,0.0066395109847020095
6088,0.02994304923859582
6089,0.011948131630934037
6090,0.1230179829436378
6091,0.0003453634658282793
6092,1e-06
6093,0.012880132783270095
6094,0.021500305884025416
6095,2.1643988445861733e-05
6096,0.04289104135169104
6097,0.005668901586474052
6098,0.016659878147002774
6099,0.382843634259983
6100,1e-06
6101,0.010830211308759777
6102,0.018197721246375764
6103,0.04271960997962444
6104,0.009756486085754454
6105,0.01138124350406136
6106,0.10792359475712054
6107,0.0002926319564044537
6108,1e-06
6109,0.012272973542290861
6110,0.024054049454817962
6111,2.7399595408373704e-05
6112,0.04310607741219407
6113,0.019410066108445603
6114,0.03158369179278326
6115,0.04767818848565032
6116,2.5684412204797686e-05
6117,0.013815924158452718
6118,0.021615085612244636
6119,0.005553216082572395
6120,0.023927243259419532
6121,0.0023761719911532826
6122,0.006221595659778557
6123,0.049178389055408715
6124,1e-06
6125,0.009973654573759849
6126,0.02007227089696296
6127,0.011697489334602365
6128,0.008248437699589009
6129,0.002441144905369916
6130,0.00654662856512378
6131,1e-06
6132,1e-06
6133,0.0032384085530210447
6134,0.02772258235828746
6135,0.0008971183986743581
6136,0.02611076977136709
6137,0.0027621333688149716
6138,0.006705382429740928
6139,1e-06
6140,1e-06
6141,0.0033620358531170915
6142,0.025051186679974947
6143,0.0009588809070097988
6144,0.03046362565086306
6145,0.03331179412109626
6146,0.08230014168301551
6147,0.30199613643166195
6148,2.2883314372564233e-06
6149,0.01938403385073288
6150,0.031646842451859086
6151,0.0020591740645615184
6152,0.03507542096687058
6153,0.002337031294093237
6154,0.004546634734716344
6155,1e-06
6156,1e-06
6157,0.0029043439272383544
6158,0.023310178207676543
6159,0.000897796852832866
6160,0.025925742730188866
6161,0.00557455994718366
6162,0.01706915669369446
6163,0.10745398407433987
6164,1e-06
6165,0.010023586258355767
6166,0.011037256080174746
6167,0.022905254122460694
6168,0.010541268702363828
6169,0.002386374086997712
6170,0.005691480787291299
6171,1e-06
6172,1e-06
6173,0.0031250683113143757
6174,0.028863371150066187
6175,0.0008870679115450624
6176,0.02860387142722218
6177,0.00798564888903089
6178,0.014594904853660863
6179,0.05608185218522452
6180,1e-06
6181,0.008303652225680275
6182,0.00722444353839538
6183,0.02323190318921904
6184,0.014419958782783302
6185,0.005077258886031983
6186,0.001288519233900417
6187,0.017017641778678105
6188,0.0002099330048557201
6189,0.00572018873898571
6190,0.05636364566334746
6191,3.50139613163626e-05
6192,0.007876050267697388
6193,0.0009204588467279916
6194,0.0002429204233340361
6195,1e-06
6196,1e-06
6197,0.001799795658899245
6198,0.014611365428849282
6199,0.02454870061377359
6200,0.004120343627221534
6201,0.003835256476773361
6202,0.007221650701353631
6203,0.009205731097263891
6204,1e-06
6205,0.006587166361257923
6206,0.006112648000516926
6207,0.022063215158177787
6208,0.01024307349903921
6209,0.008331011434547678
6210,0.016680793929820182
6211,0.05975376956112436
6212,1e-06
6213,0.007948173263441966
6214,0.006868356080209126
6215,0.01576649775276123
6216,0.0137448999011807
6217,0.000538307877000667
6218,7.62855117438558e-05
6219,2.0555139390506464e-05
6220,1e-06
6221,0.0009147688137067555
6222,0.01012783859788987
6223,0.021981968476847927
6224,0.0016615333941793584
6225,0.010050884259778724
6226,0.01636051098023469
6227,0.05767843460564354
6228,1e-06
6229,0.0075026789290102945
6230,0.0070941447125314775
6231,0.016393379826301426
6232,0.014722737463738367
6233,0.004704246729483472
6234,0.012009687852719372
6235,0.012305296008646865
6236,1e-06
6237,0.007463375303087653
6238,0.005943687600095545
6239,0.016458389302942675
6240,0.012383307928846487
6241,0.002498175843739869
6242,0.006236954767276812
6243,1e-06
6244,1e-06
6245,0.0037198819855310873
6246,0.023704822860721755
6247,0.0008778564277185072
6248,0.030638036450124303
6249,0.05627129958605347
6250,0.04646705123733235
6251,0.47189887842511463
6252,1.539173807489514e-05
6253,0.015305815891339353
6254,0.3549552753468539
6255,0.010226244117314107
6256,0.026751583705810926
6257,0.0009817149832808787
6258,0.00028261048716544566
6259,2.0404464610186913e-06
6260,1e-06
6261,0.00213769799174861
6262,0.009723292540070795
6263,0.028701169943277552
6264,0.00432869227754436
6265,0.02613169522151286
6266,0.0058114887600715145
6267,0.11128133393904825
6268,1e-06
6269,0.012369311373094952
6270,0.4536294962390439
6271,0.0014586312545723263
6272,0.0049809701618863935
6273,0.03874614614801876
6274,0.020513256020049636
6275,0.23256542196430138
6276,1e-06
6277,0.011428332666840516
6278,0.5327343824265368
6279,0.005434805475940426
6280,0.017986153381185747
6281,0.0010735141689286391
6282,0.00030180837990125583
6283,5.683804449935909e-06
6284,1e-06
6285,0.002493759723719279
6286,0.007297860755456468
6287,0.03421508553172829
6288,0.004584702829668381
6289,0.011969830567631911
6290,0.01703819548308454
6291,0.006684701428012776
6292,8.818845191526436e-06
6293,0.01190264951592873
6294,0.01340660834266063
6295,0.002678946735436649
6296,0.023036598416563143
6297,0.001514807358769712
6298,0.0011916743011982694
6299,1e-06
6300,1e-06
6301,0.0037743584282209303
6302,0.008812420930620412
6303,0.008957772958041706
6304,0.011027356921816014
6305,0.0005961978126516674
6306,7.54598279182489e-05
6307,5.9343280545999806e-05
6308,1e-06
6309,0.0011583985936485374
6310,0.006686503091660965
6311,0.025181002449941974
6312,0.0018238676531213173
6313,0.005495724280455359
6314,0.010153979806029717
6315,0.03013228603540632
6316,1e-06
6317,0.007893950161097625
6318,0.0059907399939969535
6319,0.023502610328342943
6320,0.013371415204417997
6321,0.0023449326566601144
6322,0.008967699591752636
6323,0.031795591250745055
6324,1e-06
6325,0.007734586206692388
6326,0.005191666747439358
6327,0.015665451157108844
6328,0.0077116315086344835
6329,0.03092017004496775
6330,0.014024156175652794
6331,0.08959251592815629
6332,3.2835831880574765e-06
6333,0.011131346078592045
6334,0.44549100543369624
6335,0.0033678201469568565
6336,0.01302227148083933
6337,0.004258224469682925
6338,0.00738102341142448
6339,0.019283698409164628
6340,1e-06
6341,0.00757878787658278
6342,0.006617778016417761
6343,0.028939801231661285
6344,0.011429305909064115
6345,0.0296058845997538
6346,0.01320838520298118
6347,0.08358643537170526
6348,2.9854751132969108e-06
6349,0.010722584327728057
6350,0.4688060886396796
6351,0.0032552269254039383
6352,0.013160430437182173
6353,0.0018960176223224974
6354,0.0019373057214558597
6355,8.455188420886808e-06
6356,1e-06
6357,0.005130648437797416
6358,0.009563771675115618
6359,0.010319114220755325
6360,0.012248532889009824
6361,0.0027043127212268174
6362,0.003752386396613906
6363,2.9719011568917205e-05
6364,1e-06
6365,0.007066467067762741
6366,0.009088845112264973
6367,0.010121073034409908
6368,0.01731558833107631
6369,0.003922185190045048
6370,0.011236157212101862
6371,0.1504478875833505
6372,5.160625195658499e-06
6373,0.009839671598138443
6374,0.009101682162870621
6375,0.01159580665835764
6376,0.011152457523795447
6377,0.02845215918956352
6378,0.029358555350005405
6379,0.08702902936561205
6380,1e-06
6381,0.013559910605014073
6382,0.325933535846165
6383,0.010302031879802099
6384,0.02337296128622306
6385,0.0214193204180738
6386,0.015744398521737674
6387,0.0528825013699024
6388,1e-06
6389,0.012557637028791284
6390,0.33662257759700465
6391,0.005252894946681073
6392,0.013801592720615551
6393,0.014733640017399826
6394,0.025486628734876067
6395,0.010168052995986995
6396,1e-06
6397,0.007854333578343203
6398,0.2881067431896311
6399,0.0027673510145642967
6400,0.006341382731892896
6401,0.007140627685233869
6402,0.00352021807144279
6403,0.1315848810760775
6404,1e-06
6405,0.008210632721634544
6406,0.2997394442812866
6407,0.14829688098874194
6408,0.00907172129512897
6409,0.0015437039019064879
6410,0.0011088215003544173
6411,1e-06
6412,1e-06
6413,0.0034987453143333846
6414,0.011771198801646763
6415,0.009732504478100227
6416,0.011863574294907957
6417,0.0027052869458390025
6418,0.006433246754001503
6419,1e-06
6420,1e-06
6421,0.004560470291639787
6422,0.016139954856430563
6423,0.0007774427732239544
6424,0.03401413851522647
6425,0.031680045754509195
6426,0.03817307771617984
6427,0.010815737646973618
6428,1e-06
6429,0.008106633183995956
6430,0.5026423214162263
6431,0.004717002412273856
6432,0.033164892608511375
6433,0.014906929469919748
6434,0.010540486347174548
6435,0.13830039098042043
6436,1e-06
6437,0.00988485761436627
6438,0.21438045975833883
6439,0.0036910951260229296
6440,0.0067797786718829045
6441,0.02712433115657995
6442,0.0128799288300531
6443,0.06755983682282594
6444,1e-06
6445,0.016157980340678325
6446,0.2961037272883502
6447,0.007607148097104161
6448,0.01096731798444356
6449,0.029601538009213006
6450,0.014901664515356737
6451,0.05377912682726572
6452,1e-06
6453,0.011296520338760073
6454,0.45993583943383076
6455,0.004460921855915265
6456,0.01602390536533106
6457,0.02790386547582441
6458,0.02561802679348947
6459,0.07147707357237752
6460,1e-06
6461,0.015720895510377725
6462,0.3146879269596576
6463,0.009882913074304472
6464,0.01889951443972417
6465,0.01927449157670725
6466,0.005990661312121572
6467,0.08928685386159303
6468,1e-06
6469,0.012106199015242236
6470,0.3151460438148778
6471,0.0015028357819252569
6472,0.005623788825188824
6473,0.0019255613432579352
6474,0.0015542397109326394
6475,0.021084290293350627
6476,1e-06
6477,0.006097948983748026
6478,0.20971680441255716
6479,6.0605933517890214e-05
6480,0.00027621291198843574
6481,0.0025596585837540774
6482,0.0022252308306116193
6483,0.012530186970536079
6484,1e-06
6485,0.008178405003702071
6486,0.22369144254649112
6487,0.00023999205579396674
6488,0.0020893116359824307
6489,0.027719824874086328
6490,0.019253378634311372
6491,0.027793033999686075
6492,1e-06
6493,0.012521017403577129
6494,0.3436277588724207
6495,0.004700748828808906
6496,0.015743298143631883
6497,0.0021341419145973995
6498,0.004006844575232373
6499,1e-06
6500,1e-06
6501,0.003688816425655791
6502,0.030176893113725428
6503,0.0008660909706628057
6504,0.030389457472780143
6505,0.001172135477788302
6506,0.0003760696158877697
6507,1.3247682139896148e-06
6508,1e-06
6509,0.0026004897204088416
6510,0.015877333945000217
6511,0.028033617205432123
6512,0.00571148977934689
6513,0.01162915714524297
6514,0.023623469392551413
6515,0.32261999580534556
6516,1e-06
6517,0.011834528903226107
6518,0.37512741028141217
6519,0.020347523545006584
6520,0.057489692931706284
6521,0.018473078038802885
6522,0.011479448214846817
6523,0.08240047437581861
6524,1e-06
6525,0.028582446061103006
6526,0.28571913463195503
6527,0.01710034912469764
6528,0.029803012266061257
6529,0.014621944696730295
6530,0.01734806284530524
6531,0.2065048829331263
6532,3.863680162559296e-06
6533,0.01287699787106001
6534,0.40286012760692386
6535,0.008741777479318326
6536,0.0175649498573361
6537,0.001927087531694841
6538,0.0018860571860225776
6539,0.009528036665787647
6540,1e-06
6541,0.011910479784120504
6542,0.33333541036226927
6543,0.00011364979334495799
6544,0.005915312403359026
6545,0.0009953729108358152
6546,0.0002563300323584708
6547,0.00031708277418364075
6548,1e-06
6549,0.009778265205248207
6550,0.24708698360999828
6551,3.198711193434261e-05
6552,0.0037547812380317428
6553,0.00305871735463161
6554,0.0033037872042497606
6555,0.11253831800562321
6556,0.0013590125092369171
6557,0.009691826005468963
6558,0.0070723538199514565
6559,0.03339218502157984
6560,0.011372424717982903
6561,0.0024936763959555637
6562,0.004791110768035325
6563,0.005652743454505861
6564,1e-06
6565,0.008362931648572788
6566,0.0033219921578351392
6567,0.012074758708807268
6568,0.011976454643300072
6569,0.00307500387514375
6570,0.0036505668595522922
6571,0.1344411566834546
6572,0.0026898779046219683
6573,0.009812193507015213
6574,0.006413750447326653
6575,0.024044731698531472
6576,0.01303923227389278
6577,0.01565985937864875
6578,0.15700831180164937
6579,0.00033960594604199885
6580,4.708845247619289e-05
6581,0.012049646642219254
6582,0.17511163782747913
6583,1e-06
6584,0.02827300682022109
6585,0.0019303245097365548
6586,0.0013770886852629948
6587,1e-06
6588,1e-06
6589,0.006376467381844288
6590,0.012098848754509067
6591,0.011060174121324626
6592,0.01760978785394098
6593,0.002635204034234448
6594,0.004927397899164916
6595,1e-06
6596,1e-06
6597,0.006480685692734865
6598,0.01897911346715147
6599,0.0009544152557074789
6600,0.0325860287762547
6601,0.0019506868613872307
6602,0.0012995021065917481
6603,1e-06
6604,1e-06
6605,0.006676720252154702
6606,0.010550295096774041
6607,0.011643258462890861
6608,0.017331719942712757
6609,0.009542564579235652
6610,0.004822706595536295
6611,0.04235735266308738
6612,0.0024609312472148163
6613,0.016943600440282196
6614,0.0419784428089974
6615,1.4875023378705638e-05
6616,0.01623101244982143
6617,0.0020578289839127766
6618,0.002153185691795709
6619,0.007932704788964956
6620,1e-06
6621,0.010235334700347225
6622,0.32211645597795246
6623,0.00021758991715141053
6624,0.010431448183067227
6625,0.004454869785288002
6626,0.023121408076157698
6627,0.007985222854592341
6628,1e-06
6629,0.017216103252371225
6630,0.018069872165481095
6631,0.0012773805600054383
6632,0.015205845284384411
6633,0.005867307399730505
6634,0.014899924969010664
6635,0.0015073241684401576
6636,3.197526711843669e-05
6637,0.016123633451700328
6638,0.01026911028084671
6639,0.0009992627231859355
6640,0.023990464190447428
6641,0.004163518726336772
6642,0.0006258686840546891
6643,0.26159130460665364
6644,0.009555260539095405
6645,0.009092961468848694
6646,0.03491542358702703
6647,8.971113359654737e-05
6648,0.006544761369653539
6649,0.003792575924624883
6650,0.0033694738847184916
6651,0.04514784137625419
6652,0.002375701230531127
6653,0.008845018095542457
6654,0.008191759256091617
6655,0.021640158790723594
6656,0.01680829519755505
6657,0.0017085986722893873
6658,0.0009028630258994634
6659,1e-06
6660,1e-06
6661,0.006067698501134023
6662,0.00994128807854528
6663,0.012048206661334082
6664,0.015974901155502336
6665,0.003053541998744811
6666,0.0027290017036817266
6667,0.03762853539643334
6668,0.0016659345506174832
6669,0.00916750474880888
6670,0.008495519099869104
6671,0.03270629330566324
6672,0.011677414976008457
6673,0.005645659530321613
6674,0.01215230197688354
6675,0.00112807079203981
6676,5.477699301531789e-06
6677,0.016246916273310145
6678,0.011322676311814269
6679,0.001150705544329794
6680,0.023979321520930182
6681,0.0005507432478781931
6682,0.0006230937090825656
6683,0.007822429497279553
6684,0.00045431951445506537
6685,0.0025701986024510267
6686,0.004004014070591937
6687,0.030018604328913484
6688,0.0056458021508889065
6689,0.010655917217313949
6690,0.006326734233739462
6691,0.7851798061355403
6692,0.016767396516336082
6693,0.02565459616021883
6694,0.09399633063283129
6695,1e-06
6696,0.00969058144772792
6697,0.003175654886061014
6698,0.006920930567046956
6699,1e-06
6700,1e-06
6701,0.007690951649567069
6702,0.012175661894997187
6703,0.000865614010072683
6704,0.03495410600682331
6705,0.0015815749173030578
6706,0.0009667566696487198
6707,1e-06
6708,1e-06
6709,0.006563926358908859
6710,0.0092878122843008
6711,0.011046528340629545
6712,0.014419404452104963
6713,0.0018648121793679038
6714,0.001020212552958708
6715,1e-06
6716,1e-06
6717,0.006713907409432402
6718,0.0089118325898029
6719,0.011652433953359152
6720,0.017858018738187525
6721,0.002533837750723943
6722,0.004827193192989168
6723,1e-06
6724,1e-06
6725,0.00663153886552977
6726,0.013818960702092655
6727,0.0008689073011806366
6728,0.028185134707651657
6729,0.000630649035706577
6730,0.000337470664911903
6731,0.006052341551487638
6732,1e-06
6733,0.009141146021478743
6734,0.1742442837695017
6735,7.398652689636045e-05
6736,0.0015277392824180089
6737,0.011419191636168929
6738,0.002191186910631674
6739,0.02210081179764436
6740,1e-06
6741,0.021076552038971207
6742,0.22992149814922855
6743,0.003401463135741132
6744,0.007069456200986045
6745,0.0014515275705128579
6746,0.0014194666816888502
6747,0.005423905891719274
6748,1e-06
6749,0.00813083542787659
6750,0.25370050296928826
6751,0.00032041606139205964
6752,0.00885596276691118
6753,0.0014318869248399735
6754,0.0016455381053525372
6755,0.021281092783111577
6756,1e-06
6757,0.009393008520663146
6758,0.24675866484453088
6759,0.0004030737464522396
6760,0.003796685121974962
6761,0.008353261533041886
6762,0.0024188896308505185
6763,0.1100339413010702
6764,1e-06
6765,0.008674797620722255
6766,0.121703852858581
6767,0.0009146701149303799
6768,0.001750038276767145
6769,0.004332857590352755
6770,0.0005235865142127658
6771,0.07467387000775803
6772,1e-06
6773,0.009587471919426705
6774,0.08646562784570588
6775,0.0003499779929581214
6776,0.0008438657386652747
6777,0.007330525020333701
6778,0.006257891363217067
6779,0.9108848840328413
6780,0.005753637951648392
6781,0.022467638334292845
6782,0.07331222970701227
6783,0.0729720472334739
6784,0.01855176789285783
6785,0.004670535771099695
6786,0.00546342603977958
6787,0.6362693203926055
6788,1e-06
6789,0.02382780496939327
6790,0.1332511227250595
6791,0.00632369907758707
6792,0.008813685090576458
6793,0.003231854478120144
6794,0.0077264438658677295
6795,1e-06
6796,1e-06
6797,0.008584476211936124
6798,0.01695958560117479
6799,0.0008397675687042551
6800,0.034880398258380844
6801,0.00361397969633459
6802,0.006776155634305241
6803,1e-06
6804,1e-06
6805,0.00894361215868838
6806,0.013587902170685529
6807,0.0007866719220701901
6808,0.05147209596078958
6809,0.0013663603028330976
6810,0.0008365647865904882
6811,1e-06
6812,1e-06
6813,0.006581374991214001
6814,0.012308456633352007
6815,0.01127436427806698
6816,0.013667105195911234
6817,0.0053997933053295845
6818,0.0017868713556067365
6819,0.012240465014761922
6820,1e-06
6821,0.008420750294893552
6822,0.13350359268576317
6823,0.00048573185073813536
6824,0.001143944257782454
6825,0.00677530827218046
6826,0.0020484530550671566
6827,0.037935612323006386
6828,1e-06
6829,0.009600655345737081
6830,0.12479019002186278
6831,0.0008072262429936548
6832,0.0017154818535800181
6833,0.004464162562313284
6834,0.006412323121677481
6835,0.2984222207851696
6836,1e-06
6837,0.016711633648476762
6838,0.17211497780004323
6839,0.0011873964955403287
6840,0.002243974023067852
6841,0.0015948603500133534
6842,0.0007303453011865922
6843,1e-06
6844,1e-06
6845,0.006095548649107059
6846,0.012473070916860935
6847,0.011967570557120681
6848,0.017472172699567513
6849,0.004363607232880453
6850,0.004223347293193725
6851,0.9556950616241617
6852,1e-06
6853,0.011793869336119244
6854,0.0487079587086167
6855,0.17992083982826176
6856,0.010701847612384626
6857,0.0003067916014990187
6858,0.00023708939417338467
6859,0.0023262531047398326
6860,1e-06
6861,0.0068327431768082985
6862,0.13727000367521489
6863,0.06555168647197927
6864,0.006365600313758293
6865,0.00015951798255844904
6866,0.00043915579757971407
6867,0.058453340680650306
6868,1e-06
6869,0.0041945963515398164
6870,0.12915280850792837
6871,0.01043048279965063
6872,0.0006482062496341562
6873,0.00659679017284342
6874,0.0016978512365357834
6875,0.07390563928956764
6876,1e-06
6877,0.011797143896784141
6878,0.11109315817265443
6879,0.0011439725046257527
6880,0.002344932628770494
6881,0.0099029605890659
6882,0.0054202924424257585
6883,0.04185812846360673
6884,1e-06
6885,0.01151085645291157
6886,0.13743309403543302
6887,0.0026338742413793384
6888,0.004317851354646306
6889,0.004140952054589943
6890,0.006394700000967223
6891,0.3979705526408592
6892,1e-06
6893,0.015160180990614388
6894,0.0448063092225888
6895,0.019528106224944622
6896,0.015278080809026328
6897,0.009512697126143183
6898,0.008185797394760115
6899,0.11533134049014063
6900,1e-06
6901,0.02738458844174325
6902,0.23330128683249854
6903,0.010797787468731066
6904,0.028502681084732383
6905,0.005006387959036114
6906,0.002615829282178302
6907,0.09421306206636525
6908,1e-06
6909,0.010649624500318249
6910,0.02220189757909379
6911,0.003317110925565699
6912,0.010817889901635073
6913,0.00019974890744668501
6914,4.891096688637609e-05
6915,0.003841190119783354
6916,1e-06
6917,0.00371702115057954
6918,0.08538261819048575
6919,0.05780333143739034
6920,0.0003236025940229729
6921,0.0002434197362326237
6922,0.0003853370150263617
6923,0.056661557993443384
6924,1e-06
6925,0.0038897259465672154
6926,0.022483904546999032
6927,0.0030233614314430193
6928,0.00023971645466255376
6929,0.0012605823336112082
6930,0.0002976668666422
6931,0.09579855078266361
6932,1e-06
6933,0.003152897090008093
6934,0.04011906168405293
6935,0.0003942913957016593
6936,0.0002967906154002754
6937,0.031548371755996035
6938,0.032505176061130854
6939,0.5138557704632531
6940,1e-06
6941,0.034208131287659066
6942,0.16019959973645997
6943,0.10482878784315046
6944,0.07955475272920311
6945,0.023215856339041482
6946,0.01856965114028286
6947,0.5481598337516851
6948,2.7968065939966894e-06
6949,0.05571842662880612
6950,0.179765511094639
6951,0.043443907361932266
6952,0.08823827678927798
6953,7.729643000033834e-05
6954,5.527403922424141e-05
6955,0.00013126797671750618
6956,1e-06
6957,0.002631555871632634
6958,0.19388953992376068
6959,0.0016315905323426186
6960,0.003674789065825108
6961,0.018602435694939547
6962,0.013839814321007044
6963,0.4225830531581915
6964,1e-06
6965,0.04862634724893371
6966,0.18561479494842417
6967,0.03483471944726937
6968,0.07334841168719913
6969,0.013225057909881658
6970,0.023979061303538735
6971,0.5494387896909982
6972,1e-06
6973,0.01939929146430216
6974,0.02276778140100462
6975,0.0032929931135786588
6976,0.03631536250942657
6977,0.0415450711911201
6978,0.033246794827140845
6979,0.3970592231486624
6980,2.0259486195071898e-05
6981,0.053889429096293406
6982,0.22919522018130903
6983,0.06588365788894744
6984,0.13351385939056257
6985,0.007370476153422364
6986,0.007550126508267375
6987,0.013525525823894439
6988,1e-06
6989,0.013149514213376769
6990,0.021277910223993553
6991,0.004866170572638829
6992,0.0195031693502311
6993,0.0210509119110903
6994,0.024632340875909303
6995,0.5712643454624036
6996,1e-06
6997,0.03778694363982801
6998,0.19091485182681553
6999,0.015549364328082727
7000,0.031185793750814747
7001,0.011909315994645562
7002,0.009659321767337572
7003,0.91000596033562
7004,9.188159330136439e-05
7005,0.023600369394742884
7006,0.08592298766848593
7007,0.09416066705948034
7008,0.05038320697312838
7009,0.007110509522202459
7010,0.010137033188424788
7011,0.7881766419736146
7012,2.337900916705578e-06
7013,0.01785574714312175
7014,0.07418884250999956
7015,0.07921417410412405
7016,0.03825498532948518
7017,0.00012469510474536743
7018,0.00026463495200386043
7019,0.0013912175740671147
7020,1e-06
7021,0.0033997042622159255
7022,0.25488747889597363
7023,0.004169239285049513
7024,0.00036235676655419814
7025,0.00012175376658970096
7026,0.0002942527430707797
7027,0.0036701954340998765
7028,1e-06
7029,0.003133453116458106
7030,0.24477246119691654
7031,0.002916152019036105
7032,0.0011173508126431247
7033,0.0007130476265943253
7034,0.0005502312412036088
7035,0.025155427646041843
7036,1e-06
7037,0.012105705189125807
7038,0.084097005491926
7039,0.0008602307748213935
7040,0.003005759073670162
7041,0.011170038661385804
7042,0.01111239740414152
7043,0.8926086552388445
7044,4.165383757686633e-05
7045,0.022341355110675417
7046,0.09427759175332136
7047,0.06885031753930498
7048,0.05043182047277726
7049,0.0014028422610573052
7050,0.0009024157949791083
7051,0.0031886148960238586
7052,1e-06
7053,0.009669957658661745
7054,0.14818625316130865
7055,0.0013050200556291613
7056,0.010734813166834122
7057,0.014686844106135587
7058,0.006539694631519968
7059,0.837997089116983
7060,0.0022538812905511406
7061,0.021341431517673874
7062,0.07102639854943782
7063,0.10924520923672829
7064,0.05256691955376251
7065,0.00013539865540294714
7066,0.0003437319380925094
7067,0.007655141241844628
7068,1e-06
7069,0.002875210127012125
7070,0.19289316293221492
7071,0.004833549269638397
7072,0.0022007899735210336
7073,0.022344911135683022
7074,0.02329220917073705
7075,0.15478758895393713
7076,0.0008702419403397154
7077,0.02688908690238509
7078,0.042689521906297524
7079,0.015994686660096406
7080,0.06500797122546355
7081,0.001888479324817325
7082,0.00146255311796796
7083,0.023213427765773308
7084,1e-06
7085,0.009928684001169936
7086,0.1144242306600184
7087,0.0036413917552847595
7088,0.011695906753298553
7089,0.004297645210132934
7090,0.019063157707403536
7091,0.3114076619311242
7092,1e-06
7093,0.01620802325040931
7094,0.04478598450252091
7095,0.004677851362630141
7096,0.0134522676691961
7097,0.019455581118838734
7098,0.04086653453032361
7099,0.24914717258668845
7100,1e-06
7101,0.020866469836912035
7102,0.042732859931069116
7103,0.0011281613429568321
7104,0.020770219876185717
7105,0.0065194067481431014
7106,0.007643292531418582
7107,0.38958511767989323
7108,0.030876622264336875
7109,0.015207941718657372
7110,0.031739368367372255
7111,0.04316013516835714
7112,0.030599031625687268
7113,0.014402859429976404
7114,0.022055599737620873
7115,0.01396596418393961
7116,1e-06
7117,0.01739234280796366
7118,0.07307485746185013
7119,0.003215690079445846
7120,0.02184396070946175
7121,0.015128464784339568
7122,0.013892001051245492
7123,0.2239759738772738
7124,0.0003568061172573058
7125,0.018209792550230832
7126,0.05375482633166576
7127,0.013120393147387261
7128,0.0386468103670103
7129,0.002033007260060469
7130,0.0014086018123690021
7131,0.009443985018234697
7132,1e-06
7133,0.008840031391919424
7134,0.14473655668426144
7135,0.003556637809426543
7136,0.01788989333541766
7137,0.014928285786105088
7138,0.009568194670157062
7139,0.45426231812424334
7140,0.033352628461294304
7141,0.017754097392851505
7142,0.05053831872276442
7143,0.04173621944714268
7144,0.053855010812474534
7145,0.0018823970471802249
7146,0.0012079052680364186
7147,0.0028595828335321316
7148,1e-06
7149,0.007974318513742903
7150,0.1837653551568904
7151,0.0029063485499403953
7152,0.02015681803229015
7153,0.011839891614901048
7154,0.010884734335211532
7155,0.5172850422286703
7156,0.0012341419687924824
7157,0.028136411060963182
7158,0.18073366352765044
7159,0.01235719768148256
7160,0.042435238951346474
7161,0.00150966480274003
7162,0.0011015294789158564
7163,0.005927334612529688
7164,1e-06
7165,0.008362010521050862
7166,0.16739827722154588
7167,0.0014510542719669169
7168,0.013763627991107162
7169,0.011118740418593325
7170,0.010608286372883234
7171,0.30400503055429334
7172,5.9027030994691625e-05
7173,0.029045791080384076
7174,0.2099055371347944
7175,0.005758577338604159
7176,0.025108870892572365
7177,0.007852929533366367
7178,0.011131819397144806
7179,0.5956787131030234
7180,1.810216582156935e-06
7181,0.024224082049718713
7182,0.07176417117745298
7183,0.006044740669038605
7184,0.023813957698191356
7185,0.0013921522872663466
7186,0.001112550138369799
7187,0.006825261213495668
7188,1e-06
7189,0.008439464052955295
7190,0.2039793426491133
7191,0.0008045591837720056
7192,0.012473148995061885
7193,0.014320947715828862
7194,0.008752634353721941
7195,0.44582288432263867
7196,6.617051966534878e-06
7197,0.019898761605876086
7198,0.1928032044830927
7199,0.026738971269802257
7200,0.05104616139398623
7201,0.016423132510442258
7202,0.012647722715825701
7203,0.7090501297995656
7204,0.10610696738620475
7205,0.026598376475209577
7206,0.10037816800503009
7207,0.033051169407382994
7208,0.05159256136670098
7209,0.0010269000290636196
7210,0.0005185181661765845
7211,0.0011072931023538043
7212,1e-06
7213,0.00920562877490076
7214,0.168026962375958
7215,0.0007330405800687954
7216,0.00882920345093918
7217,0.0015956496371953542
7218,0.0012285553425014544
7219,0.020440871609953955
7220,1e-06
7221,0.010149381306098616
7222,0.12966576521366044
7223,0.0020698691713416056
7224,0.010438921843063635
7225,0.03336541256904727
7226,0.02789124009405744
7227,0.6599303463036263
7228,4.877714776142764e-06
7229,0.05220706842500251
7230,0.17823069230235683
7231,0.08740411358857084
7232,0.1242155562058236
7233,0.019358251613844506
7234,0.012926542213973397
7235,0.17100759940737661
7236,0.0009326611111224678
7237,0.03692504490039774
7238,0.19688024015757685
7239,4.826320444753916e-06
7240,0.029827648760933165
7241,0.017128007316213847
7242,0.011504053407591057
7243,0.21795329079041859
7244,0.0002690389382137431
7245,0.026286058027314207
7246,0.11221450746555721
7247,0.021351048623355767
7248,0.040121736579042416
7249,0.014929183346015874
7250,0.009820712131650106
7251,0.6629247351843968
7252,1.7440368926442748e-06
7253,0.023817920278081287
7254,0.14485335332704566
7255,0.05565558247510736
7256,0.06684163369154497
7257,0.005218214333522145
7258,0.004516332435339219
7259,0.12162655571972561
7260,0.0088187574825499
7261,0.01334828401173323
7262,0.04045340442803293
7263,0.04409385207884592
7264,0.017807514477935302
7265,0.00605412754836344
7266,0.004824481951565801
7267,0.044646683001358045
7268,0.08005189891405957
7269,0.011697665194105882
7270,0.035013108455660025
7271,0.03307869058867196
7272,0.025830763650246495
7273,0.007228756261801352
7274,0.004251456938773938
7275,0.00726719332449131
7276,0.0025979762932967277
7277,0.009712188787536756
7278,0.03262175803710497
7279,0.02881964749411421
7280,0.034660580927534504
7281,0.005083256346165074
7282,0.005038974393216626
7283,0.06021744103621602
7284,0.04355512318010335
7285,0.012307227863552709
7286,0.03942244121281349
7287,0.03439608061548205
7288,0.019294424659962527
7289,0.01020416944651132
7290,0.003384712259304953
7291,0.036222881337925124
7292,0.0006449546903654275
7293,0.012542891670769399
7294,0.12658555525500512
7295,0.003909454386525265
7296,0.020870418406477097
7297,0.012234444637320336
7298,0.04045228674733942
7299,0.7416526472320555
7300,1e-06
7301,0.044028269071421565
7302,0.2899214104106376
7303,0.04192628988140176
7304,0.04906543765675677
7305,0.010006417493352716
7306,0.003413226902421439
7307,0.050691092712288915
7308,0.0005940070476858501
7309,0.012864164920980295
7310,0.14698162405869689
7311,0.003888565621330132
7312,0.019602811556091386
7313,0.015047335055562798
7314,0.004182261067968292
7315,0.0007699145926072658
7316,0.00021288221464628028
7317,0.010785149881807572
7318,0.10800497531579406
7319,0.003553089467364378
7320,0.04410833330571705
7321,0.01752966978613062
7322,0.004639204528515607
7323,0.00047282724070273605
7324,0.00018532475660698274
7325,0.010839711051959524
7326,0.11475399223182531
7327,0.0033613779556253666
7328,0.05672696332034177
7329,0.014966817800837704
7330,0.0042822088913569804
7331,0.00343691280083606
7332,0.0004440524077964893
7333,0.012552562732488639
7334,0.12752833833981403
7335,0.004199526917633257
7336,0.03561872125102787
7337,0.011819132302949968
7338,0.01651990456860869
7339,0.2873978661775126
7340,0.0004235241287855044
7341,0.03105359687722642
7342,0.16476998820003133
7343,0.00611552161174837
7344,0.05126168095961476
7345,0.015282789392786888
7346,0.009870395497905868
7347,0.23220969460670615
7348,1e-06
7349,0.018571510350727505
7350,0.2521622887592472
7351,0.024316236805084584
7352,0.072873962127065
7353,0.021833943676732106
7354,0.022768687967833854
7355,0.00030362649085163883
7356,8.893092066988464e-06
7357,0.023857184071540354
7358,0.1367219493227505
7359,0.0019137129278797827
7360,0.06949017918746701
7361,0.02072441792685382
7362,0.009607315071102159
7363,1.3050027963604053e-06
7364,1e-06
7365,0.00856509107781276
7366,0.07046787040508087
7367,9.746960103525516e-05
7368,0.0028599002895350364
7369,0.05038575277909879
7370,0.04732038365305349
7371,0.0001037090039080073
7372,1e-06
7373,0.03957298977292247
7374,0.23079725355026723
7375,0.008782215548020406
7376,0.12257736093189199
7377,0.018369910166763405
7378,0.008653726950513668
7379,0.0702583730909025
7380,1e-06
7381,0.020326620967280863
7382,0.20686407543065916
7383,0.01812289992548405
7384,0.07495251295713026
7385,0.04314952755200496
7386,0.04617902312823968
7387,0.00019903110526122388
7388,1e-06
7389,0.035320393975703426
7390,0.1628211176869847
7391,0.002207150004918965
7392,0.05879539530866268
7393,0.042653567317655704
7394,0.043647859616097094
7395,2.5624461987513255e-05
7396,1e-06
7397,0.03404352665023176
7398,0.353000779117043
7399,0.016702544255739915
7400,0.14323030461625075
7401,0.010060666644253742
7402,0.029149611646966504
7403,0.00043219437046972977
7404,1.2780796955024244e-06
7405,0.01961663328729042
7406,0.5369530101284959
7407,0.003712627217127139
7408,0.03811674279061189
7409,0.010200053682059543
7410,0.03023546451856017
7411,4.501157609121576e-05
7412,1e-06
7413,0.018517730344375333
7414,0.5411161685815659
7415,0.004638545798725611
7416,0.04645606012477047
7417,0.02784184087973975
7418,0.0008569803789162254
7419,1.309585719740195e-05
7420,1e-06
7421,0.004192123260221938
7422,0.21394613574886256
7423,1e-06
7424,0.030348172341029288
7425,0.047550241534408615
7426,0.006650497282506078
7427,0.00026421641165713064
7428,1e-06
7429,0.009498018479222414
7430,0.440789453336168
7431,1.9006526397171348e-06
7432,0.06507222697836142
7433,0.0581225198961914
7434,0.010091519968107613
7435,6.780232314325419e-05
7436,2.781048853513268e-06
7437,0.012029958352068848
7438,0.2581385790201661
7439,3.242113071744801e-06
7440,0.05902887583646912
7441,0.029116458953699836
7442,0.038650659904769014
7443,0.001358378340281886
7444,1e-06
7445,0.023695306494360118
7446,0.16986788273529274
7447,0.0003234166229540151
7448,0.03808418373596365
7449,0.003226266555084283
7450,0.026820126705240383
7451,0.2179270702350147
7452,1e-06
7453,0.012010597697713272
7454,0.5009981301833849
7455,0.024848418538496862
7456,0.039866160705295216
7457,0.03199927823626604
7458,0.00829419195267719
7459,0.011255870302701493
7460,0.22598912708925264
7461,0.017107248276958767
7462,0.40288463666066554
7463,4.251181918922586e-05
7464,0.04948468728048418
7465,0.008625211027742935
7466,0.008323724294839841
7467,0.0006302721255988388
7468,2.893460107429743e-05
7469,0.019345055773121414
7470,0.042012081400784614
7471,0.005067489543998697
7472,0.08370722830520425
7473,0.0036959640198407227
7474,0.004592241235352502
7475,0.024705806614955163
7476,1e-06
7477,0.016727130576736592
7478,0.05935679470728972
7479,0.004939396850145802
7480,0.02232641463785947
7481,0.0022497146790240244
7482,0.00984811605712029
7483,0.3736196033330087
7484,1e-06
7485,0.015623812769741785
7486,0.10361846268283822
7487,0.0050370301029287
7488,0.02145920429276552
7489,0.003641615288547543
7490,0.0047296221392556315
7491,0.014511296143469365
7492,1e-06
7493,0.016594079080981552
7494,0.06284174297878124
7495,0.0039821214659280625
7496,0.022236056431383933
7497,0.003966707122455919
7498,0.003380298833998103
7499,0.002434031208628461
7500,1e-06
7501,0.016238069366884617
7502,0.06214688310140388
7503,0.004197453809689468
7504,0.021300101401931972
7505,0.00925977702460771
7506,0.005319589219495573
7507,2.057680013698235e-05
7508,2.5417076957870844e-06
7509,0.019118621586903646
7510,0.042631835637487875
7511,0.004016067227682797
7512,0.07827958601395173
7513,0.0015934461164417428
7514,0.002938863729630696
7515,0.6982533705064271
7516,3.4131515455469187e-06
7517,0.008209719866973678
7518,0.040908165732944674
7519,0.031559312228769135
7520,0.02207422579304229
7521,0.0007218382251209698
7522,0.0005194493656095899
7523,0.0023544979461222995
7524,1e-06
7525,0.007410786847166608
7526,0.34368283521555787
7527,0.0064228623617001886
7528,0.043393084738926224
7529,0.002462638842456917
7530,0.0029934473295069354
7531,6.541707560887677e-05
7532,1e-06
7533,0.017951023746946626
7534,0.15628951061139248
7535,0.00970493414273907
7536,0.008341017582221477
7537,0.0036660720710556143
7538,0.0017312501984609876
7539,3.069702880262638e-05
7540,1e-06
7541,0.025025397452671932
7542,0.1654821126984826
7543,0.007564484631543821
7544,0.02283581445085786
7545,0.001214133522416903
7546,0.0022658645543443784
7547,0.13482266870177848
7548,1e-06
7549,0.008891163898848238
7550,0.19105543702280878
7551,0.12217995999202413
7552,0.039870139480123974
7553,0.0010922195155348446
7554,0.0015584140010421823
7555,0.00016081709970980986
7556,1e-06
7557,0.009907079172374076
7558,0.11615195121975963
7559,0.00503310095923511
7560,0.002516941246173988
7561,0.0016135504581017961
7562,0.0019479332026954678
7563,0.00012132795162686517
7564,1e-06
7565,0.013910755600288646
7566,0.14565228804735167
7567,0.006865940861972614
7568,0.010154275856279515
7569,0.006878003995894582
7570,0.006197825383014641
7571,0.000267510357185105
7572,1e-06
7573,0.003039955523944368
7574,0.09602906826104976
7575,1.081154232474224e-05
7576,0.0008331734985337992
7577,0.008177216276925615
7578,0.004044340123596146
7579,0.0021415772974351537
7580,0.14594269810464547
7581,0.028764834191349287
7582,0.3088040756019225
7583,0.01007488576106484
7584,0.06625656774728812
7585,0.001487514408039318
7586,0.005188522202999988
7587,0.2952768492465328
7588,1e-06
7589,0.010374777045459792
7590,0.18838153464064128
7591,0.01028787181328222
7592,0.025321606088278468
7593,0.004949868883017986
7594,0.0057785900199356375
7595,0.0410496386041794
7596,1e-06
7597,0.01512546197527768
7598,0.0933655775912743
7599,0.012459391131786509
7600,0.041016589376849155
7601,0.0030324490647760274
7602,0.0010463350903593923
7603,1e-06
7604,1e-06
7605,0.020054656721952245
7606,0.3201863931340977
7607,0.0015901712069812668
7608,0.026618555710957257
7609,0.0034966856144508993
7610,0.0012307993903881204
7611,1e-06
7612,1e-06
7613,0.01718915192448657
7614,0.12331007210676997
7615,0.0022507436984476616
7616,0.025909429554486087
7617,0.003357249221826758
7618,0.0018119523482841022
7619,1e-06
7620,1e-06
7621,0.01283189268803015
7622,0.13550152902014503
7623,0.01704612160017216
7624,0.03289320497179508
7625,0.0019176311216783498
7626,0.0011734718559102035
7627,1e-06
7628,1e-06
7629,0.01656326863188179
7630,0.40856830685781304
7631,0.017213273155979245
7632,0.06957562724412428
7633,0.002253664713040827
7634,0.0018043369810135722
7635,1e-06
7636,1e-06
7637,0.01523992269340933
7638,0.31999872937823587
7639,0.0210138479676204
7640,0.09550560980976121
7641,0.001852271483338991
7642,0.0012455348376902505
7643,1e-06
7644,1e-06
7645,0.014771239545288056
7646,0.2972779694369903
7647,0.014316963398816525
7648,0.07179320778296423
7649,0.002317363664312397
7650,0.0013960723113828565
7651,1e-06
7652,1e-06
7653,0.013226943786561557
7654,0.1681472655269119
7655,0.011995401424360421
7656,0.05797483192088661
7657,0.002073688174286588
7658,0.001425339565081953
7659,1e-06
7660,1e-06
7661,0.015634370276499568
7662,0.2893835508952665
7663,0.015518842234397253
7664,0.07518419035437969
7665,0.0016742932336778293
7666,0.00011522121399817146
7667,1e-06
7668,1e-06
7669,0.0022733988191051403
7670,0.08002399095283222
7671,1e-06
7672,0.0005781267634040329
7673,0.0010441987663725133
7674,0.0002079666908823835
7675,1e-06
7676,1e-06
7677,0.003321587061072944
7678,0.08798094449801648
7679,1e-06
7680,0.005423180339947967
7681,0.002101556024087485
7682,0.00026820984322255
7683,1e-06
7684,1e-06
7685,0.0027405813127471036
7686,0.0989741996163046
7687,1e-06
7688,0.0015826455616395935
7689,1.5801641119439266e-05
7690,5.9526379937039204e-06
7691,1e-06
7692,1e-06
7693,0.0009758117625513596
7694,0.15276672219266885
7695,0.0010368402163149926
7696,0.0023543765614671306
7697,0.00015928340591689222
7698,5.3003603257182876e-05
7699,1e-06
7700,1e-06
7701,0.0010571664844877347
7702,0.1293512390943453
7703,0.0004471926462610249
7704,0.006762541748872084
7705,3.16519638041687e-05
7706,2.220037361680126e-05
7707,1e-06
7708,1e-06
7709,0.0015077294364735266
7710,0.22002040236459736
7711,0.011477735315389223
7712,0.005589607857721862
7713,1.5344819625946914e-05
7714,1.3507300614032176e-05
7715,1e-06
7716,1e-06
7717,0.0009318675105708628
7718,0.2605740223897257
7719,0.0014995563067967627
7720,0.004033551739860525
7721,2.0095373171572094e-05
7722,1.7007015629103343e-05
7723,1e-06
7724,1e-06
7725,0.0007463092613407971
7726,0.2722891089651051
7727,0.0015712771085936471
7728,0.009852731458601438
7729,0.004243110716194533
7730,0.0011553523035211363
7731,1e-06
7732,1e-06
7733,0.0058094556544620824
7734,0.1640493138541831
7735,1.7307465680817024e-06
7736,0.013455639568135846
7737,0.004170732153135795
7738,0.0010026504969080725
7739,1e-06
7740,1e-06
7741,0.007317241345494109
7742,0.10751305631570264
7743,1.5693508288246131e-06
7744,0.012214178154580296
7745,0.0035200737957964516
7746,0.00028621761246894314
7747,1e-06
7748,1e-06
7749,0.002759967489071409
7750,0.08274288412144988
7751,1e-06
7752,0.0008752037296322069
7753,0.0002505239289173459
7754,0.00014951964788233733
7755,1e-06
7756,1e-06
7757,0.004812213705629144
7758,0.3142019624664989
7759,0.0018167144345492322
7760,0.04873857090824831
7761,0.0002765631027674927
7762,0.0001832161121910287
7763,1e-06
7764,1e-06
7765,0.005054921030939049
7766,0.2833602463146955
7767,0.001147022995551679
7768,0.039192323958780015
7769,0.00027466457155498025
7770,4.9778548430173945e-05
7771,1e-06
7772,1e-06
7773,0.0019315212387684254
7774,0.0991594040047659
7775,1e-06
7776,0.0012058730772874769
7777,0.0002747947083142852
7778,5.5629220795230907e-05
7779,1e-06
7780,1e-06
7781,0.002059992237510105
7782,0.10267604871187386
7783,1e-06
7784,0.0015533972216084026
7785,0.00041042918172252805
7786,0.00010780921874145195
7787,1e-06
7788,1e-06
7789,0.002554918721515933
7790,0.10748292883205353
7791,1e-06
7792,0.007757851399082467
7793,3.5274305503611735e-05
7794,2.030659871717187e-05
7795,1e-06
7796,1e-06
7797,0.0019873312274831605
7798,0.23074857119523617
7799,0.00047187871251032354
7800,0.0006586104228617633
7801,0.0003668506719805366
7802,0.0005066994853489757
7803,0.005744341601081526
7804,1e-06
7805,0.0037457184878204536
7806,0.30502082714230677
7807,0.20651456708848293
7808,0.032152998306769896
7809,0.0015698779432223007
7810,0.0009238909540941054
7811,1e-06
7812,1e-06
7813,0.02038239303786989
7814,0.16021800715189552
7815,0.043470269612245885
7816,0.03336515753166635
7817,0.001207922674148159
7818,0.00040469317186340005
7819,1e-06
7820,1e-06
7821,0.013525820550937179
7822,0.1253167591309616
7823,0.008727671819728488
7824,0.01760908394405609
7825,0.002147637608599267
7826,0.001187719492537055
7827,1e-06
7828,1e-06
7829,0.018285955649874897
7830,0.2934347783678226
7831,0.20750514620667473
7832,0.18487148648284923
7833,0.0008915649104831767
7834,0.00023788309165669272
7835,1e-06
7836,1e-06
7837,0.008822177764082569
7838,0.10100802634805674
7839,0.004924041776558003
7840,0.004886338964980567
7841,0.001540045681023145
7842,0.0009082435831531573
7843,1e-06
7844,1e-06
7845,0.016985647962435273
7846,0.18958564274923487
7847,0.05065794854825751
7848,0.09792820431143774
7849,5.731242348190265e-05
7850,1.3004156142925264e-05
7851,1e-06
7852,1e-06
7853,0.002077489777087594
7854,0.1451431398227997
7855,0.013081675865676962
7856,0.0038809087577912696
7857,0.0002232765888236589
7858,0.0002075523694117446
7859,0.0004692957772702061
7860,1e-06
7861,0.003035188698587815
7862,0.22557312351777029
7863,0.030592586053979468
7864,0.03253623242314762
7865,0.00022353966050143903
7866,0.00012781958554510472
7867,1.6420061332593524e-06
7868,1e-06
7869,0.004448120726435503
7870,0.17622674408424258
7871,0.17340585045592757
7872,0.015159664480960603
7873,0.00016136783343291767
7874,0.0001017095489378452
7875,1.159508271288023e-05
7876,1e-06
7877,0.0032050005264379205
7878,0.16879202372790675
7879,0.09175898679930419
7880,0.01647320540024549
7881,0.00022694861538434898
7882,0.0001090005194565922
7883,1e-06
7884,1e-06
7885,0.004403048296757431
7886,0.2050599003409363
7887,0.20480738100666732
7888,0.029610239959957103
7889,4.44395826361435e-05
7890,2.1179671026824534e-05
7891,1e-06
7892,1e-06
7893,0.0019932632232587634
7894,0.25522039970919413
7895,0.0012929383835549807
7896,0.013640172536514629
7897,5.320094956191093e-05
7898,2.436361423934476e-05
7899,1e-06
7900,1e-06
7901,0.0021857804479945664
7902,0.25787080837896237
7903,0.0025941786446660496
7904,0.026398351085090744
7905,6.894955368768047e-05
7906,2.0540796499813075e-05
7907,1.1945208493310729e-06
7908,1e-06
7909,0.0017954347013861439
7910,0.20669511167460417
7911,0.03231585393904541
7912,0.022848501380689775
7913,0.0001265544946030668
7914,7.362401530034285e-05
7915,1.2805395080222842e-06
7916,1e-06
7917,0.0022588055647600642
7918,0.35379428278306396
7919,0.04752689235778002
7920,0.03058209908294527
7921,0.00015540194559430481
7922,6.365018840617914e-05
7923,1e-06
7924,1e-06
7925,0.00423995413565755
7926,0.24253690543616147
7927,0.046718148093155214
7928,0.01367392350504606
7929,0.0011891638470677135
7930,0.00043344284710453666
7931,8.155675136972795e-06
7932,0.002056913740816442
7933,0.01029764915414076
7934,0.11840844165940476
7935,0.07486926534638458
7936,0.038617010903179934
7937,0.0002420701075256712
7938,9.796981125563149e-05
7939,1e-06
7940,1e-06
7941,0.0044799064338463075
7942,0.0628548220241557
7943,0.005133786977652228
7944,0.00689643752781781
7945,0.00023914767193186648
7946,8.163279167320213e-05
7947,1e-06
7948,1e-06
7949,0.004365136848192869
7950,0.047894377111746066
7951,0.003176281372258263
7952,0.002486110402251689
7953,3.805989319038953e-05
7954,1.3801071327586363e-05
7955,1e-06
7956,1e-06
7957,0.0016876696961822752
7958,0.12274306235829091
7959,0.020340900571427283
7960,0.004788133345642764
7961,3.111610005773608e-05
7962,1.0672557083510668e-05
7963,1e-06
7964,1e-06
7965,0.0016017466155991648
7966,0.09813054103638018
7967,0.00928843877646992
7968,0.00490242542397656
7969,0.0005451074155684884
7970,0.00024645274517834815
7971,1e-06
7972,1e-06
7973,0.00819706078099592
7974,0.1793317322564412
7975,0.01510734707664893
7976,0.035909258929602894
7977,4.792939327152966e-05
7978,2.3552909966423275e-05
7979,1e-06
7980,1e-06
7981,0.0019413642837327004
7982,0.12493751364618626
7983,0.03586671387649695
7984,0.005289356045799883
7985,0.00016845820496958746
7986,0.00015700837123887776
7987,1.8032052302572995e-05
7988,1e-06
7989,0.001892526091573213
7990,0.3406709127865606
7991,0.1416424825878404
7992,0.043379374501093
7993,3.957864188136295e-05
7994,1.5429699569342357e-05
7995,1e-06
7996,1e-06
7997,0.0017311017789491039
7998,0.13065070460144868
7999,0.032232591839804973
8000,0.0028004294015587018
8001,4.658181727262329e-05
8002,2.146854881735812e-05
8003,1e-06
8004,1e-06
8005,0.0019841665367191304
8006,0.11499343358748754
8007,0.02478734235036945
8008,0.0063252624312155024
8009,0.00019457090366553357
8010,0.00021618538024256544
8011,1e-06
8012,1e-06
8013,0.005159990256059103
8014,0.3470965810620072
8015,0.1656843118993597
8016,0.02309119487394952
8017,0.001558880524669978
8018,0.00011812556751058221
8019,1e-06
8020,1e-06
8021,0.0005834427765359868
8022,0.03898438404119382
8023,1e-06
8024,0.0005064199024872273
8025,5.3370905173375706e-05
8026,3.6693766397806196e-05
8027,1e-06
8028,1e-06
8029,0.0023465550401761287
8030,0.22050398968842883
8031,0.005647858037990459
8032,0.05181635496506646
8033,3.668411510458226e-05
8034,8.690956181002411e-06
8035,1e-06
8036,1e-06
8037,0.0017324283618749413
8038,0.1378811928110326
8039,0.005749898502541386
8040,0.010564865706751388
8041,4.2922754779613864e-05
8042,2.150521631202734e-05
8043,1e-06
8044,1e-06
8045,0.0020121655749468044
8046,0.1383987339007196
8047,0.014179053546531
8048,0.012870904101685052
8049,3.816250820450042e-05
8050,6.803837614991119e-06
8051,1e-06
8052,1e-06
8053,0.0014309779099438357
8054,0.08516697685103933
8055,0.013738566261980138
8056,0.00023904958723188472
8057,6.008883538414589e-05
8058,2.098868545309684e-05
8059,1e-06
8060,1e-06
8061,0.0017690132921511703
8062,0.1947323504008082
8063,0.008988232152138233
8064,0.019524711511114776
