id,pred
5129,0.01028015306199337
5130,0.026275277523972383
5131,0.06475984565401702
5132,0.007007089575578476
5133,0.0028970624513093477
5134,0.06949124148643168
5135,0.007475418525708797
5136,0.005053419464919546
5137,0.10122390716200248
5138,0.2263578343984784
5139,0.42883404484569576
5140,0.07107493730055908
5141,0.030541568493765558
5142,0.4474391604099555
5143,0.075499756998737
5144,0.052197273910308525
5145,0.06357549090143627
5146,0.14993202857967708
5147,0.31157813046629473
5148,0.0440898133101031
5149,0.018637049899973588
5150,0.3280176029056126
5151,0.046919510107115356
5152,0.03213154218594592
5153,0.07368690837512075
5154,0.17126611408399645
5155,0.3465366260854291
5156,0.05127179985310468
5157,0.02176733465497308
5158,0.36384573065210807
5159,0.05453614115105069
5160,0.03744189094991682
5161,0.13938919236654476
5162,0.2961569583025157
5163,0.5191697884124213
5164,0.09912661632083909
5165,0.0433420597469365
5166,0.5380024664456433
5167,0.10510022466305095
5168,0.07338697556131046
5169,0.062298661488329264
5170,0.14719346038906173
5171,0.3069531684554427
5172,0.043186279778713685
5173,0.018245164722440244
5174,0.32326320461222985
5175,0.04596077568618105
5176,0.031465003273137886
5177,0.14329807650599027
5178,0.302914703577119
5179,0.5272046165821028
5180,0.10204029117915239
5181,0.044697387919698406
5182,0.5459977926124493
5183,0.10816840197512112
5184,0.0756075703906046
5185,0.15317862506024413
5186,0.3196939922196913
5187,0.5466648258355522
5188,0.10943947833230895
5189,0.04816151875847139
5190,0.5653222445992004
5191,0.11595457195029747
5192,0.08126351477277294
5193,0.09594158722283407
5194,0.21611564887355308
5195,0.41433690843358106
5196,0.06724820845133231
5197,0.028829457360692073
5198,0.43278964511914225
5199,0.07145311762051164
5200,0.049332954971707324
5201,0.07934704904223051
5202,0.1829413486911551
5203,0.3648991665093134
5204,0.05531297295914056
5205,0.02354070865110385
5206,0.3825884655063681
5207,0.05881865381122704
5208,0.04043947305701718
5209,0.06477385812583887
5210,0.15249309724991392
5211,0.3158743493883241
5212,0.04493851126443017
5213,0.01900554123883132
5214,0.33243103906086596
5215,0.04781995286160046
5216,0.032757940104572655
5217,0.0063290101991214515
5218,0.016277570016781345
5219,0.04073134910691163
5220,0.004308461545551981
5221,0.0017784868973554913
5222,0.04378940458088017
5223,0.004597258838071524
5224,0.0031048523355248557
5225,0.06081307910494638
5226,0.14399433588270177
5227,0.30150941224313005
5228,0.04213597426387733
5229,0.017790157742073744
5230,0.31766277520069947
5231,0.04484615610960144
5232,0.030690619603591644
5233,0.10020924512711779
5234,0.22440201391314202
5235,0.42609229327649145
5236,0.07033883536092794
5237,0.03021160559743682
5238,0.44467106483053914
5239,0.07472151474715792
5240,0.05164581243842256
5241,0.0516149267104791
5242,0.12387420632136896
5243,0.26622501748753336
5244,0.0356555397328208
5245,0.014995446548051732
5246,0.28124917855891873
5247,0.03796542155447303
5248,0.025922820775611904
5249,0.05201860733416321
5250,0.12476867783201884
5251,0.26783314951856296
5252,0.035939131909530714
5253,0.015117291261821986
5254,0.2829130732797032
5255,0.038266656724809306
5256,0.02613109979805501
5257,0.05661948626561706
5258,0.13488849908583625
5259,0.2857680425068024
5260,0.03917660624573489
5261,0.016511213594698492
5262,0.3014420168931188
5263,0.04170472936612953
5264,0.028511175008314463
5265,0.07038416648107614
5266,0.16436580675209306
5267,0.3354328992730282
5268,0.04892067283214357
5269,0.02073959234036286
5270,0.352486553769855
5271,0.0520435354428048
5272,0.03570108549231933
5273,0.048908937052094655
5274,0.11785066753115964
5275,0.25529650703958323
5276,0.03375646378531763
5277,0.014180581878715123
5278,0.2699308055361997
5279,0.03594790342197643
5280,0.024528940851730397
5281,0.07714692636487962
5282,0.17842546862864797
5283,0.35785893615652337
5284,0.05374036354376082
5285,0.02284957106143546
5286,0.37540868164396446
5287,0.0571524039227608
5288,0.03927215441557297
5289,0.02364867489839731
5290,0.05920001365288308
5291,0.13902326000867743
5292,0.016188873915579605
5293,0.00672974611565222
5294,0.14831992048297193
5295,0.01726021372616155
5296,0.011705377031456953
5297,0.048784008524467785
5298,0.11757140937131787
5299,0.25478562533442123
5300,0.033668869218307744
5301,0.014143041192018741
5302,0.2694012327734468
5303,0.03585483330729598
5304,0.024464684502628002
5305,0.0947488935973578
5306,0.21378228766484447
5307,0.4109854597665258
5308,0.06638602238735872
5309,0.028444815207976794
5310,0.429398371724193
5311,0.07054109773276408
5312,0.04868846995493877
5313,0.06432002138001043
5314,0.15152423467192674
5315,0.3142523479169402
5316,0.044617020327016484
5317,0.01886591045961975
5318,0.33076512464581026
5319,0.047478872813912255
5320,0.03252062200856811
5321,0.12189302810369078
5322,0.2650433795359968
5323,0.48062585249200984
5324,0.08617815578510671
5325,0.037378142821508226
5326,0.4995128562258551
5327,0.09145067015746225
5328,0.06356353487825234
5329,0.07220394059096205
5330,0.16817587691245184
5331,0.34158741331682985
5332,0.050215487145732846
5333,0.021305228897375673
5334,0.3587850400452485
5335,0.053416362313602174
5336,0.03665949525426485
5337,0.13263476746870378
5338,0.2843156212122077
5339,0.5048069178565331
5340,0.09410985914669806
5341,0.041019984071976705
5342,0.5236860326581336
5343,0.09981464218124515
5344,0.06957228871355754
5345,0.11413083646248812
5346,0.2507686190495369
5347,0.46203953293479955
5348,0.08048184844865461
5349,0.03478469311700245
5350,0.48087239276883653
5351,0.08543843792967422
5352,0.05926509148928639
5353,0.11007955707683126
5354,0.24319866772589727
5355,0.4519389583814266
5356,0.07752047835002648
5357,0.033443617149282207
5358,0.47072035922571304
5359,0.08231101346031579
5360,0.05703597844896543
5361,0.06283464244741528
5362,0.1483442793335846
5363,0.3089006217111411
5364,0.0435654685435063
5365,0.018409576347020357
5366,0.3252655710815127
5367,0.046363144947582736
5368,0.03174469014899512
5369,0.10331384609490113
5370,0.2303691610386343
5371,0.4344186741903966
5372,0.0725926761207476
5373,0.03122284789908015
5374,0.45307388492902867
5375,0.07710414086926073
5376,0.053335043073057815
5377,0.06712334473865404
5378,0.15748855143488416
5379,0.32417472553593724
5380,0.04660438015149754
5381,0.019729935441781227
5382,0.34094965701486696
5383,0.049587090813539125
5384,0.03398834467235433
5385,0.04719269102061625
5386,0.11400519721878423
5387,0.24822817143246453
5388,0.03255372852844598
5389,0.013665466480333717
5390,0.26260016833276884
5391,0.03466988927590138
5392,0.023646934054427013
5393,0.05846452262660274
5394,0.1389085035801064
5395,0.2927629341221431
5396,0.04047762702536321
5397,0.017072911255935443
5398,0.3086547701156596
5399,0.04308594205036576
5400,0.029468869307358956
5401,0.014970123857810862
5402,0.037982435207893385
5403,0.09199410857722454
5404,0.010219254422650861
5405,0.004233155404848815
5406,0.09850568319043404
5407,0.010899916436228528
5408,0.007376642973020326
5409,0.05773572649086869
5410,0.13732318010753708
5411,0.2900130945440922
5412,0.0399635316425796
5413,0.01685085249188866
5414,0.30582020858928954
5415,0.042540187864249644
5416,0.029090354200863533
5417,0.06679711184347546
5418,0.1567969446472613
5419,0.3230317800410415
5420,0.046372916180294765
5421,0.01962919725726198
5422,0.3397773029455955
5423,0.04934157966615101
5424,0.033817316619954664
5425,0.08493540003850142
5426,0.19428607150563504
5427,0.3822486953020681
5428,0.05931768342602534
5429,0.025306700335616036
5430,0.40024900597733587
5431,0.06306023605916375
5432,0.043416819484642974
5433,0.04221326755835134
5434,0.10273633067344966
5435,0.22709259792624847
5436,0.02907177181871246
5437,0.012178372231867154
5438,0.240632575776474
5439,0.03096883288378556
5440,0.021096876063515336
5441,0.04469722035111573
5442,0.10837865224948587
5443,0.23775489911695527
5444,0.030807313130155715
5445,0.012918821726379643
5446,0.25172355319841183
5447,0.032813798413764445
5448,0.022367295703162825
5449,0.06423480378872669
5450,0.15134216780923954
5451,0.31394710027240363
5452,0.04455666415539432
5453,0.018839702457148805
5454,0.33045156663831426
5455,0.047414837373836755
5456,0.03247607313334321
5457,0.03476468173780114
5458,0.08556239713246136
5459,0.1936163847720011
5460,0.02388419552621195
5461,0.009974292163926484
5462,0.20569158341219973
5463,0.025451618061806503
5464,0.017306976722641358
5465,0.038960838855998575
5466,0.0952846585966597
5467,0.21275990106799939
5468,0.026803527891776414
5469,0.011212966804049831
5470,0.225694856496208
5471,0.028556929410996135
5472,0.019438394051401183
5473,0.045248212305993116
5474,0.10962457516081213
5475,0.24008764398326568
5476,0.0311926721240856
5477,0.013083439833334582
5478,0.2541476556684776
5479,0.03322339553861501
5480,0.02264954837315871
5481,0.08259919838657075
5482,0.18956519952804582
5483,0.3750867963801068
5484,0.05764172707244278
5485,0.024566591441360613
5486,0.3929643858705316
5487,0.061285427040091725
5488,0.04216998466234121
5489,0.09129019295967017
5490,0.20697186719202962
5491,0.40109774297670997
5492,0.06388960425801349
5493,0.027333388736612285
5494,0.4193830779218512
5495,0.06789979348711893
5496,0.04682418302931544
5497,0.027028540939337035
5498,0.06731058465729868
5499,0.1562535272791376
5500,0.018522812512015794
5501,0.00771065706697791
5502,0.1664796046340122
5503,0.01974550666807276
5504,0.01340173822376333
5505,0.04984629484417304
5506,0.11994268980875993
5507,0.25911173849608754
5508,0.03441392667131508
5509,0.01446247892053343
5510,0.2738843040406012
5511,0.036646429430492566
5512,0.02501133459497368
5513,0.030600707554714168
5514,0.07579182896418821
5515,0.17385275836770664
5516,0.02099509563994542
5517,0.008752686097676505
5518,0.18497811316417098
5519,0.022377264849649407
5520,0.015201085945870349
5521,0.039191937010571574
5522,0.09581653543961229
5523,0.21379256371082742
5524,0.02696453763884452
5525,0.011281409132516759
5526,0.22677221601265002
5527,0.02872816098330199
5528,0.01955605021741054
5529,0.024791074241811473
5530,0.06195082545345009
5531,0.1449118568127672
5532,0.016977177874309253
5533,0.007060751321714222
5534,0.1545316183097493
5535,0.01809972593540599
5536,0.012278085444234449
5537,0.06769519827924429
5538,0.15869929883041192
5539,0.32617082540706427
5540,0.04701023270034877
5541,0.019906639456000602
5542,0.34299662552781623
5543,0.05001755548425982
5544,0.034288282208108055
5545,0.027711484044804776
5546,0.06893923612444407
5547,0.15966583835400103
5548,0.01899503308495407
5549,0.007909453902100074
5550,0.1700702221887684
5551,0.0202482555278667
5552,0.013745230529898258
5553,0.03723925690094216
5554,0.09131073595474669
5555,0.20499671974945957
5556,0.02560483450368592
5557,0.010703837739506014
5558,0.21759015549524993
5559,0.02728201954706422
5560,0.018562797731544026
5561,0.06419193841492955
5562,0.1512505692004209
5563,0.31379347567764543
5564,0.044526305618665996
5565,0.018826520822459225
5566,0.330293754067111
5567,0.047382628006556286
5568,0.03245366608177392
5569,0.06948835278862737
5570,0.16248291192015288
5571,0.3323697895968059
5572,0.04828384685174936
5573,0.020461721779017995
5574,0.34934957787532
5575,0.051368253157416055
5576,0.035229971356776066
5577,0.08120524164589044
5578,0.18673350469812433
5579,0.3707515992363018
5580,0.05664295120937678
5581,0.024126246008864847
5582,0.3885510359704414
5583,0.06022755075767116
5584,0.04142750705480007
5585,0.024325520263636578
5586,0.06083097350673022
5587,0.14252020713196847
5588,0.016655855634567916
5589,0.006925792160889996
5590,0.15200942640215626
5591,0.017757541341416522
5592,0.012044611867765585
5593,0.09203137235086792
5594,0.20843682550420797
5595,0.40323806784067123
5596,0.06442409180988057
5597,0.027571061666269416
5598,0.42155229677754685
5599,0.06846537580358153
5600,0.04722310668657939
5601,0.075503796967378
5602,0.17503436775672795
5603,0.3525208489901457
5604,0.052567366424171445
5605,0.022334916101021122
5606,0.3699596328886764
5607,0.05590933212628191
5608,0.038402140456637
5609,0.017567297868254752
5610,0.044392100934650784
5611,0.10650930423334463
5612,0.012002240761532737
5613,0.004976979401782262
5614,0.11391939945416343
5615,0.012800124272958152
5616,0.008668013077775975
5617,0.07701121592378023
5618,0.17814598927153938
5619,0.35742067111755454
5620,0.05364343457102967
5621,0.022807015472734664
5622,0.3749614739058653
5623,0.057049691843827174
5624,0.039200240021894976
5625,0.013486629730073073
5626,0.03429789375737722
5627,0.08352499213381796
5628,0.009202158939649936
5629,0.0038095475058630215
5630,0.0894961867350587
5631,0.009815748283883721
5632,0.006640566991366934
5633,0.011127596666306592
5634,0.02840343739504663
5635,0.06978167170859625
5636,0.0075867867394907255
5637,0.003137811150414114
5638,0.07485060123099053
5639,0.008093544790289784
5640,0.005472380048670136
5641,0.07154518335539725
5642,0.16679892984785175
5643,0.33936991175787234
5644,0.04974658648670857
5645,0.021100288237744697
5646,0.35651634789212155
5647,0.05291923794947763
5648,0.03631233779235207
5649,0.07097322244891235
5650,0.16560129453085032
5651,0.337435007260232
5652,0.04933963148765164
5653,0.020922516317413153
5654,0.35453614774957115
5655,0.05248776246783086
5656,0.03601111769276247
5657,0.07084508547346358
5658,0.16533271745954578
5659,0.33700030161164796
5660,0.04924848189228049
5661,0.020882711058733613
5662,0.3540911851086717
5663,0.052391117555067486
5664,0.035943660101116
5665,0.054778091513894046
5666,0.13085469773837335
5667,0.27867567163866613
5668,0.03787971553378168
5669,0.015952174218061388
5670,0.294120832435497
5671,0.0403276610638634
5672,0.027557223348652612
5673,0.009713489790979553
5674,0.024849066553241265
5675,0.061376378969942434
5676,0.006619637617587664
5677,0.0027362452453157313
5678,0.06587798911555405
5679,0.007062254830666307
5680,0.00477347498295968
5681,0.06772184051175818
5682,0.15875565797641125
5683,0.3262635942986056
5684,0.047029144778731706
5685,0.019914875695894826
5686,0.343091743330125
5687,0.05003761387613318
5688,0.034302260502488996
5689,0.0520288879579484
5690,0.12479144362437605
5691,0.26787402997945275
5692,0.0359463551891371
5693,0.015120395269360142
5694,0.2829553659249293
5695,0.038274329233194355
5696,0.026136405238727508
5697,0.045349348175370785
5698,0.10985304503733734
5699,0.24051456601935015
5700,0.0312634206820573
5701,0.013113670546161915
5702,0.254591202963423
5703,0.033298591701699395
5704,0.022701374189055615
5705,0.0367505623486235
5706,0.09017892064221635
5707,0.20277019171491695
5708,0.025264813030586784
5709,0.010559550838691298
5710,0.21526388286351486
5711,0.02692034109320086
5712,0.01831453386141579
5713,0.024465918974468894
5714,0.061168859966950255
5715,0.14324263223545478
5716,0.016752747702601038
5717,0.006966482555150409
5718,0.15277138201648438
5719,0.01786072583775546
5720,0.012115009448205675
5721,0.023146292961711144
5722,0.057987249744972026
5723,0.13641235202639682
5724,0.0158423932778681
5725,0.006584358521471248
5726,0.14556393623849254
5727,0.016891197528461646
5728,0.011453736796767412
5729,0.03442440290139457
5730,0.08476857305461914
5731,0.19203058837816636
5732,0.023647806384382065
5733,0.00987418091700819
5734,0.20403191022234826
5735,0.02520011616432293
5736,0.017134541619170367
5737,0.033134229844828
5738,0.08175132825033185
5739,0.1859712455436657
5740,0.02275200647305973
5741,0.009495064063714736
5742,0.19768653154138807
5743,0.024246973704887504
5744,0.01648130506840005
5745,0.037277340777193774
5746,0.09139886804328551
5747,0.205169805061109
5748,0.02563133684401149
5749,0.010715086375120546
5750,0.21777096119711745
5751,0.027310209205826934
5752,0.018582150198312945
5753,0.01995697724458927
5754,0.05024413991528393
5755,0.11952578907266184
5756,0.013645419962349841
5757,0.005663871613116789
5758,0.12771202986982713
5759,0.01455092976140224
5760,0.009859271576988451
5761,0.028402848025079804
5762,0.07058450585240891
5763,0.16309705258792082
5764,0.019473288851479652
5765,0.008110905328349904
5766,0.17367881515315176
5767,0.02075739719965521
5768,0.01409320599122881
5769,0.017804013589303006
5770,0.0449737285244641
5771,0.10781297351663921
5772,0.012164897017205948
5773,0.005044914358183761
5774,0.11530206354074224
5775,0.012973451584899803
5776,0.008785885176725444
5777,0.002743620137982237
5778,0.007096561757905902
5779,0.01801023901852509
5780,0.001865565136479498
5781,0.0007689774904509338
5782,0.019396917394954697
5783,0.0019909418738239463
5784,0.0013434811681767927
5785,0.002719032356541614
5786,0.007033238896868465
5787,0.017851283883985748
5788,0.0018488317220283778
5789,0.0007620725431486498
5790,0.019225963300026256
5791,0.0019730861004513033
5792,0.0013314244030991653
5793,0.002791859135042864
5794,0.007220781074909901
5795,0.018321967885919242
5796,0.001898395345179399
5797,0.0007825250828134142
5798,0.019732165198706412
5799,0.002025973983483953
5800,0.0013671363292636057
5801,0.006615931949716495
5802,0.01700778398593632
5803,0.04251115648724863
5804,0.004504198190456786
5805,0.0018594995464468287
5806,0.045696472038091435
5807,0.004806052431348127
5808,0.0032460863766477508
5809,0.014311668853386635
5810,0.03634914404947829
5811,0.08825131171652209
5812,0.009767692412969629
5813,0.0040450223910683866
5814,0.09452554101498709
5815,0.010418594352005574
5816,0.007049793846647043
5817,0.0026440861448101347
5818,0.006840193412493961
5819,0.017366502243126004
5820,0.0017978280978065034
5821,0.0007410270302608588
5822,0.018704560892620826
5823,0.0019186612661440882
5824,0.0012946759535493492
5825,0.0027410671852460176
5826,0.0070899871670033355
5827,0.017993736714200067
5828,0.0018638276914645265
5829,0.000768260537419547
5830,0.01937916958832649
5831,0.001989087895175354
5832,0.001342229298481107
5833,0.004290971437353704
5834,0.011071636660921041
5835,0.02792657072485974
5836,0.002919159128200157
5837,0.001204011203276963
5838,0.030053379561703553
5839,0.0031151224720992257
5840,0.0021028449241895755
5841,0.0032631479953970657
5842,0.008433385729322326
5843,0.021358716256800348
5844,0.002219195790155868
5845,0.0009149329811200649
5846,0.022997169230908904
5847,0.0023682821572528242
5848,0.0015983056998767886
5849,0.0027391950265273418
5850,0.007085165783450187
5851,0.017981634768353814
5852,0.0018625535714357315
5853,0.0007677347754017327
5854,0.019366154225612414
5855,0.0019877283172964784
5856,0.001341311266029909
5857,0.009717375351821303
5858,0.02485885461785129
5859,0.06139964923025294
5860,0.006622293861126495
5861,0.0027373475047928323
5862,0.06590284628366426
5863,0.007065087418804489
5864,0.004775393983170531
5865,0.00912251279673138
5866,0.02335894951875231
5867,0.057825729265245415
5868,0.006215711749512789
5869,0.0025686686542397085
5870,0.06208414451970147
5871,0.006631501054208649
5872,0.004481692492121733
5873,0.00921391434876335
5874,0.023589594971672928
5875,0.05837635646853916
5876,0.006278173605568737
5877,0.0025945769592609805
5878,0.06267262382229659
5879,0.006698113026648501
5880,0.004526808515540516
5881,0.0425932890306572
5882,0.10360227006647127
5883,0.2287394961790235
5884,0.02933711175775538
5885,0.01229147695575909
5886,0.24234687857877288
5887,0.031250930122706286
5888,0.021291024734059298
5889,0.007920209427829554
5890,0.020318827253715754
5891,0.05053191889765196
5892,0.005394425152923696
5893,0.0022281881131487615
5894,0.05428414906951074
5895,0.005755594090584248
5896,0.0038886266201954554
5897,0.050129207368910564
5898,0.12057296230559025
5899,0.26025704752133844
5900,0.03461244046339353
5901,0.01454763842625783
5902,0.2750706669918209
5903,0.03685732965832696
5904,0.025157023437100995
5905,0.04131853017734621
5906,0.1006936334579155
5907,0.22319238126229765
5908,0.028447303886868773
5909,0.011912326066102798
5910,0.2365709925593165
5911,0.030304887549041766
5912,0.020640069051634624
5913,0.012746639938429517
5914,0.03245358796063721
5915,0.07925082544409194
5916,0.008695179178921352
5917,0.003598586881446302
5918,0.08494478147456087
5919,0.009275280158821982
5920,0.006273820838112799
5921,0.008335740765178767
5922,0.021370835750244937
5923,0.05306348405612208
5924,0.005678200450624306
5925,0.002345795430981335
5926,0.056992411077834905
5927,0.0060582530574300655
5928,0.004093514968067955
5929,0.015693701338409267
5930,0.039773395366387014
5931,0.09607749610999722
5932,0.010715697791270951
5933,0.004440103289074985
5934,0.10284536588780337
5935,0.011429044016930998
5936,0.007736073824306556
5937,0.01899145478203614
5938,0.04788491311723336
5939,0.11430494565062946
5940,0.012981207289449355
5941,0.005386052081352425
5942,0.12218323460153308
5943,0.013843258561124176
5944,0.009377603569323495
5945,0.008614148972792718
5946,0.022074916078481038
5947,0.05475328697295089
5948,0.005868373831763108
5949,0.0024246325909481276
5950,0.05879956135712161
5951,0.0062610749494680235
5952,0.0042308401465869176
5953,0.01925071002137255
5954,0.0485190895356466
5955,0.11571186798382464
5956,0.013159516323835569
5957,0.005460611728164334
5958,0.1236735865026436
5959,0.014033240322551129
5960,0.009506890502510433
5961,0.008209789799418242
5962,0.021052108962027374
5963,0.05229734898755237
5964,0.0055921778166071676
5965,0.0023101402061696088
5966,0.056172914864199563
5967,0.005966507316440663
5968,0.004031402396077487
5969,0.02073959964339527
5970,0.05215128512053255
5971,0.12372013043150751
5972,0.01418411383697549
5973,0.0058893513112413766
5974,0.1321505227988303
5975,0.015124823193193632
5976,0.010250049155035232
5977,0.007356354451595102
5978,0.018889096939585244
5979,0.0470784118893646
5980,0.005009477655124389
5981,0.0020687141171234417
5982,0.050587866216144806
5983,0.005345011993792651
5984,0.003610743180169679
5985,0.025591955058151452
5986,0.06387353333084198
5987,0.14900036600708247
5988,0.017530166765874045
5989,0.007293133932083917
5990,0.15884112015367707
5991,0.0186885838739854
5992,0.012679987544312212
5993,0.026928243574410607
5994,0.06707111308967392
5995,0.15575046388771366
5996,0.01845347953116061
5997,0.007681478461000078
5998,0.16595009346206513
5999,0.019671688734963992
6000,0.01335131324471005
6001,0.008639067166782172
6002,0.02213790280786269
6003,0.05490428051608745
6004,0.0058853964597984166
6005,0.0024316902547525357
6006,0.058961017318420225
6007,0.006279229506388483
6008,0.004243132988901759
6009,0.009396875003794805
6010,0.024051084033828322
6011,0.0594769330780817
6012,0.006403216016834715
6013,0.0026464485465220486
6014,0.06384870624939815
6015,0.006831461874314729
6016,0.004617131052652441
6017,0.03914555249889255
6018,0.09570981024913948
6019,0.2135854719699984
6020,0.02693221887608528
6021,0.01126766995482073
6022,0.2265561744666248
6023,0.028693790736828786
6024,0.019532432765932486
6025,0.00833443542440278
6026,0.021367533153122554
6027,0.0530555492789187
6028,0.005677308886586893
6029,0.0023454258711109485
6030,0.05698392414825548
6031,0.006057302182867267
6032,0.004092871199607587
6033,0.00733208550377679
6034,0.01882750258933656
6035,0.04692929348698726
6036,0.004992912216692216
6037,0.0020618531013330745
6038,0.05042822005594647
6039,0.005327342944585194
6040,0.0035987863746876525
6041,0.008185664954393846
6042,0.020991045083299544
6043,0.05215048301651877
6044,0.005575701701654298
6045,0.0023033114912436752
6046,0.056015808493829505
6047,0.005948934920269999
6048,0.004019506173097526
6049,0.02243061608190558
6050,0.056256339658812556
6051,0.1326701611557218
6052,0.015349002457025892
6053,0.006377428802040593
6054,0.1416118587590705
6055,0.016365686225692826
6056,0.0110954840662293
6057,0.018366085355796757
6058,0.04635306686961813
6059,0.11089579224654615
6060,0.012551217126014287
6061,0.00520631717729908
6062,0.11857056683943044
6063,0.013385101001349134
6064,0.009065882966627404
6065,0.024091020077026834
6066,0.060266294929961786
6067,0.1413113251047687
6068,0.01649404178717506
6069,0.006857847926314341
6070,0.1507342041148143
6071,0.017585215874156235
6072,0.011927053496899981
6073,0.02041535803950061
6074,0.051361712524434215
6075,0.12198645422740668
6076,0.013960899159611791
6077,0.005795903439940531
6078,0.13031628082042945
6079,0.014887028177544143
6080,0.010088111110318536
6081,0.017552509904533303
6082,0.04435575163786739
6083,0.10642775661502955
6084,0.011992080220734896
6085,0.004972736188246805
6086,0.11383290119394732
6087,0.0127892970244441
6088,0.00866065039707346
6089,0.010255822699243137
6090,0.026214093667972754
6091,0.06461499440097902
6092,0.006990450961764538
6093,0.0028901548556285847
6094,0.06933659190217867
6095,0.007457676198063549
6096,0.005041396366331638
6097,0.014235940625075195
6098,0.03616108545626326
6099,0.08781919941116766
6100,0.009715771015207512
6101,0.004023396968423711
6102,0.09406587718907797
6103,0.01036324921312965
6104,0.007012217473479542
6105,0.010149904698140002
6106,0.025947685845949146
6107,0.06398396958288943
6108,0.006918020686237165
6109,0.002860086681533355
6110,0.06866284114760018
6111,0.007380440834685608
6112,0.004989059400338246
6113,0.016405800836749005
6114,0.04153200569766831
6115,0.10006619799471601
6116,0.011204492256065087
6117,0.004643981520465312
6118,0.10708175421336424
6119,0.011949984576501968
6120,0.008090064794054207
6121,0.01801764946926189
6122,0.04549828010979327
6123,0.108986810400729
6124,0.0123117155682578
6125,0.005106245789083909
6126,0.11654678801392325
6127,0.013129898902600998
6128,0.00889228942616516
6129,0.004152393218928396
6130,0.010716431647599108
6131,0.02704540692331685
6132,0.002824758317740751
6133,0.0011650106524016615
6134,0.02910711821678388
6135,0.003014403687639807
6136,0.0020347885018665818
6137,0.0041748171064416835
6138,0.01077391936757895
6139,0.02718808318789477
6140,0.0028400331151524102
6141,0.0011713209556222554
6142,0.02926034380937345
6143,0.003030700870010738
6144,0.002045800324644065
6145,0.01880051783107668
6146,0.047417527085274365
6147,0.11326638315898326
6148,0.012849904873948761
6149,0.005331158255359441
6150,0.12108287665855547
6151,0.013703357720446688
6152,0.009282408121112074
6153,0.0038689843484073904
6154,0.00998950849933524
6155,0.025239105927347686
6156,0.0026317236332672285
6157,0.0010852742172400426
6158,0.027166965022827023
6159,0.002808445762721169
6160,0.0018956351303353138
6161,0.014596439706408162
6162,0.03705592751800215
6163,0.08987317489637743
6164,0.009962961972903616
6165,0.004126364662428391
6166,0.09625053805300808
6167,0.010626736690316373
6168,0.007191123469175921
6169,0.004020920309566705
6170,0.010379294540681611
6171,0.026208172203875914
6172,0.002735205476740085
6173,0.0011280169914039359
6174,0.02820791023440597
6175,0.0029188561499000495
6176,0.00197023045917199
6177,0.01493962405393318
6178,0.03790685488739253
6179,0.09182131001450806
6180,0.01019833372343717
6181,0.004224437051238833
6182,0.09832197793754463
6183,0.010877617610104752
6184,0.007361498342454109
6185,0.004456559828845841
6186,0.011495869576892446
6187,0.0289777114357303
6188,0.003031970544114737
6189,0.0012506235639180763
6190,0.031182004292086042
6191,0.0032354823516035484
6192,0.0021841788398376818
6193,0.0024733326465847696
6194,0.006400196758897377
6195,0.01626048482104236
6196,0.0016816332906540656
6197,0.0006930865438005158
6198,0.0175148456970818
6199,0.0017946709729761649
6200,0.0012109607487158943
6201,0.013429102700294895
6202,0.03415466993771475
6203,0.0831939112170342
6204,0.009162737518404077
6205,0.0037931392228266747
6206,0.08914373910396711
6207,0.009773724217312471
6208,0.006612046022901272
6209,0.013737396920728144
6210,0.0349219225313316
6211,0.0849658742429545
6212,0.009374018682877364
6213,0.0038810892120011717
6214,0.09102984595216916
6215,0.009998951790286703
6216,0.006764913022965176
6217,0.001670330606640129
6218,0.004327814617775722
6219,0.011030789331829813
6220,0.0011353749645295558
6221,0.0004677952551364423
6222,0.011886597432729344
6223,0.001211738285503974
6224,0.0008174695351919064
6225,0.014455714020476887
6226,0.036706733733486784
6227,0.08907230073096056
6228,0.009866460812274156
6229,0.00408616340252839
6230,0.09539879103457405
6231,0.010523874555911937
6232,0.0071212771954418585
6233,0.011876356986711521
6234,0.03027907022519775
6235,0.07418111334143221
6236,0.008099242351234078
6237,0.0033507717650824403
6238,0.07954229100058124
6239,0.00863993178174376
6240,0.005842857212184903
6241,0.004150463658811421
6242,0.010711484677551104
6243,0.027033128073461223
6244,0.002823443942193222
6245,0.0011644676646976155
6246,0.029093931322010835
6247,0.0030130013356904225
6248,0.002033840953898235
6249,0.05650639027370126
6250,0.13464137596787834
6251,0.2853356699781481
6252,0.039096908006091335
6253,0.016476833591242863
6254,0.30099592346848136
6255,0.04162011086554363
6256,0.02845253129433528
6257,0.002539415109707617
6258,0.0065705060432908816
6259,0.01668876940138175
6260,0.0017265997553662774
6261,0.0007116383519927943
6262,0.01797556515936159
6263,0.00184265445879948
6264,0.001243357219107997
6265,0.05068901163074589
6266,0.12181854065199496
6267,0.26251488466252104
6268,0.035005351277053544
6269,0.01471625127766859
6270,0.27740882463515465
6271,0.03727473988859962
6272,0.025445428096483032
6273,0.05623716625006488
6274,0.1340527717861601
6275,0.28430471999700435
6276,0.038907210724744845
6277,0.016395015781022537
6278,0.2999321378116773
6279,0.04141869876382174
6280,0.02831295852483394
6281,0.0027308194893360086
6282,0.007063595851781254
6283,0.01792749080468824
6284,0.0018568535180767507
6285,0.0007653826742028497
6286,0.019307923343145558
6287,0.0019816459467825263
6288,0.001337204256009945
6289,0.011228776527978077
6290,0.028657149002531496
6291,0.07037821854551503
6292,0.0076560203535526545
6293,0.0031665749517836065
6294,0.07548696466852475
6295,0.008167364792822165
6296,0.005522425905826585
6297,0.003120397363048143
6298,0.008066286751219127
6299,0.020440585599746132
6300,0.0021220169704007264
6301,0.0008748178932280843
6302,0.022010191690735766
6303,0.002264589646894722
6304,0.0015282740788112948
6305,0.0017880614496327003
6306,0.0046319853234699695
6307,0.01180048011128576
6308,0.0012154461366535173
6309,0.0005008096479285745
6310,0.012715235812573578
6311,0.0012971879098014985
6312,0.0008751403910560416
6313,0.01336017112735172
6314,0.033983018516302685
6315,0.08279693033499697
6316,0.00911550285446639
6317,0.0037734798602499153
6318,0.08872111457030285
6319,0.009723370775574744
6320,0.006577873090521553
6321,0.0105193106925352
6322,0.02687644106885993
6323,0.06618166866360232
6324,0.00717065428741898
6325,0.0029649743090248504
6326,0.07100905665526504
6327,0.007649831102533078
6328,0.005171617662530053
6329,0.05040510620403545
6330,0.12118710177848872
6331,0.26137121220242704
6332,0.034806068152840285
6333,0.014630721427194805
6334,0.27622456859275335
6335,0.03706303349161902
6336,0.025299142148533085
6337,0.014760588627839816
6338,0.03746304937468527
6339,0.09080586212644029
6340,0.010075536426917504
6341,0.004173267671487435
6342,0.09724233706021658
6343,0.010746729917579679
6344,0.007272608169096556
6345,0.05199115876691357
6346,0.12470789132927389
6347,0.26772398343988363
6348,0.03591984648084294
6349,0.015109004006496268
6350,0.2828001348389723
6351,0.03824617186407049
6352,0.026116934912362555
6353,0.0039043571295213414
6354,0.010080272847519856
6355,0.02546486367408521
6356,0.002655814727920271
6357,0.0010952244850180224
6358,0.02740948211271464
6359,0.0028341499946587232
6360,0.0019130009121648367
6361,0.004928772930260297
6362,0.012704443259274839
6363,0.031964740044912565
6364,0.003353743944384744
6365,0.0013836106343791837
6366,0.034388205042632
6367,0.0035787762836797317
6368,0.002416196854926213
6369,0.007844307689088498
6370,0.02012651636523496
6371,0.050068265530838554
6372,0.005342598409400184
6373,0.0022067133856551696
6374,0.053788017675824584
6375,0.005700317316532622
6376,0.003851210764046606
6377,0.0335425535399692
6378,0.08270752577203055
6379,0.18789700428582193
6380,0.023035434948229
6381,0.009614971724738575
6382,0.1997038421820749
6383,0.0245485576114138
6384,0.016687951506829456
6385,0.029316863216736183
6386,0.07275429856632433
6387,0.16759788999521735
6388,0.02010589366278067
6389,0.008377548043397855
6390,0.178409416378618
6391,0.021430805515178994
6392,0.01455362880387497
6393,0.022912491726184515
6394,0.057422206600316106
6395,0.1351927871857006
6396,0.01568118457921893
6397,0.006516733732627902
6398,0.1442762226288002
6399,0.016719497738714603
6400,0.011336671675417437
6401,0.045888624039633806
6402,0.1110701287772929
6403,0.24278444013880018
6404,0.03164074418957652
6405,0.013274943405415773
6406,0.25694898083656686
6407,0.03369962356059245
6408,0.022977811992986694
6409,0.0030365844852235364
6410,0.007850675049608725
6411,0.01990084513659851
6412,0.002064964723663842
6413,0.000851269058188575
6414,0.02142991197390694
6415,0.0022037126766464676
6416,0.0014871613286225201
6417,0.004117091829691276
6418,0.010625921813136308
6419,0.02682072330080621
6420,0.0028007120155474877
6421,0.0011550769073953879
6422,0.028865814785983882
6423,0.0029887478311920058
6424,0.002017453365364572
6425,0.03380118633938221
6426,0.08331257022544807
6427,0.1891129136950274
6428,0.023214997752253486
6429,0.00969095880098446
6430,0.20097724716784787
6431,0.02473961662949777
6432,0.016818887044282377
6433,0.026953465460886013
6434,0.0671313401888692
6435,0.15587701646771193
6436,0.018470914347240408
6437,0.007688815631863801
6438,0.16608330323870066
6439,0.019690251424228363
6440,0.013363993175277337
6441,0.059141191844546366
6442,0.14037741702759093
6443,0.295300862656339
6444,0.040955171154151336
6445,0.017279305338799376
6446,0.3112698301201392
6447,0.043592860339148276
6448,0.029820571513080818
6449,0.04553454037392387
6450,0.11027122301580602
6451,0.24129530448489064
6452,0.031392982050853196
6453,0.013169038497853358
6454,0.25540226957391887
6455,0.03343629608690104
6456,0.022796287839517596
6457,0.047574024645986986
6458,0.11486131811867596
6459,0.24980804596601114
6460,0.03282084876602265
6461,0.013779806294146582
6462,0.2642393635488212
6463,0.0349537463437982
6464,0.02384277060179767
6465,0.032623514767287094
6466,0.0805536850127728
6467,0.1835519963570229
6468,0.0223976109480856
6469,0.00934518998574221
6470,0.19515141728361715
6471,0.023869860676641232
6472,0.016222963345404157
6473,0.009352497088458447
6474,0.023939172245050464
6475,0.05921018243658996
6476,0.006372885075724281
6477,0.002633865599431346
6478,0.0635636735719007
6479,0.006799116286765846
6480,0.004595221363234709
6481,0.010626519958425196
6482,0.027145783205001092
6483,0.06681786169154393
6484,0.007243985030633837
6485,0.0029954254002589878
6486,0.07168809209204326
6487,0.007728024007413007
6488,0.005224612823571524
6489,0.0363219859204057
6490,0.08918496371272616
6491,0.20080914943847164
6492,0.024966708982049564
6493,0.010433099641031628
6494,0.21321432608264926
6495,0.026603236306628232
6496,0.018096914848824804
6497,0.0038501519062389736
6498,0.009941181468458685
6499,0.025118876542742925
6500,0.0026188977757126844
6501,0.0010799769095329035
6502,0.027037806792697072
6503,0.0027947610530158202
6504,0.0018863898576989716
6505,0.0028535319876264683
6506,0.007379565890358085
6507,0.0187202644199793
6508,0.0019403697676297754
6509,0.0007998468556347008
6510,0.0201604880751723
6511,0.0020707633778325758
6512,0.0013973808080259482
6513,0.042433589558027555
6514,0.1032384893846966
6515,0.22804810346292514
6516,0.02922559784034496
6517,0.012243938269471512
6518,0.24162724146031112
6519,0.03113237487204489
6520,0.021209426690935774
6521,0.03548576248121975
6522,0.08724188026135317
6523,0.19695999990528038
6524,0.024385297313286806
6525,0.010186603121943248
6526,0.20918963228499837
6527,0.02598472969585442
6528,0.01767258369707136
6529,0.03546575293969847
6530,0.08719532505921249
6531,0.19686752357928788
6532,0.024371388889122648
6533,0.010180708572106355
6534,0.20909290901519015
6535,0.025969933301062616
6536,0.017662434629517478
6537,0.010179173649184713
6538,0.026021312775790978
6539,0.06415841602882583
6540,0.00693803528144553
6541,0.0028683951367593167
6542,0.06884910579767903
6543,0.007401783290947885
6544,0.005003521415911528
6545,0.008554739965746955
6546,0.021924725560157024
6547,0.054393129865575124
6548,0.005827790232063525
6549,0.002407807006643731
6550,0.058414433393189934
6551,0.006217792553457507
6552,0.004201533289623351
6553,0.0084332653842008
6554,0.021617540935892934
6555,0.053655990274982704
6556,0.0057448130987715505
6557,0.0023734079651886865
6558,0.05762611790416846
6559,0.006129296731478744
6560,0.00414161463635078
6561,0.00951437587587983
6562,0.024347321074437038
6563,0.06018260284213084
6564,0.006483528432391274
6565,0.0026797687424994234
6566,0.06460268253277605
6567,0.006917108175646028
6568,0.004675146883156402
6569,0.008108774267567561
6570,0.02079639132479389
6571,0.05168213574541213
6572,0.005523190746476903
6573,0.0022815486093413113
6574,0.05551478106573101
6575,0.005892929751855032
6576,0.003981592506055052
6577,0.011040653083391418
6578,0.028185359293675542
6579,0.06926854634944614
6580,0.007527298082437916
6581,0.0031130978692559706
6582,0.07430317981560576
6583,0.008030114750991434
6584,0.005429379935861456
6585,0.003483036839128632
6586,0.008998528261058214
6587,0.022770127618770435
6588,0.0023689045889853915
6589,0.0009767412544271616
6590,0.02451413956748971
6591,0.002528022964628664
6592,0.001706200359842313
6593,0.004386385515227567
6594,0.011316112130398504
6595,0.02853248599639826
6596,0.00298416099576574
6597,0.001230868459746625
6598,0.030703982097910414
6599,0.0031844739829130597
6600,0.00214970884731282
6601,0.0035443247947115537
6602,0.009155975794405824
6603,0.023162905198511476
6604,0.0024106355572267235
6605,0.0009939721052193591
6606,0.024936233155154797
6607,0.002572549757234272
6608,0.0017362773518122712
6609,0.007461279221543595
6610,0.019155340644278752
6611,0.04772266003169332
6612,0.0050810999191807605
6613,0.002098379921352917
6614,0.05127755546647507
6615,0.005421405371517018
6616,0.0036624408564230565
6617,0.012120500734630293
6618,0.030889694602205236
6619,0.07560806048984127
6620,0.008266389055419359
6621,0.003420260641866962
6622,0.0810633360114203
6623,0.00881813767032516
6624,0.0059637181334395925
6625,0.009027405860006422
6626,0.02311888327824527
6627,0.05725220379063777
6628,0.0061507216111827065
6629,0.0025417136814898304
6630,0.06147113897602142
6631,0.006562192219723366
6632,0.004434751976981377
6633,0.007372369372457108
6634,0.018929740064912506
6635,0.04717679259222429
6636,0.005020409221761471
6637,0.0020732417889013726
6638,0.050693190556472645
6639,0.0053566718138506175
6640,0.003618633561399469
6641,0.004993355532705264
6642,0.012869594148860597
6643,0.03237205497480882
6644,0.0033977591272921397
6645,0.0014018057750588672
6646,0.034825290333269476
6647,0.003625734090286878
6648,0.002447937710981312
6649,0.007642582104975147
6650,0.01961518382869904
6651,0.04883414653075788
6652,0.005204869717693424
6653,0.0021496510447683746
6654,0.052467275648513285
6655,0.005553418352794566
6656,0.003751784050512031
6657,0.003260136346178392
6658,0.008425642661931455
6659,0.021339361262171126
6660,0.0022171454900030813
6661,0.0009140865767322667
6662,0.022976364349794706
6663,0.002366094443832745
6664,0.0015968281178913653
6665,0.007868933534835061
6666,0.02018891548231247
6667,0.05021873681597463
6668,0.005359412995952196
6669,0.002213680468265782
6670,0.05394903312890674
6671,0.0057182512677905395
6672,0.003863349785850499
6673,0.0072241973742822345
6674,0.018553626416733936
6675,0.046265907516422476
6676,0.0049192733316072955
6677,0.0020313552266142585
6678,0.04971795389725861
6679,0.0052487976654871284
6680,0.0035456357417651433
6681,0.004463824408219684
6682,0.011514476125748577
6683,0.02902378230028614
6684,0.003036920003210908
6685,0.0012526687645827877
6686,0.03123146698270145
6687,0.003240762948186207
6688,0.002187747381027893
6689,0.008128724938422064
6690,0.02084690227785862
6691,0.05180369434585676
6692,0.005536815408316188
6693,0.002287195147299988
6694,0.0556448252622692
6695,0.005907461071571231
6696,0.003991429601058191
6697,0.004950105539847969
6698,0.012758998834401182
6699,0.03209931439500419
6700,0.0033682826225386237
6701,0.0013896205764215297
6702,0.03453261842172265
6703,0.0035942869721921895
6704,0.002426681107054729
6705,0.0033302374361122837
6706,0.00860585607416559
6707,0.021789712505259334
6708,0.0022648706266394317
6709,0.0009337889855715707
6710,0.023460435140027047
6711,0.0024170180125927827
6712,0.0016312224504534227
6713,0.0033538668049165376
6714,0.008666592573463566
6715,0.021941435811010147
6716,0.002280958090952787
6717,0.000940430636818524
6718,0.023623510862925055
6719,0.002434183549101895
6720,0.0016428164978992857
6721,0.004467013679918842
6722,0.01152264457603349
6723,0.029044007010906064
6724,0.0030390929057280015
6725,0.0012535666486219866
6726,0.03125318056282266
6727,0.0032430812249677984
6728,0.0021893140386107612
6729,0.0068344451963252215
6730,0.01756345447427157
6731,0.04386288100082867
6732,0.004653291092404912
6733,0.0019212195568430806
6734,0.04714449287615499
6735,0.004965087139014767
6736,0.0033536749708969566
6737,0.03689971817287493
6738,0.09052454212937032
6739,0.20345083789954008
6740,0.02536858049718717
6741,0.010603577981102723
6742,0.21597510577679802
6743,0.027030719571961456
6744,0.0183902937681132
6745,0.011134372388026033
6746,0.028420430243321342
6747,0.06982164082106708
6748,0.007591422972871703
6749,0.0031397372466847122
6750,0.07489323994046955
6751,0.008098488172959706
6752,0.005475731311890959
6753,0.009889480267950525
6754,0.025292281797805637
6755,0.06242939613445674
6756,0.006739954726196678
6757,0.002786176619128934
6758,0.06700272594009596
6759,0.00719055862156167
6760,0.004860400816636739
6761,0.019664209469643357
6762,0.04952951574196929
6763,0.11794814369502296
6764,0.013443972262743343
6765,0.005579589176679558
6766,0.12604180048314842
6767,0.014336308296442335
6768,0.00971316845871382
6769,0.014901227304693806
6770,0.0378116952371355
6771,0.09160369249516202
6772,0.010171996865186616
6773,0.004213461910338479
6774,0.09809061780627587
6775,0.010849545752447808
6776,0.007342433172251511
6777,0.03659500959975995
6778,0.0898183105002106
6779,0.20205933917834443
6780,0.025156605932221045
6781,0.010513645831013841
6782,0.21452101674912089
6783,0.026805238494086427
6784,0.01823553733651146
6785,0.024279969401216194
6786,0.0607213184969881
6787,0.14228560692633685
6788,0.016624421926746062
6789,0.006912592396625031
6790,0.15176197067746514
6791,0.01772406595615109
6792,0.012021774322117311
6793,0.005398771333259322
6794,0.01390555311703122
6795,0.03492235757556087
6796,0.0036741051355108777
6797,0.0015160641694425244
6798,0.03756135896399212
6799,0.003920548780980772
6800,0.0026472381922023505
6801,0.004612409571443614
6802,0.011894948758959889
6803,0.029965275981777475
6804,0.0031381582103339137
6805,0.0012945047313136751
6806,0.032242197053445304
6807,0.003348773601119961
6808,0.0022607419173892467
6809,0.0031544416937622243
6810,0.008153850629542226
6811,0.02065968136752751
6812,0.002145192156342436
6813,0.0008843841145560219
6814,0.022245729464976768
6815,0.002289318339712704
6816,0.0015449748595590986
6817,0.014199524457948727
6818,0.036070636051990936
6819,0.08761128316685608
6820,0.009690803971313892
6821,0.0040129985905130805
6822,0.09384469314711774
6823,0.010336635683428737
6824,0.006994148801806314
6825,0.01623599622312044
6826,0.04111300817481475
6827,0.09911774337581247
6828,0.011087915762560586
6829,0.004595346256968357
6830,0.10607464201174197
6831,0.011825744416107772
6832,0.008005629828458333
6833,0.01996159779581666
6834,0.05025541314033657
6835,0.11955065026367516
6836,0.013648599577120366
6837,0.005665202073577568
6838,0.12773834675719573
6839,0.01455431726191308
6840,0.00986157777544427
6841,0.002975238418353081
6842,0.007692823610938693
6843,0.019505467494598194
6844,0.002023207800597377
6845,0.0008340345104690027
6846,0.02100480683290676
6847,0.0021591561162927477
6848,0.0014570714639349244
6849,0.02836003399552453
6850,0.07048272040483357
6851,0.1628852408829216
6852,0.019443665738170236
6853,0.0080984241164383
6854,0.1734561093097792
6855,0.02072586196801887
6856,0.014071649702149523
6857,0.013378934467624524
6858,0.03402974611406231
6859,0.08290501804172011
6860,0.009128360036110734
6861,0.003778830990868836
6862,0.08883618697853489
6863,0.00973707691404743
6864,0.00658717480495665
6865,0.008208851009498743
6866,0.021049732820031523
6867,0.05229163458882561
6868,0.0055915366632274125
6869,0.0023098744703098665
6870,0.05616680208989658
6871,0.005965823502979902
6872,0.004030939463068681
6873,0.016865779488592747
6874,0.04266590336008232
6875,0.10262706952382852
6876,0.011520346955486491
6877,0.004775788632234545
6878,0.10980026066421969
6879,0.012286593574656193
6880,0.008318862402512592
6881,0.021171846591293075
6882,0.05320263476027999
6883,0.1260224508251604
6884,0.014481754314008494
6885,0.006013995732564438
6886,0.13458563009805077
6887,0.015441894376324558
6888,0.010466013361498865
6889,0.022030700121300244
6890,0.055287451901367746
6891,0.13056729543033366
6892,0.015073397936683056
6893,0.006261892123956643
6894,0.13939004166597846
6895,0.016072124252382948
6896,0.010895410006497425
6897,0.020378912410112734
6898,0.05127291290093462
6899,0.12179122730530353
6900,0.013935812149502487
6901,0.005785402417047617
6902,0.1301096983368908
6903,0.014860302042478589
6904,0.010069912228295626
6905,0.02376901405595802
6906,0.059490237224579155
6907,0.13964672468440437
6908,0.016271885612493608
6909,0.006764587743959624
6910,0.14897786293473333
6911,0.017348622059671224
6912,0.01176567364336288
6913,0.0081676512316672
6914,0.02094544641144036
6915,0.05204079498983038
6916,0.005563399357513978
6917,0.0022982127301326275
6918,0.055898469988903625
6919,0.005935813982204831
6920,0.004010623602941662
6921,0.017894300986314313
6922,0.045195458472019126
6923,0.1083093785852102
6924,0.012226943418400391
6925,0.005070832087235964
6926,0.11582847409576554
6927,0.01303956753780587
6928,0.008830851179510288
6929,0.022776620208476844
6930,0.05709364962277753
6931,0.13448273296254146
6932,0.015587510757628811
6933,0.006477444824085407
6934,0.143526378471867
6935,0.01661972612976919
6936,0.011268653319715938
6937,0.05577173787682554
6938,0.13303410947027317
6939,0.28251679935857327
6940,0.03857934503127944
6941,0.016253648988501335
6942,0.29808687258064287
6943,0.04107057351130492
6944,0.028071761534709725
6945,0.03878421625509659
6946,0.09487790890703318
6947,0.21196916768730198
6948,0.026680488415868182
6949,0.011160673829089618
6950,0.22486978152443896
6951,0.028426076182753106
6952,0.01934849146920476
6953,0.009963147301649211
6954,0.025477732350780935
6955,0.06286958344800084
6956,0.006790321748453981
6957,0.002807080945776689
6958,0.06747283899927102
6959,0.007244268403353794
6960,0.004896791362101601
6961,0.03694849459466143
6962,0.09063753231866935
6963,0.20367321403621363
6964,0.025402516354606688
6965,0.010617977693669565
6966,0.2162074555202946
6967,0.02706681714439953
6968,0.01841507106486683
6969,0.012505933590906234
6970,0.031852744323145527
6971,0.07785329543287199
6972,0.008530319175776839
6973,0.003530013819111312
6974,0.08345594370102034
6975,0.009099522441292893
6976,0.006154584595781194
6977,0.03980395546564488
6978,0.09722332349147492
6979,0.21651670865519912
6980,0.027391057356864625
6981,0.011462778631506779
6982,0.2296134461673693
6983,0.02918174071417335
6984,0.01986777669237712
6985,0.012005297075697873
6986,0.030601618654582233
6987,0.07493519020059626
6988,0.00818751457582107
6989,0.003387467982247363
6990,0.08034613653079549
6991,0.008734044996849027
6992,0.005906683933061987
6993,0.03295406769902851
6994,0.08132905423120994
6995,0.18511916732219708
6996,0.02262697492338029
6997,0.009442180916582707
6998,0.19679375304337335
6999,0.024113929420047708
7000,0.016390155623589742
7001,0.03929419318799794
7002,0.09605176204195627
7003,0.2142487897440239
7004,0.02703578885035167
7005,0.011311700937600923
7006,0.22724813421545492
7007,0.028803934448721227
7008,0.0196081196996367
7009,0.03247089618660963
7010,0.0801954289078828
7011,0.18282674946213945
7012,0.022291728588818303
7013,0.009300424558314514
7014,0.1943912511673294
7015,0.02375718754706651
7016,0.01614578889247987
7017,0.007267435866989277
7018,0.018663399403174828
7019,0.04653186728282299
7020,0.004948785088416442
7021,0.002043577334936205
7022,0.05000271737312548
7023,0.005280275818072915
7024,0.003566936296870427
7025,0.007192992077157429
7026,0.01847439374021331
7027,0.04607388608255562
7028,0.004897975153762237
7029,0.002022534984720764
7030,0.049512348925957024
7031,0.005226080292561006
7032,0.003530263680202271
7033,0.009468869059577693
7034,0.024232604675875687
7035,0.05990941039338896
7036,0.0064524235827080586
7037,0.0026668635173815406
7038,0.06431079860072518
7039,0.006883937631756315
7040,0.004652677149135218
7041,0.037098619089778344
7042,0.09098519016358055
7043,0.20435700783913813
7044,0.02550697117295433
7045,0.010662303777916854
7046,0.2169218675583966
7047,0.027177924703780675
7048,0.018491338745153546
7049,0.015330252005975408
7050,0.03887431037155998
7051,0.09403028205401322
7052,0.01046630784618457
7053,0.004336127142259993
7054,0.1006700030565803
7055,0.011163239470350828
7056,0.007555500026763783
7057,0.030971370516440236
7058,0.07666659527722436
7059,0.17564421949193842
7060,0.021251957651107323
7061,0.008861125465906795
7062,0.18685828568512158
7063,0.02265064561018848
7064,0.015388176032544828
7065,0.008126961691090338
7066,0.020842438230072827
7067,0.05179295201229831
7068,0.005535611248853643
7069,0.0022866960977063156
7070,0.0556333331422083
7071,0.005906176781970789
7072,0.0039905601870158566
7073,0.021520231416923243
7074,0.05404898559962077
7075,0.12787077185275517
7076,0.014721708721174979
7077,0.006114514720045681
7078,0.13653992273639584
7079,0.015697504355702146
7080,0.010640147615357897
7081,0.015109832563243929
7082,0.038328549714281936
7083,0.09278493385492455
7084,0.01031508992712817
7085,0.004273096017946286
7086,0.09934636058351491
7087,0.011002064191362255
7088,0.0074460211960294355
7089,0.014314166840252532
7090,0.03635534663072445
7091,0.08826555961745078
7092,0.009769405145997462
7093,0.004045735772305151
7094,0.09454069683587099
7095,0.01042042001751603
7096,0.007051033398510366
7097,0.015251676888595604
7098,0.038679800673342125
7099,0.09358666879552316
7100,0.01041239922251594
7101,0.004313655487533433
7102,0.100198529570325
7103,0.01110578146128483
7104,0.007516470164887859
7105,0.011002902110451627
7106,0.02809065106740951
7107,0.06904559872396615
7108,0.007501469096543829
7109,0.0031023683143515395
7110,0.07406531723865428
7111,0.008002574324305204
7112,0.005410710449067056
7113,0.02303815682401041
7114,0.057725960494242334
7115,0.13584864257070092
7116,0.015767829113908154
7117,0.006553078290949468
7118,0.1449687572633803
7119,0.016811781363190312
7120,0.01139958912448935
7121,0.020412505663601345
7122,0.0513547630837654
7123,0.1219711776204339
7124,0.013958935731896167
7125,0.0057950815690965725
7126,0.1303001158611728
7127,0.014884936467433755
7128,0.010086686770723986
7129,0.017470327018930722
7130,0.044153712975422456
7131,0.10597433587869652
7132,0.011935615620947504
7133,0.004949156547927399
7134,0.11335193388358848
7135,0.012729127097766817
7136,0.008619734953730168
7137,0.0194986325209263
7138,0.04912506777220606
7139,0.11705380807664151
7140,0.013330058896734906
7141,0.0055319385910547
7142,0.1250947987445936
7143,0.01421494293826077
7144,0.009630558323693535
7145,0.020568781171971095
7146,0.051735417540886515
7147,0.12280749820614827
7148,0.014066513018160316
7149,0.00584011514645372
7150,0.13118501294742158
7151,0.014999541602474808
7152,0.010164729440663059
7153,0.030158876786309255
7154,0.07474781477927477
7155,0.17170893770042647
7156,0.020688996306212584
7157,0.008623503544279485
7158,0.1827274466370452
7159,0.022051467990030563
7160,0.01497816834351241
7161,0.013373558521039162
7162,0.03401635831611893
7163,0.08287405165968137
7164,0.009124676266658027
7165,0.0037772978058361524
7166,0.08880321972605491
7167,0.009733149908546035
7168,0.006584509721678515
7169,0.026132144546601316
7170,0.06516772104900573
7171,0.1517397887994934
7172,0.01790331631863295
7173,0.007450028968171704
7174,0.16172708481329015
7175,0.019085912631324135
7176,0.012951256477995008
7177,0.02347617861424769
7178,0.05878381441090188
7179,0.13812826585744967
7180,0.01606989473306639
7181,0.006679814222480116
7182,0.14737532149951393
7183,0.017133497919099162
7184,0.01161895988851645
7185,0.011110578731269253
7186,0.028360756481781782
7187,0.06968127236172217
7188,0.0075751424427374136
7189,0.0031329736413955793
7190,0.07474349488704335
7191,0.008081129048216762
7192,0.00546396310288209
7193,0.03330376368536209
7194,0.08214848023856867
7195,0.1867717205282555
7196,0.022869675371093558
7197,0.009544840317748523
7198,0.19852513467524727
7199,0.02437218145414318
7200,0.016567092926884214
7201,0.03412023746325709
7202,0.0840583036885914
7203,0.1906087530607501
7204,0.02343654909224927
7205,0.009784736944805899
7206,0.20254349026439408
7207,0.02497534607329362
7208,0.016980458513448766
7209,0.013630240197776863
7210,0.03465532521240936
7211,0.08435062801461513
7212,0.009300576943744645
7213,0.003850515134074208
7214,0.09037502674341283
7215,0.009920662978970875
7216,0.006711774101867023
7217,0.01227830278197084
7218,0.031284122395544824
7219,0.07652840222736992
7220,0.00837443812513541
7221,0.0034651878213686456
7222,0.08204418856092713
7223,0.008933333623172498
7224,0.00604185260588254
7225,0.0458317708586648
7226,0.11094190983353312
7227,0.2425456578611056
7228,0.03160095859784723
7229,0.013257935097794556
7230,0.2567009902276632
7231,0.033657339081622065
7232,0.022948661168869657
7233,0.0287249016383463
7234,0.07134972460106781
7235,0.16468749930927623
7236,0.01969614470623477
7237,0.008204816089163432
7238,0.17535082990788428
7239,0.02099463396812013
7240,0.014255386345241382
7241,0.032877003304423856
7242,0.0811483558965965
7243,0.18475424286844272
7244,0.022573497110473916
7245,0.009419564432307171
7246,0.19641136163382902
7247,0.024057023760729795
7248,0.016351171642525027
7249,0.03510944596357666
7250,0.08636585137727672
7251,0.19521788242628826
7252,0.024123753839900824
7253,0.010075774374850925
7254,0.20736727620632214
7255,0.0257064835861293
7256,0.017481747057928005
7257,0.009118545446538426
7258,0.023348936683034116
7259,0.05780181661363959
7260,0.006213000630813373
7261,0.002567544163360658
7262,0.0620585868785323
7263,0.00662860978955957
7264,0.004479734294516398
7265,0.007731170699701589
7266,0.01983977765127283
7267,0.0493764476773449
7268,0.005265351622362739
7269,0.0021747081458276746
7270,0.05304767241022358
7271,0.005617927607988988
7272,0.0037954451538678453
7273,0.007255508499899026
7274,0.018633119949215245
7275,0.046458514606306844
7276,0.004940644168671455
7277,0.002040205781757875
7278,0.04992417974816838
7279,0.00527159247377343
7280,0.003561060430154636
7281,0.0076415457336610195
7282,0.019612556001401965
7283,0.04882779922458818
7284,0.005204162178472107
7285,0.0021493579283105506
7286,0.05246048216474213
7287,0.005552663697060061
7288,0.003751273295886189
7289,0.0042442084354759645
7290,0.010951790754747514
7291,0.027629374452767856
7292,0.002887302784096698
7293,0.0011908496557030642
7294,0.029734241988183703
7295,0.0030811342178782195
7296,0.0020798783116488255
7297,0.06014650021261674
7298,0.14255438926600522
7299,0.29904458964322966
7300,0.04166503513641899
7301,0.017586327510451846
7302,0.3151254756732945
7303,0.0443463285967804
7304,0.03034354890610781
7305,0.00442520848392675
7306,0.011415565399178979
7307,0.028778843502226082
7308,0.003010610701059963
7309,0.0012417974503839764
7310,0.030968491220184864
7311,0.003212693414097486
7312,0.002168778587843792
7313,0.0036427619841769092
7314,0.009408794798468996
7315,0.0237932025315773
7316,0.002477664875009587
7317,0.001021650499081392
7318,0.025613520111410062
7319,0.0026440692738408243
7320,0.0017845892368441513
7321,0.003831382238597298
7322,0.0098930126505381
7323,0.024999022931501493
7324,0.0026061148251345784
7325,0.0010746974028283235
7326,0.02690904982042983
7327,0.002781122099931432
7328,0.00187717557990464
7329,0.004128984000883628
7330,0.010656413486903776
7331,0.026896423506621928
7332,0.0028088125634065774
7333,0.0011584232855675546
7334,0.028947115471810517
7335,0.002997390603559652
7336,0.002023293077174503
7337,0.023962364651222822
7338,0.05995631835151312
7339,0.14064688631792252
7340,0.01640527517722446
7341,0.006820581142458539
7342,0.15003320071054657
7343,0.017490681286316468
7344,0.011862568769091994
7345,0.03070449834664522
7346,0.07603687528496628
7347,0.17435503859318047
7348,0.021067014365007748
7349,0.008783044662422508
7350,0.1855053184525361
7351,0.022453809606813983
7352,0.015253466517689518
7353,0.03250486534350196
7354,0.08027518231087985
7355,0.18298826329976933
7356,0.022315294501871575
7357,0.009310387373790618
7358,0.19456054896785682
7359,0.023782264999909257
7360,0.01616296497585766
7361,0.0315104545225556
7362,0.07793707524877318
7363,0.1782382844809553
7364,0.021625642156017203
7365,0.009018943026073657
7366,0.1895798816983049
7367,0.02304834483504619
7368,0.015660404280016516
7369,0.03853448763226641
7370,0.09430243200419296
7371,0.21084892417064643
7372,0.026506545637399053
7373,0.011086759574857103
7374,0.2237007132452334
7375,0.028241083290805876
7376,0.01922140547791687
7377,0.02622324139695529
7378,0.06538575987377386
7379,0.15220032272377737
7380,0.01796625661746965
7381,0.007476499804626108
7382,0.16221213394257222
7383,0.019152929346299925
7384,0.012997017874957903
7385,0.038884722686701303
7386,0.09510939480405187
7387,0.2124192905978772
7388,0.026750501839933463
7389,0.011190429272817928
7390,0.2253394656506776
7391,0.028500536148925323
7392,0.019399648167717762
7393,0.03282029625078071
7394,0.08101536385303543
7395,0.18448554528083075
7396,0.022534147709681176
7397,0.009402923963923917
7398,0.19612978914143497
7399,0.0240151518618961
7400,0.016322487669588572
7401,0.03781276278306438
7402,0.09263684812305013
7403,0.20759670248597842
7404,0.026004003152067558
7405,0.010873298332294591
7406,0.2203056000272634
7407,0.02770659133805018
7408,0.01885430823805442
7409,0.03373239252040492
7410,0.08315168058491647
7411,0.1887897856510662
7412,0.023167232847013008
7413,0.009670744142363276
7414,0.20063886304414097
7415,0.024688794104893736
7416,0.016784056021955287
7417,0.012926935195709914
7418,0.032903338699270535
7419,0.08029528467085485
7420,0.008818680307890587
7421,0.003649965593806533
7422,0.08605726853944566
7423,0.009406942507963057
7424,0.0063631511981870805
7425,0.03701995287766644
7426,0.09080303483072984
7427,0.2039988153664224
7428,0.025452234899436467
7429,0.010639075393153218
7430,0.21654764571776644
7431,0.027119702464445495
7432,0.018451372497011342
7433,0.0386098235483729
7434,0.09447608233849097
7435,0.21118714330579097
7436,0.02655901618122527
7437,0.011109054490570121
7438,0.22405369466302177
7439,0.028296887601786683
7440,0.019259740167310628
7441,0.034288788699605596
7442,0.0844519755517237
7443,0.19139716052346253
7444,0.023553610756041607
7445,0.009834296757694514
7446,0.20336885933975424
7447,0.025099896223475814
7448,0.017065836609773306
7449,0.02539486506907975
7450,0.06340080990467865
7451,0.14799722785340738
7452,0.017394054319078065
7453,0.007235921204955899
7454,0.15778401344842696
7455,0.018543646699544974
7456,0.012581051922067201
7457,0.00790824505085308
7458,0.020288516382498817
7459,0.05045885864671672
7460,0.005386255545067686
7461,0.0022248028990601433
7462,0.05420597347658416
7463,0.005746880669487059
7464,0.0038827285722609147
7465,0.007767114920810462
7466,0.019930887159260124
7467,0.049596333962952946
7468,0.005289892727043463
7469,0.0021848758116007447
7470,0.05328299125676969
7471,0.005644102698412902
7472,0.0038131614820985853
7473,0.011196265000362318
7474,0.02857563413755146
7475,0.07018660380839782
7476,0.007633773433508062
7477,0.0031573319884505473
7478,0.07528256704265107
7479,0.00814364419809819
7480,0.005506344398469344
7481,0.011952447842938297
7482,0.03046943010573063
7483,0.07462623826234308
7484,0.008151333170688651
7485,0.003372426313281053
7486,0.08001680537259134
7487,0.008695469596240433
7488,0.00588052197504362
7489,0.010184854014274733
7490,0.02603560112042879
7491,0.06419226534467297
7492,0.006941919653178421
7493,0.0028700076392290095
7494,0.06888524771125881
7495,0.007405925363250439
7496,0.005006328178719497
7497,0.009842635877362591
7498,0.025174332632720196
7499,0.06214930281979615
7500,0.006707927903768323
7501,0.0027728848550104806
7502,0.06670357389368838
7503,0.007156406052940373
7504,0.004837261736243833
7505,0.007709645651709245
7506,0.01978521215027574
7507,0.049244728599889806
7508,0.005250655554905551
7509,0.0021686195347244068
7510,0.05290670484738576
7511,0.005602253011608748
7512,0.0037848361168594438
7513,0.005865147563024196
7514,0.015095639546593695
7515,0.037842110315876976
7516,0.003992092995681591
7517,0.0016475859351277663
7518,0.04069244740357189
7519,0.004259774747220204
7520,0.0028766089759675382
7521,0.021722047519511897
7522,0.05453885221850989
7523,0.1289385147962881
7524,0.014860736780637073
7525,0.0061727678814446855
7526,0.13766862774173502
7527,0.015845599378474014
7528,0.010741050655820447
7529,0.01608407816403879
7530,0.04073795833237079
7531,0.09826777754332426
7532,0.010983629795907574
7533,0.004551844243323304
7534,0.10517198321025575
7535,0.011714601102460497
7536,0.00793010143439714
7537,0.012391837701407947
7538,0.03156778340992181
7539,0.07718961550493052
7540,0.008452183719343415
7541,0.0034975182610349313
7542,0.08274878844085552
7543,0.00901622064700422
7544,0.006098076394116275
7545,0.01951630957611247
7546,0.04916825668027158
7547,0.11714935972263807
7548,0.013342219748719141
7549,0.005537025235225151
7550,0.1251959835755412
7551,0.014227899418368455
7552,0.00963937713843481
7553,0.013576626353486866
7554,0.03452190473550595
7555,0.08404254077635771
7556,0.009263833657846698
7557,0.0038352197600048598
7558,0.09004709954595393
7559,0.009881494387087289
7560,0.006685189244960241
7561,0.013583711374530454
7562,0.03453953741390996
7563,0.08408326419338463
7564,0.009268689177097705
7565,0.0038372409614482773
7566,0.09009044634147488
7567,0.009886670414636487
7568,0.006688702325645964
7569,0.015725527920378027
7570,0.03985207805809361
7571,0.0962563981558177
7572,0.010737539186680507
7573,0.004449210908799442
7574,0.10303543362727385
7575,0.011452322566680795
7576,0.0077518895557167344
7577,0.0117748960369188
7578,0.03002517016842824
7579,0.07358701576813383
7580,0.008029787461924814
7581,0.0033219009157392575
7582,0.07890891665056401
7583,0.008565880262613125
7584,0.00579263890771543
7585,0.01583183352916301
7586,0.04011483359965106
7587,0.09685352889370136
7588,0.010810496006155907
7589,0.004479634801001434
7590,0.10366979432299726
7591,0.011530079417201088
7592,0.007804720255660429
7593,0.01070371376913765
7594,0.027339661246258223
7595,0.06727548802041124
7596,0.007296788445607543
7597,0.0030173540124248635
7598,0.07217649409101497
7599,0.007784328050856723
7600,0.005262774506804034
7601,0.024942081734109396
7602,0.06231371745516772
7603,0.14568523971624453
7604,0.017081423005023393
7605,0.007104546588284148
7606,0.1553470139978523
7607,0.018210736168258815
7608,0.01235383930428485
7609,0.018081995615712578
7610,0.04565620443168152
7611,0.10933985953091417
7612,0.012355940606357047
7613,0.0051247222820461095
7614,0.11692111315489
7615,0.013177023735259197
7616,0.00892434249271073
7617,0.014285375076968903
7618,0.036283852825389366
7619,0.0881013158660103
7620,0.00974966437516795
7621,0.00403751350703086
7622,0.09436598492528205
7623,0.010399377573894376
7624,0.00703674653365283
7625,0.02045378839398463
7626,0.05145533707388528
7627,0.12219223438082788
7628,0.013987352976060003
7629,0.005806976924713784
7630,0.13053402358325067
7631,0.01491521032506883
7632,0.010107301793595569
7633,0.015057243705938542
7634,0.03819828372974911
7635,0.09248738846667877
7636,0.010279014715360081
7637,0.004258060702543805
7638,0.09903007066448465
7639,0.01096361302340444
7640,0.0074199048194753875
7641,0.015128330359267684
7642,0.03837436486381026
7643,0.09288955472312672
7644,0.01032777944401455
7645,0.004278384868263668
7646,0.09945756878875414
7647,0.01101558941048207
7648,0.007455207801649703
7649,0.013598964041289399
7650,0.03457749580113983
7651,0.08417092345495106
7652,0.009279142237063923
7653,0.0038415922841610844
7654,0.09018375162657301
7655,0.00989781345986409
7656,0.006696265389269547
7657,0.01591953250715809
7658,0.04033153360674639
7659,0.09734564733025075
7660,0.010870686984026677
7661,0.0045047371586827605
7662,0.10419255102841044
7663,0.011594229951303209
7664,0.007848308374304036
7665,0.008239059331105358
7666,0.021126188634701046
7667,0.05247548300659286
7668,0.005612167849545048
7669,0.002318425483047148
7670,0.056363464640694916
7671,0.005987827385946479
7672,0.004045835915376543
7673,0.005437983979244789
7674,0.014005682612281125
7675,0.035168425161764744
7676,0.003700837704196182
7677,0.0015271190283501805
7678,0.037825292502118656
7679,0.0039490673516333705
7680,0.0026665193347339185
7681,0.009301232509796703
7682,0.023809874268663322
7683,0.05890187819917097
7684,0.006337848389591029
7685,0.002619331010799603
7686,0.06323422457306074
7687,0.006761752224074078
7688,0.004569912922525289
7689,0.004663465116842248
7690,0.012025642069212736
7691,0.030288427328437915
7692,0.0031729470353002876
7693,0.0013088821175238285
7694,0.03258907822206623
7695,0.003385889324463186
7696,0.0022858262319568686
7697,0.008203804496959639
7698,0.0210369596283648
7699,0.052260915554854494
7700,0.005588090117544036
7701,0.002308445999994235
7702,0.05613394140491069
7703,0.005962147635310239
7704,0.00402845095098552
7705,0.00845296859441307
7706,0.021667374360307183
7707,0.053775620316406786
7708,0.005758271572016267
7709,0.0023789870875774496
7710,0.05775405943520937
7711,0.006143650375411268
7712,0.004151332950597838
7713,0.005623632097661925
7714,0.014479566286945932
7715,0.03633196754428917
7716,0.003827409360085345
7717,0.0015794655979851444
7718,0.039073177159222094
7719,0.004084093861771839
7720,0.0027578143809153187
7721,0.008241921593769361
7722,0.02113343250653187
7723,0.05249289967271004
7724,0.005614122691753677
7725,0.0023192357177664494
7726,0.05638209494560182
7727,0.005989912290474872
7728,0.004047247390115906
7729,0.011594045110516048
7730,0.02957240092244252
7731,0.07252646608205146
7732,0.007905997571770431
7733,0.0032704500944707553
7734,0.07777810620271888
7735,0.008433896053362335
7736,0.005703139362529094
7737,0.009552166681848924
7738,0.02444257398729284
7739,0.06040937194722217
7740,0.006509359921510728
7741,0.0026904864406674255
7742,0.06484495742838998
7743,0.006944655045942
7744,0.0046938075091863445
7745,0.010915761812976717
7746,0.027871993874725512
7747,0.06853062735112173
7748,0.00744185063129862
7749,0.003077603606055087
7750,0.07351586318345489
7751,0.007939005145830428
7752,0.005367618573656484
7753,0.008881759986104493
7754,0.022751108631038224
7755,0.056372771472669204
7756,0.00605120402546505
7757,0.0025004422923180676
7758,0.060531061960871234
7759,0.0064560603598383575
7760,0.004362876594932612
7761,0.007927018337190969
7762,0.02033607661500911
7763,0.05057349314622676
7764,0.005399074492810352
7765,0.0022301146597135343
7766,0.05432863375651457
7767,0.005760552911376189
7768,0.00389198322294246
7769,0.004714240519223176
7770,0.01215559727094946
7771,0.03060962491863498
7772,0.0032075461044856106
7773,0.0013231816669821604
7774,0.03293384476335927
7775,0.003422802427506518
7776,0.002310774209561883
7777,0.00475472728481175
7778,0.01225920460947328
7779,0.03086560916357846
7780,0.0032351351612039917
7781,0.0013345844460192708
7782,0.03320860028936857
7783,0.003452236555465422
7784,0.0023306679000875885
7785,0.006208367344640182
7786,0.01597033675236956
7787,0.039981318558695536
7788,0.0042261703442581944
7789,0.0017444333088691788
7790,0.042985586091085416
7791,0.0045094766181652795
7792,0.003045479639491571
7793,0.004236874696649496
7794,0.010932993970874497
7795,0.027582751862173197
7796,0.0028823069104266684
7797,0.001188785639791309
7798,0.029684176012831215
7799,0.0030758039940112936
7800,0.0020762766080559603
7801,0.053954598489444144
7802,0.12904366312680163
7803,0.27546720036154493
7804,0.03730023530482074
7805,0.015702664628427874
7806,0.2908062276870861
7807,0.03971227811449686
7808,0.027131202572538263
7809,0.019079370997181464
7810,0.04810002623756879
7811,0.1147824660295592
7812,0.013041670441369401
7813,0.005411332888536083
7814,0.12268910820760959
7815,0.013907680351189786
7816,0.009421442269990917
7817,0.025950384202294487
7818,0.06473249850507884
7819,0.15081967317608422
7820,0.017777746212879742
7821,0.007397223797270679
7822,0.16075788564425228
7823,0.0189522081075055
7824,0.012859964277460107
7825,0.026361834864265465
7826,0.06571736424775156
7827,0.1529001791602875
7828,0.018062020215415822
7829,0.007516778954657905
7830,0.16294917887117497
7831,0.01925489411868463
7832,0.013066646904178934
7833,0.02009295999895811
7834,0.050575843288147036
7835,0.12025696460600879
7836,0.013738999944972479
7837,0.005703030803997178
7838,0.12848597537386613
7839,0.01465062747129348
7840,0.009927147566789168
7841,0.018566385437517992
7842,0.04684402679813265
7843,0.11199009244648521
7844,0.012688920142161074
7845,0.005263866751628711
7846,0.11973040180800358
7847,0.013531827424238092
7848,0.009165702316981307
7849,0.007221100403900999
7850,0.01854576331721065
7851,0.0462468532611159
7852,0.004917159574396879
7853,0.0020304798437036312
7854,0.04969755202584193
7855,0.005246543061869881
7856,0.0035441101191918158
7857,0.023858275986445215
7858,0.059705441975400404
7859,0.14010869762849004
7860,0.016333463957263702
7861,0.006790435595978027
7862,0.14946534201871953
7863,0.017414203009046066
7864,0.011810403685388276
7865,0.02069247395732293
7866,0.05203657682655944
7867,0.12346850987558584
7868,0.014151668630740966
7869,0.005875766727123346
7870,0.13188433710974892
7871,0.015090259116153757
7872,0.01022650950558535
7873,0.013066248466582575
7874,0.03325068506314985
7875,0.08110097240136388
7876,0.008914118851673853
7877,0.0036896749016948854
7878,0.08691530854086886
7879,0.009508686336776666
7880,0.006432187683390122
7881,0.02529842052303644
7882,0.06316938186548708
7883,0.14750563541816353
7884,0.017327455007777413
7885,0.007207930604049606
7886,0.1572659133760113
7887,0.018472728515070373
7888,0.01253264585533779
7889,0.006477355738471742
7890,0.016655191181974234
7891,0.04165224990443763
7892,0.004409657656521028
7893,0.0018203682114641456
7894,0.04477621810504771
7895,0.004705206096083997
7896,0.0031778685895281966
7897,0.009278734560024383
7898,0.023753124026888783
7899,0.05876652221342829
7900,0.006322472570126767
7901,0.002612952708989034
7902,0.06308958030668997
7903,0.006745354981775227
7904,0.004558806492349418
7905,0.030674843898814228
7906,0.07596687010833958
7907,0.1742115816271184
7908,0.021046465709003856
7909,0.008774370331907906
7910,0.18535474678901653
7911,0.022431939274029512
7912,0.015238500096398058
7913,0.040098977911172735
7914,0.09790053956737227
7915,0.21782437836937948
7916,0.02759672102851951
7917,0.01155026630486367
7918,0.230976895731649
7919,0.029400443168063183
7920,0.020018115011671337
7921,0.011667121511499982
7922,0.02975538223938791
7923,0.07295524767928123
7924,0.00795601559522289
7925,0.0032912381909476884
7926,0.07823531686537215
7927,0.008487225303781296
7928,0.005739301423848973
7929,0.022292442092981576
7930,0.055921716804322605
7931,0.13194456188147122
7932,0.015253770961882098
7933,0.006337502357412953
7934,0.14084529706054535
7935,0.016264251001105665
7936,0.011026347612930129
7937,0.012876515305247412
7938,0.03277759067799589
7939,0.0800034001217267
7940,0.008784141552589836
7941,0.0036355960885359508
7942,0.08574639118847986
7943,0.009370121577896429
7944,0.006338168134625416
7945,0.01394954240000365
7946,0.03544946002175193
7947,0.08618187681400567
7948,0.009519431259730525
7949,0.003941632863374903
7950,0.09232387764972709
7951,0.010153959150658379
7952,0.00687013306137277
7953,0.009853541481515862
7954,0.025201793329978666
7955,0.06221452249573688
7956,0.0067153838191048466
7957,0.0027759791622917027
7958,0.06677323256124561
7959,0.007164356859857598
7960,0.00484264852834957
7961,0.00875758595704589
7962,0.022437419843007428
7963,0.05562189731384415
7964,0.0059663651820999666
7965,0.0024652622200346925
7966,0.059728306037669814
7967,0.006365581718211922
7968,0.004301605929236212
7969,0.02766675660495079
7970,0.06883267634421833
7971,0.15944305729344524
7972,0.018964099940023342
7973,0.007896428155230447
7974,0.16983585793524336
7975,0.02021532358315813
7976,0.013722727024418
7977,0.009759734575026126
7978,0.024965553409346537
7979,0.0616532716613908
7980,0.00665125186516197
7981,0.0027493644113236785
7982,0.06617375855204939
7983,0.007095967841849354
7984,0.004796314846889759
7985,0.025281518627771275
7986,0.06312881706856524
7987,0.14741943550285508
7988,0.017315783914004682
7989,0.007203025662461495
7990,0.1571750613163532
7991,0.018460300501589696
7992,0.012524163195666885
7993,0.009022985024803426
7994,0.023107722581572492
7995,0.05722553042624751
7996,0.0061477007852994295
7997,0.0025404608297197296
7998,0.06144262814596027
7999,0.006558970640495837
8000,0.0044325701626386676
8001,0.009879468232949728
8002,0.025267074025172233
8003,0.06236954372141445
8004,0.006733109563692819
8005,0.0027833356991877538
8006,0.06693880201620445
8007,0.007183259131067036
8008,0.004855455215628288
8009,0.013569588845711689
8010,0.03450438991777254
8011,0.08400208745108846
8012,0.009259010722408022
8013,0.003833212133680637
8014,0.09000403996869157
8015,0.009876353090828762
8016,0.006681699748906557
8017,0.01411377580578272
8018,0.03585761541462668
8019,0.08712139181220394
8020,0.009632016726767475
8021,0.003988515848449887
8022,0.09332351190528927
8023,0.010273971280558243
8024,0.006951605422346522
8025,0.008995202378164577
8026,0.02303757985798971
8027,0.057057873118761315
8028,0.006128716664623595
8029,0.0025325874927184145
8030,0.061263418596608256
8031,0.006538724872691384
8032,0.0044188588225871255
8033,0.013619631622532767
8034,0.03462892706852445
8035,0.08428968056168668
8036,0.009293306446418095
8037,0.0038474885426253345
8038,0.09031015569498389
8039,0.009912912594899955
8040,0.006706513637897027
8041,0.007148793191359177
8042,0.018362155962334255
8043,0.04580179706660716
8044,0.004867809348418854
8045,0.002010042760088269
8046,0.04922100183792745
8047,0.0051939042900538005
8048,0.003508491680570952
8049,0.007776667466326537
8050,0.019955098707019923
8051,0.049654756569651015
8052,0.005296414872762787
8053,0.002187578062140511
8054,0.05334551285119226
8055,0.005651059084411134
8056,0.00381786988798175
8057,0.025867101454701804
8058,0.06453299805285174
8059,0.150397523163005
8060,0.01772021481181
8061,0.0073730331287976784
8062,0.16031316973195017
8063,0.01889094907399113
8064,0.012818139853278352
