model,split_type,use_coords,candidate,fold,classifier__colsample_bytree,classifier__learning_rate,classifier__max_depth,classifier__n_estimators,classifier__subsample,n,positives,log_loss,auc,average_precision,brier,f1,sensitivity,specificity
XGBoost_multi_interactions_no_coords,spatial,False,1,1,0.8,0.03,3,100,0.8,824,50,0.16425576781956422,0.9060335917312661,0.4131194860835133,0.045732780258860496,0.14814814814814814,0.08,1.0
XGBoost_multi_interactions_no_coords,spatial,False,1,2,0.8,0.03,3,100,0.8,824,52,0.1690461697901105,0.8811777600637705,0.4585524212944681,0.04640545580943755,0.03773584905660377,0.019230769230769232,1.0
XGBoost_multi_interactions_no_coords,spatial,False,1,3,0.8,0.03,3,100,0.8,816,48,0.18648851123482588,0.8067491319444444,0.22211128513711054,0.05035879667326129,0.038461538461538464,0.020833333333333332,0.99609375
XGBoost_multi_interactions_no_coords,spatial,False,1,4,0.8,0.03,3,100,0.8,816,49,0.16588445042226635,0.885081020674241,0.4187023636456754,0.04571834644603387,0.0,0.0,1.0
XGBoost_multi_interactions_no_coords,spatial,False,1,5,0.8,0.03,3,100,0.8,824,51,0.17849669047462038,0.8538923978388251,0.32705260232991323,0.04904298305282925,0.07272727272727272,0.0392156862745098,0.9974126778783958
XGBoost_multi_interactions_no_coords,spatial,False,2,1,0.8,0.03,3,100,1.0,824,50,0.16586769283035183,0.9007105943152454,0.3910864518063774,0.0462643502858572,0.11320754716981132,0.06,1.0
XGBoost_multi_interactions_no_coords,spatial,False,2,2,0.8,0.03,3,100,1.0,824,52,0.16956449547175725,0.8852381426863293,0.4893937542693183,0.04655261930627938,0.0,0.0,1.0
XGBoost_multi_interactions_no_coords,spatial,False,2,3,0.8,0.03,3,100,1.0,816,48,0.18519760832362556,0.8120524088541666,0.21944848618762186,0.050144491147263805,0.038461538461538464,0.020833333333333332,0.99609375
XGBoost_multi_interactions_no_coords,spatial,False,2,4,0.8,0.03,3,100,1.0,816,49,0.1669277812616537,0.8859723811297662,0.41382987697812884,0.046089010645646813,0.0,0.0,1.0
XGBoost_multi_interactions_no_coords,spatial,False,2,5,0.8,0.03,3,100,1.0,824,51,0.18132663277151653,0.8435431093524085,0.31414157632110723,0.049549363174079,0.07272727272727272,0.0392156862745098,0.9974126778783958
XGBoost_multi_interactions_no_coords,spatial,False,3,1,0.8,0.03,3,300,0.8,824,50,0.14764804937139014,0.9171834625322998,0.4838704027559032,0.04197160867138441,0.2413793103448276,0.14,0.9987080103359173
XGBoost_multi_interactions_no_coords,spatial,False,3,2,0.8,0.03,3,300,0.8,824,52,0.16141056616560268,0.8807293742526903,0.47124678427448563,0.04426807140661996,0.2033898305084746,0.11538461538461539,0.9987046632124352
XGBoost_multi_interactions_no_coords,spatial,False,3,3,0.8,0.03,3,300,0.8,816,48,0.1821090220838595,0.8253445095486112,0.27340699905375027,0.04904766866315003,0.07142857142857142,0.041666666666666664,0.9921875
XGBoost_multi_interactions_no_coords,spatial,False,3,4,0.8,0.03,3,300,0.8,816,49,0.15712567959050389,0.8892052257669691,0.4269073398963312,0.04366982902577191,0.17857142857142858,0.10204081632653061,0.9973924380704041
XGBoost_multi_interactions_no_coords,spatial,False,3,5,0.8,0.03,3,300,0.8,824,51,0.17271598469406907,0.8557948405752988,0.3692522816009755,0.047384264137857166,0.1935483870967742,0.11764705882352941,0.9935316946959897
XGBoost_multi_interactions_no_coords,spatial,False,4,1,0.8,0.03,3,300,1.0,824,50,0.15262216082345806,0.9098966408268734,0.4543776598226341,0.043394143657349206,0.17857142857142858,0.1,0.9987080103359173
XGBoost_multi_interactions_no_coords,spatial,False,4,2,0.8,0.03,3,300,1.0,824,52,0.16218708192138367,0.879845057791949,0.4863262102408067,0.04442253368968213,0.14035087719298245,0.07692307692307693,0.9987046632124352
XGBoost_multi_interactions_no_coords,spatial,False,4,3,0.8,0.03,3,300,1.0,816,48,0.18072198065946282,0.8323432074652779,0.2538419643093992,0.049172837285127544,0.07407407407407407,0.041666666666666664,0.9947916666666666
XGBoost_multi_interactions_no_coords,spatial,False,4,4,0.8,0.03,3,300,1.0,816,49,0.15907362429968208,0.8893914801905117,0.3951403817271623,0.04464307958671945,0.17857142857142858,0.10204081632653061,0.9973924380704041
XGBoost_multi_interactions_no_coords,spatial,False,4,5,0.8,0.03,3,300,1.0,824,51,0.17607400998794115,0.8467899449559901,0.35819104196180723,0.04780174303390516,0.19047619047619047,0.11764705882352941,0.9922380336351876
XGBoost_multi_interactions_no_coords,spatial,False,5,1,0.8,0.03,5,100,0.8,824,50,0.15502730622197486,0.914625322997416,0.46402597068714085,0.04375037201652021,0.21052631578947367,0.12,0.9987080103359173
XGBoost_multi_interactions_no_coords,spatial,False,5,2,0.8,0.03,5,100,0.8,824,52,0.16202891599903854,0.882024711040255,0.4849753333506163,0.04432614515138997,0.1724137931034483,0.09615384615384616,0.9987046632124352
XGBoost_multi_interactions_no_coords,spatial,False,5,3,0.8,0.03,5,100,0.8,816,48,0.17779310531975676,0.8195529513888888,0.29104903913327906,0.047913177542043155,0.07272727272727272,0.041666666666666664,0.9934895833333334
XGBoost_multi_interactions_no_coords,spatial,False,5,4,0.8,0.03,5,100,0.8,816,49,0.15583685885422885,0.8967352260330469,0.47674214516633223,0.04270887976960512,0.14814814814814814,0.08163265306122448,0.9986962190352021
XGBoost_multi_interactions_no_coords,spatial,False,5,5,0.8,0.03,5,100,0.8,824,51,0.16968829449305092,0.8727646297846434,0.35617295092618995,0.0475838105624765,0.1935483870967742,0.11764705882352941,0.9935316946959897
XGBoost_multi_interactions_no_coords,spatial,False,6,1,0.8,0.03,5,100,1.0,824,50,0.15539029900052398,0.9109560723514213,0.4479943837077945,0.04397317071604398,0.17857142857142858,0.1,0.9987080103359173
XGBoost_multi_interactions_no_coords,spatial,False,6,2,0.8,0.03,5,100,1.0,824,52,0.1647624324334871,0.8750373654842567,0.4685083886886798,0.044850482984850566,0.14035087719298245,0.07692307692307693,0.9987046632124352
XGBoost_multi_interactions_no_coords,spatial,False,6,3,0.8,0.03,5,100,1.0,816,48,0.17966095562764997,0.81494140625,0.2787347287723709,0.04837563758157292,0.07272727272727272,0.041666666666666664,0.9934895833333334
XGBoost_multi_interactions_no_coords,spatial,False,6,4,0.8,0.03,5,100,1.0,816,49,0.15659785732930354,0.8914668866242715,0.47602547687735675,0.04279565561117818,0.18181818181818182,0.10204081632653061,0.9986962190352021
XGBoost_multi_interactions_no_coords,spatial,False,6,5,0.8,0.03,5,100,1.0,824,51,0.172296194602831,0.8645333942115009,0.33469406099344745,0.04822726683623389,0.1875,0.11764705882352941,0.9909443725743855
XGBoost_multi_interactions_no_coords,spatial,False,7,1,0.8,0.03,5,300,0.8,824,50,0.14307744767972666,0.9183720930232557,0.5037464861003793,0.041107902259337865,0.3283582089552239,0.22,0.9922480620155039
XGBoost_multi_interactions_no_coords,spatial,False,7,2,0.8,0.03,5,300,0.8,824,52,0.16314856804920638,0.8750249103228377,0.43631192826425347,0.04499438858662462,0.27692307692307694,0.17307692307692307,0.9948186528497409
XGBoost_multi_interactions_no_coords,spatial,False,7,3,0.8,0.03,5,300,0.8,816,48,0.18345287452486841,0.8204752604166666,0.3020283191064862,0.048179965004594316,0.23880597014925373,0.16666666666666666,0.9856770833333334
XGBoost_multi_interactions_no_coords,spatial,False,7,4,0.8,0.03,5,300,0.8,816,49,0.15301075533191635,0.8945001729505361,0.47735482858832384,0.0416862818315454,0.29508196721311475,0.1836734693877551,0.9960886571056062
XGBoost_multi_interactions_no_coords,spatial,False,7,5,0.8,0.03,5,300,0.8,824,51,0.16789491357635614,0.87613829490399,0.3704020949855816,0.04770022423224773,0.325,0.2549019607843137,0.9793014230271668
XGBoost_multi_interactions_no_coords,spatial,False,8,1,0.8,0.03,5,300,1.0,824,50,0.1473093197256516,0.9129457364341086,0.4689344875886708,0.042181001642767585,0.28125,0.18,0.9935400516795866
XGBoost_multi_interactions_no_coords,spatial,False,8,2,0.8,0.03,5,300,1.0,824,52,0.16501766117839073,0.8711638102829813,0.4296131761465732,0.045507633589984456,0.29850746268656714,0.19230769230769232,0.9935233160621761
XGBoost_multi_interactions_no_coords,spatial,False,8,3,0.8,0.03,5,300,1.0,816,48,0.18445761669870872,0.8182237413194444,0.2947780386504682,0.04878931803289402,0.2153846153846154,0.14583333333333334,0.9869791666666666
XGBoost_multi_interactions_no_coords,spatial,False,8,4,0.8,0.03,5,300,1.0,816,49,0.15740162710975197,0.884043317457361,0.44740493787080177,0.042786210652498165,0.26666666666666666,0.16326530612244897,0.9960886571056062
XGBoost_multi_interactions_no_coords,spatial,False,8,5,0.8,0.03,5,300,1.0,824,51,0.17196554850812948,0.8690358420211551,0.36523702202155917,0.04828186879075026,0.29333333333333333,0.21568627450980393,0.9831824062095731
XGBoost_multi_interactions_no_coords,spatial,False,9,1,0.8,0.1,3,100,0.8,824,50,0.14770762204798882,0.9177519379844962,0.49012409273819596,0.041824825942239095,0.17543859649122806,0.1,0.9974160206718347
XGBoost_multi_interactions_no_coords,spatial,False,9,2,0.8,0.1,3,100,0.8,824,52,0.1620632108184461,0.8757223993622957,0.46249354469104664,0.04415239274403157,0.17543859649122806,0.09615384615384616,1.0
XGBoost_multi_interactions_no_coords,spatial,False,9,3,0.8,0.1,3,100,0.8,816,48,0.1847306541303543,0.8245985243055556,0.2567102850209911,0.05000479224454895,0.06666666666666667,0.041666666666666664,0.9869791666666666
XGBoost_multi_interactions_no_coords,spatial,False,9,4,0.8,0.1,3,100,0.8,816,49,0.1552867268408671,0.8926642364899023,0.44474238326488247,0.043108828780734784,0.17857142857142858,0.10204081632653061,0.9973924380704041
XGBoost_multi_interactions_no_coords,spatial,False,9,5,0.8,0.1,3,100,0.8,824,51,0.17087524686920125,0.8609948507216599,0.3646806012721324,0.047195421926201575,0.2153846153846154,0.13725490196078433,0.9909443725743855
XGBoost_multi_interactions_no_coords,spatial,False,10,1,0.8,0.1,3,100,1.0,824,50,0.1506985768004119,0.9132558139534884,0.4552105730800703,0.04296741018464085,0.17857142857142858,0.1,0.9987080103359173
XGBoost_multi_interactions_no_coords,spatial,False,10,2,0.8,0.1,3,100,1.0,824,52,0.1618349080030138,0.8794464926265445,0.4814308949975929,0.04423369945817754,0.10714285714285714,0.057692307692307696,0.9987046632124352
XGBoost_multi_interactions_no_coords,spatial,False,10,3,0.8,0.1,3,100,1.0,816,48,0.1812985688399384,0.8268093532986112,0.24962102526299823,0.04904587462123446,0.07272727272727272,0.041666666666666664,0.9934895833333334
XGBoost_multi_interactions_no_coords,spatial,False,10,4,0.8,0.1,3,100,1.0,816,49,0.15833478678751994,0.8855200489583057,0.40691643659010757,0.044004447826005856,0.20689655172413793,0.12244897959183673,0.9960886571056062
XGBoost_multi_interactions_no_coords,spatial,False,10,5,0.8,0.1,3,100,1.0,824,51,0.17360259829443594,0.8528650787611293,0.3652397790581859,0.0476252136026708,0.16393442622950818,0.09803921568627451,0.9935316946959897
XGBoost_multi_interactions_no_coords,spatial,False,11,1,0.8,0.1,3,300,0.8,824,50,0.14112719275741314,0.9186046511627907,0.5108599532051884,0.04023877816227571,0.3283582089552239,0.22,0.9922480620155039
XGBoost_multi_interactions_no_coords,spatial,False,11,2,0.8,0.1,3,300,0.8,824,52,0.1728651746444218,0.8637156237544839,0.40155275017472647,0.04664564308560713,0.2857142857142857,0.19230769230769232,0.9896373056994818
XGBoost_multi_interactions_no_coords,spatial,False,11,3,0.8,0.1,3,300,0.8,816,48,0.19272751183754538,0.8228624131944444,0.3018116979337406,0.04911620860638606,0.1791044776119403,0.125,0.9830729166666666
XGBoost_multi_interactions_no_coords,spatial,False,11,4,0.8,0.1,3,300,0.8,816,49,0.1559926248835058,0.8914934943990633,0.46614041955368496,0.04231757073729095,0.29508196721311475,0.1836734693877551,0.9960886571056062
XGBoost_multi_interactions_no_coords,spatial,False,11,5,0.8,0.1,3,300,0.8,824,51,0.1725835354531238,0.8693148669558379,0.37875162550435854,0.0481938412811802,0.3333333333333333,0.2549019607843137,0.981888745148771
XGBoost_multi_interactions_no_coords,spatial,False,12,1,0.8,0.1,3,300,1.0,824,50,0.14667683670890147,0.9108527131782946,0.4841730593708843,0.041679567553573445,0.2903225806451613,0.18,0.9961240310077519
XGBoost_multi_interactions_no_coords,spatial,False,12,2,0.8,0.1,3,300,1.0,824,52,0.16662585020749193,0.8726335193304106,0.4119714876725923,0.045823161521860306,0.2898550724637681,0.19230769230769232,0.9909326424870466
XGBoost_multi_interactions_no_coords,spatial,False,12,3,0.8,0.1,3,300,1.0,816,48,0.18632510457405518,0.8358018663194444,0.29865658073539125,0.04822569601358962,0.21212121212121213,0.14583333333333334,0.9856770833333334
XGBoost_multi_interactions_no_coords,spatial,False,12,4,0.8,0.1,3,300,1.0,816,49,0.15791273532213965,0.8864646249634143,0.42116508823332366,0.04339697282254011,0.29508196721311475,0.1836734693877551,0.9960886571056062
XGBoost_multi_interactions_no_coords,spatial,False,12,5,0.8,0.1,3,300,1.0,824,51,0.16751501114120623,0.874819267940035,0.38518676291612636,0.04668676059332491,0.2465753424657534,0.17647058823529413,0.9831824062095731
XGBoost_multi_interactions_no_coords,spatial,False,13,1,0.8,0.1,5,100,0.8,824,50,0.14736685599793817,0.9114987080103357,0.4835632859061165,0.04218327574824954,0.3582089552238806,0.24,0.9935400516795866
XGBoost_multi_interactions_no_coords,spatial,False,13,2,0.8,0.1,5,100,0.8,824,52,0.16841911077152924,0.8675269031486648,0.40418733144340896,0.04647590236945581,0.18181818181818182,0.11538461538461539,0.9896373056994818
XGBoost_multi_interactions_no_coords,spatial,False,13,3,0.8,0.1,5,100,0.8,816,48,0.18565963889346587,0.8196885850694445,0.2865876723682197,0.04866645309942494,0.24242424242424243,0.16666666666666666,0.9869791666666666
XGBoost_multi_interactions_no_coords,spatial,False,13,4,0.8,0.1,5,100,0.8,816,49,0.155753746749656,0.8898438123619722,0.4663191233084007,0.04183847682151185,0.2903225806451613,0.1836734693877551,0.9947848761408083
XGBoost_multi_interactions_no_coords,spatial,False,13,5,0.8,0.1,5,100,0.8,824,51,0.16741279881084348,0.8785226898003703,0.36716975397994067,0.04741423617071071,0.325,0.2549019607843137,0.9793014230271668
XGBoost_multi_interactions_no_coords,spatial,False,14,1,0.8,0.1,5,100,1.0,824,50,0.14729618439635472,0.9130749354005168,0.48538261789212556,0.04211794511675438,0.34375,0.22,0.9961240310077519
XGBoost_multi_interactions_no_coords,spatial,False,14,2,0.8,0.1,5,100,1.0,824,52,0.16461914004456543,0.8711887206058191,0.4328978946455739,0.04504643240006133,0.3188405797101449,0.21153846153846154,0.9922279792746114
XGBoost_multi_interactions_no_coords,spatial,False,14,3,0.8,0.1,5,100,1.0,816,48,0.18527344169594717,0.8157552083333333,0.3020396409803682,0.04837302608107591,0.1875,0.125,0.9869791666666666
XGBoost_multi_interactions_no_coords,spatial,False,14,4,0.8,0.1,5,100,1.0,816,49,0.16080217135623937,0.8778170981560812,0.4312545011967147,0.043369369171299924,0.32786885245901637,0.20408163265306123,0.9973924380704041
XGBoost_multi_interactions_no_coords,spatial,False,14,5,0.8,0.1,5,100,1.0,824,51,0.17117783876080392,0.8707860893387109,0.3387460348334059,0.04849560832790155,0.32098765432098764,0.2549019607843137,0.9780077619663649
XGBoost_multi_interactions_no_coords,spatial,False,15,1,0.8,0.1,5,300,0.8,824,50,0.1522195300172786,0.9082170542635659,0.4944686047633953,0.042256015294223036,0.3888888888888889,0.28,0.9896640826873385
XGBoost_multi_interactions_no_coords,spatial,False,15,2,0.8,0.1,5,300,0.8,824,52,0.19168545632246733,0.85285472299721,0.3669309810060125,0.05004773751148949,0.22857142857142856,0.15384615384615385,0.9870466321243523
XGBoost_multi_interactions_no_coords,spatial,False,15,3,0.8,0.1,5,300,0.8,816,48,0.2038879163373279,0.8227267795138888,0.3122253407769651,0.04866326948371645,0.3055555555555556,0.22916666666666666,0.9830729166666666
XGBoost_multi_interactions_no_coords,spatial,False,15,4,0.8,0.1,5,300,0.8,816,49,0.1696436187935638,0.8811430700050554,0.4673313087987526,0.0423327202275849,0.4,0.2653061224489796,0.9960886571056062
XGBoost_multi_interactions_no_coords,spatial,False,15,5,0.8,0.1,5,300,0.8,824,51,0.18013130432947977,0.8809578165030566,0.38590571885735203,0.049362722867470225,0.32941176470588235,0.27450980392156865,0.9741267787839586
XGBoost_multi_interactions_no_coords,spatial,False,16,1,0.8,0.1,5,300,1.0,824,50,0.15216408833655978,0.9015245478036176,0.499625921671004,0.041425114006043776,0.4,0.3,0.9870801033591732
XGBoost_multi_interactions_no_coords,spatial,False,16,2,0.8,0.1,5,300,1.0,824,52,0.1854102519589169,0.8678507373455561,0.37877376131255786,0.04946039325218968,0.34210526315789475,0.25,0.9857512953367875
XGBoost_multi_interactions_no_coords,spatial,False,16,3,0.8,0.1,5,300,1.0,816,48,0.2058410010613484,0.8094618055555555,0.31545108168508595,0.04906885484916282,0.2702702702702703,0.20833333333333334,0.9791666666666666
XGBoost_multi_interactions_no_coords,spatial,False,16,4,0.8,0.1,5,300,1.0,816,49,0.17145899957955646,0.8722560732245962,0.45370397846766164,0.04361204026634265,0.3384615384615385,0.22448979591836735,0.9934810951760105
XGBoost_multi_interactions_no_coords,spatial,False,16,5,0.8,0.1,5,300,1.0,824,51,0.17955978948695853,0.8814905004692691,0.35392945639234263,0.050114280066641086,0.3448275862068966,0.29411764705882354,0.9728331177231565
XGBoost_multi_interactions_no_coords,spatial,False,17,1,1.0,0.03,3,100,0.8,824,50,0.16273492629042366,0.9053746770025839,0.4168971791967936,0.04551076264472209,0.14814814814814814,0.08,1.0
XGBoost_multi_interactions_no_coords,spatial,False,17,2,1.0,0.03,3,100,0.8,824,52,0.16883163362258627,0.8821243523316062,0.48629479819842947,0.04644760602073987,0.03773584905660377,0.019230769230769232,1.0
XGBoost_multi_interactions_no_coords,spatial,False,17,3,1.0,0.03,3,100,0.8,816,48,0.18259646518116354,0.8179117838541667,0.24798524010629677,0.049536594734987664,0.038461538461538464,0.020833333333333332,0.99609375
XGBoost_multi_interactions_no_coords,spatial,False,17,4,1.0,0.03,3,100,0.8,816,49,0.16435591304233024,0.8903227523082244,0.4197873932642156,0.04557130277361743,0.0,0.0,1.0
XGBoost_multi_interactions_no_coords,spatial,False,17,5,1.0,0.03,3,100,0.8,824,51,0.17932267888288925,0.8503919032037136,0.32553677757250005,0.04917838977374319,0.07272727272727272,0.0392156862745098,0.9974126778783958
XGBoost_multi_interactions_no_coords,spatial,False,18,1,1.0,0.03,3,100,1.0,824,50,0.1645812684227898,0.9034496124031007,0.40776707165688875,0.04612385515656236,0.07692307692307693,0.04,1.0
XGBoost_multi_interactions_no_coords,spatial,False,18,2,1.0,0.03,3,100,1.0,824,52,0.17240852829994038,0.8796333200478278,0.466583035186554,0.047440596507054934,0.0,0.0,1.0
XGBoost_multi_interactions_no_coords,spatial,False,18,3,1.0,0.03,3,100,1.0,816,48,0.18608453365676209,0.806301540798611,0.21705545571191295,0.050311147265627285,0.0392156862745098,0.020833333333333332,0.9973958333333334
XGBoost_multi_interactions_no_coords,spatial,False,18,4,1.0,0.03,3,100,1.0,816,49,0.1670785129257156,0.8830588297900646,0.41086850655985846,0.04618250084216529,0.0,0.0,1.0
XGBoost_multi_interactions_no_coords,spatial,False,18,5,1.0,0.03,3,100,1.0,824,51,0.18229419772213562,0.8380513913197879,0.31712095265885043,0.04973777352617433,0.038461538461538464,0.0196078431372549,1.0
XGBoost_multi_interactions_no_coords,spatial,False,19,1,1.0,0.03,3,300,0.8,824,50,0.14575814552831842,0.9188630490956071,0.5090431505716635,0.04116626586202962,0.21052631578947367,0.12,0.9987080103359173
XGBoost_multi_interactions_no_coords,spatial,False,19,2,1.0,0.03,3,300,0.8,824,52,0.16121487035198126,0.880654643284177,0.48076181687954317,0.04412033903945034,0.2033898305084746,0.11538461538461539,0.9987046632124352
XGBoost_multi_interactions_no_coords,spatial,False,19,3,1.0,0.03,3,300,0.8,816,48,0.17822409275243511,0.833984375,0.2682485157663863,0.04828806806696613,0.07142857142857142,0.041666666666666664,0.9921875
XGBoost_multi_interactions_no_coords,spatial,False,19,4,1.0,0.03,3,300,0.8,816,49,0.15621236388056567,0.8912806322007291,0.4240612098042106,0.0435468594971446,0.17857142857142858,0.10204081632653061,0.9973924380704041
XGBoost_multi_interactions_no_coords,spatial,False,19,5,1.0,0.03,3,300,0.8,824,51,0.17274638799669764,0.8564543540572762,0.3679816758049337,0.04737769395440879,0.1935483870967742,0.11764705882352941,0.9935316946959897
XGBoost_multi_interactions_no_coords,spatial,False,20,1,1.0,0.03,3,300,1.0,824,50,0.15064693706847573,0.9122997416020671,0.47475455955016677,0.04294511586130309,0.17857142857142858,0.1,0.9987080103359173
XGBoost_multi_interactions_no_coords,spatial,False,20,2,1.0,0.03,3,300,1.0,824,52,0.16374679393898117,0.876394978078916,0.48423346788398713,0.044728180146479606,0.14035087719298245,0.07692307692307693,0.9987046632124352
XGBoost_multi_interactions_no_coords,spatial,False,20,3,1.0,0.03,3,300,1.0,816,48,0.1809823684264397,0.8298746744791667,0.2551169945371913,0.04905057834739098,0.07407407407407407,0.041666666666666664,0.9947916666666666
XGBoost_multi_interactions_no_coords,spatial,False,20,4,1.0,0.03,3,300,1.0,816,49,0.15884054880101695,0.8903094484208285,0.4086639845446454,0.04460408665262172,0.14545454545454545,0.08163265306122448,0.9973924380704041
XGBoost_multi_interactions_no_coords,spatial,False,20,5,1.0,0.03,3,300,1.0,824,51,0.17605562634853153,0.8466504324886488,0.35510378302130485,0.04788793634695214,0.2153846153846154,0.13725490196078433,0.9909443725743855
XGBoost_multi_interactions_no_coords,spatial,False,21,1,1.0,0.03,5,100,0.8,824,50,0.15242813257806603,0.9148062015503875,0.4732824385008142,0.043015089227068544,0.2413793103448276,0.14,0.9987080103359173
XGBoost_multi_interactions_no_coords,spatial,False,21,2,1.0,0.03,5,100,0.8,824,52,0.16006263658032838,0.8802062574730969,0.4823654560203321,0.043645581341681526,0.22580645161290322,0.1346153846153846,0.9961139896373057
XGBoost_multi_interactions_no_coords,spatial,False,21,3,1.0,0.03,5,100,0.8,816,48,0.1762435079188274,0.819363064236111,0.3144302224181603,0.046745609481167856,0.07017543859649122,0.041666666666666664,0.9908854166666666
XGBoost_multi_interactions_no_coords,spatial,False,21,4,1.0,0.03,5,100,0.8,816,49,0.15756053101327838,0.8875023281802943,0.4546459362203921,0.04277825465522664,0.17857142857142858,0.10204081632653061,0.9973924380704041
XGBoost_multi_interactions_no_coords,spatial,False,21,5,1.0,0.03,5,100,0.8,824,51,0.16986407588948013,0.8711412119828528,0.35717632066917043,0.04753959982867544,0.23880597014925373,0.1568627450980392,0.9896507115135834
XGBoost_multi_interactions_no_coords,spatial,False,22,1,1.0,0.03,5,100,1.0,824,50,0.15604659015745012,0.909405684754522,0.4569561081290456,0.044027648744994714,0.17857142857142858,0.1,0.9987080103359173
XGBoost_multi_interactions_no_coords,spatial,False,22,2,1.0,0.03,5,100,1.0,824,52,0.16482181911518667,0.8689841570346751,0.47476057240022473,0.044593250981086796,0.14035087719298245,0.07692307692307693,0.9987046632124352
XGBoost_multi_interactions_no_coords,spatial,False,22,3,1.0,0.03,5,100,1.0,816,48,0.1825024029237103,0.7997233072916667,0.2941030739290766,0.047867954216377094,0.07272727272727272,0.041666666666666664,0.9934895833333334
XGBoost_multi_interactions_no_coords,spatial,False,22,4,1.0,0.03,5,100,1.0,816,49,0.15967558006650873,0.8775510204081632,0.48314180304561977,0.043028325254960746,0.14814814814814814,0.08163265306122448,0.9986962190352021
XGBoost_multi_interactions_no_coords,spatial,False,22,5,1.0,0.03,5,100,1.0,824,51,0.1732506547138166,0.8631763183928163,0.3163260777083271,0.04879186170914665,0.22535211267605634,0.1568627450980392,0.9844760672703752
XGBoost_multi_interactions_no_coords,spatial,False,23,1,1.0,0.03,5,300,0.8,824,50,0.14339215455564894,0.9162273901808786,0.5086414470592074,0.040838928802370375,0.35294117647058826,0.24,0.9922480620155039
XGBoost_multi_interactions_no_coords,spatial,False,23,2,1.0,0.03,5,300,0.8,824,52,0.16191712413330153,0.8712634515743324,0.4377694259075086,0.044492625420550706,0.2898550724637681,0.19230769230769232,0.9909326424870466
XGBoost_multi_interactions_no_coords,spatial,False,23,3,1.0,0.03,5,300,0.8,816,48,0.1790499157672593,0.8268229166666666,0.3218639054593588,0.04647632301868214,0.21212121212121213,0.14583333333333334,0.9856770833333334
XGBoost_multi_interactions_no_coords,spatial,False,23,4,1.0,0.03,5,300,0.8,816,49,0.15602667507878842,0.8897107734880132,0.4470609319807592,0.04223163871105492,0.34375,0.22448979591836735,0.9947848761408083
XGBoost_multi_interactions_no_coords,spatial,False,23,5,1.0,0.03,5,300,0.8,824,51,0.17077793491682253,0.8702026735661924,0.35946103252401845,0.04801399963880469,0.3116883116883117,0.23529411764705882,0.981888745148771
XGBoost_multi_interactions_no_coords,spatial,False,24,1,1.0,0.03,5,300,1.0,824,50,0.1491564745379289,0.9098708010335917,0.47187318529082484,0.04236393742474333,0.3384615384615385,0.22,0.9948320413436692
XGBoost_multi_interactions_no_coords,spatial,False,24,2,1.0,0.03,5,300,1.0,824,52,0.16834597920935693,0.8607263850139497,0.41823627653035633,0.04555132667978654,0.2898550724637681,0.19230769230769232,0.9909326424870466
XGBoost_multi_interactions_no_coords,spatial,False,24,3,1.0,0.03,5,300,1.0,816,48,0.1865252073008434,0.8113742404513888,0.3035801930739217,0.04795189737698522,0.23880597014925373,0.16666666666666666,0.9856770833333334
XGBoost_multi_interactions_no_coords,spatial,False,24,4,1.0,0.03,5,300,1.0,816,49,0.15723219294063676,0.8811430700050555,0.46128730914189686,0.042456821587333674,0.3225806451612903,0.20408163265306123,0.9960886571056062
XGBoost_multi_interactions_no_coords,spatial,False,24,5,1.0,0.03,5,300,1.0,824,51,0.17375733701223922,0.8680465717981889,0.3379411082889239,0.0491251730759291,0.325,0.2549019607843137,0.9793014230271668
XGBoost_multi_interactions_no_coords,spatial,False,25,1,1.0,0.1,3,100,0.8,824,50,0.14476266577610394,0.9197416020671835,0.504095531066566,0.041176781961119235,0.23728813559322035,0.14,0.9974160206718347
XGBoost_multi_interactions_no_coords,spatial,False,25,2,1.0,0.1,3,100,0.8,824,52,0.1628110088043701,0.8777401355121562,0.45643130471299953,0.04476423503977114,0.22950819672131148,0.1346153846153846,0.9974093264248705
XGBoost_multi_interactions_no_coords,spatial,False,25,3,1.0,0.1,3,100,0.8,816,48,0.18215205140539337,0.8270399305555557,0.26921711397149123,0.04872304035994795,0.10344827586206896,0.0625,0.9908854166666666
XGBoost_multi_interactions_no_coords,spatial,False,25,4,1.0,0.1,3,100,0.8,816,49,0.15651521896697626,0.8861453316659128,0.43284995169522344,0.04303257126726639,0.21052631578947367,0.12244897959183673,0.9973924380704041
XGBoost_multi_interactions_no_coords,spatial,False,25,5,1.0,0.1,3,100,0.8,824,51,0.17532683173128716,0.8520533698602338,0.3570116606396093,0.04802642512944454,0.21212121212121213,0.13725490196078433,0.9896507115135834
XGBoost_multi_interactions_no_coords,spatial,False,26,1,1.0,0.1,3,100,1.0,824,50,0.14813075401973455,0.9149354005167959,0.49768181658622734,0.04212987536451548,0.17857142857142858,0.1,0.9987080103359173
XGBoost_multi_interactions_no_coords,spatial,False,26,2,1.0,0.1,3,100,1.0,824,52,0.15921998614095587,0.8838182542845756,0.5158544434452769,0.04348042609250693,0.1724137931034483,0.09615384615384616,0.9987046632124352
XGBoost_multi_interactions_no_coords,spatial,False,26,3,1.0,0.1,3,100,1.0,816,48,0.18279623494759162,0.8275146484374999,0.25479114883519394,0.0491205854581988,0.07407407407407407,0.041666666666666664,0.9947916666666666
XGBoost_multi_interactions_no_coords,spatial,False,26,4,1.0,0.1,3,100,1.0,816,49,0.15659959194774495,0.8927972753638613,0.4030590017684187,0.044065554839497124,0.21052631578947367,0.12244897959183673,0.9973924380704041
XGBoost_multi_interactions_no_coords,spatial,False,26,5,1.0,0.1,3,100,1.0,824,51,0.1785989252140197,0.8439870126575857,0.3480439352265787,0.048588604306984244,0.21212121212121213,0.13725490196078433,0.9896507115135834
XGBoost_multi_interactions_no_coords,spatial,False,27,1,1.0,0.1,3,300,0.8,824,50,0.14326836648830366,0.9146770025839793,0.5101276872734203,0.04030095120241114,0.37142857142857144,0.26,0.9909560723514211
XGBoost_multi_interactions_no_coords,spatial,False,27,2,1.0,0.1,3,300,0.8,824,52,0.16468548902102256,0.8774661219609406,0.4268834844170299,0.0451982095259347,0.2898550724637681,0.19230769230769232,0.9909326424870466
XGBoost_multi_interactions_no_coords,spatial,False,27,3,1.0,0.1,3,300,0.8,816,48,0.19118715756716453,0.8231608072916667,0.29333520486937315,0.04874906904071796,0.2608695652173913,0.1875,0.984375
XGBoost_multi_interactions_no_coords,spatial,False,27,4,1.0,0.1,3,300,0.8,816,49,0.1564779390905722,0.8927440598142777,0.4521371169473968,0.042316818465419674,0.36923076923076925,0.24489795918367346,0.9947848761408083
XGBoost_multi_interactions_no_coords,spatial,False,27,5,1.0,0.1,3,300,0.8,824,51,0.17196660984563092,0.867894376379271,0.38934830127518594,0.04748031336435703,0.358974358974359,0.27450980392156865,0.9831824062095731
XGBoost_multi_interactions_no_coords,spatial,False,28,1,1.0,0.1,3,300,1.0,824,50,0.14700023368002027,0.9084496124031007,0.49128006329242063,0.041374633447058294,0.4117647058823529,0.28,0.9948320413436692
XGBoost_multi_interactions_no_coords,spatial,False,28,2,1.0,0.1,3,300,1.0,824,52,0.16296462908342835,0.8780764248704664,0.4453638474435385,0.04447023363780208,0.24615384615384617,0.15384615384615385,0.9935233160621761
XGBoost_multi_interactions_no_coords,spatial,False,28,3,1.0,0.1,3,300,1.0,816,48,0.18812580213194754,0.8361002604166666,0.28737577100767403,0.04891157023985556,0.24615384615384617,0.16666666666666666,0.98828125
XGBoost_multi_interactions_no_coords,spatial,False,28,4,1.0,0.1,3,300,1.0,816,49,0.1581825897013008,0.885453529521326,0.43966954733190716,0.042953455933877664,0.3,0.1836734693877551,0.9973924380704041
XGBoost_multi_interactions_no_coords,spatial,False,28,5,1.0,0.1,3,300,1.0,824,51,0.1673995967066695,0.8745909748116582,0.39107415482650354,0.04638028117891762,0.2777777777777778,0.19607843137254902,0.9857697283311773
XGBoost_multi_interactions_no_coords,spatial,False,29,1,1.0,0.1,5,100,0.8,824,50,0.14961448853081588,0.9078294573643411,0.4825414780082882,0.042699032438637076,0.34210526315789475,0.26,0.9832041343669251
XGBoost_multi_interactions_no_coords,spatial,False,29,2,1.0,0.1,5,100,0.8,824,52,0.1663511204900625,0.8670286966919091,0.4260980378903135,0.04555315886631603,0.32432432432432434,0.23076923076923078,0.9870466321243523
XGBoost_multi_interactions_no_coords,spatial,False,29,3,1.0,0.1,5,100,0.8,816,48,0.182825963463972,0.8277994791666667,0.3080415915694162,0.04772054615364543,0.208955223880597,0.14583333333333334,0.984375
XGBoost_multi_interactions_no_coords,spatial,False,29,4,1.0,0.1,5,100,0.8,816,49,0.1584571259475837,0.8832982997631907,0.44609164481345676,0.0424750891230544,0.3384615384615385,0.22448979591836735,0.9934810951760105
XGBoost_multi_interactions_no_coords,spatial,False,29,5,1.0,0.1,5,100,0.8,824,51,0.1724169665173997,0.8733226796540092,0.3598895268928916,0.048971166785313894,0.3614457831325301,0.29411764705882354,0.9780077619663649
XGBoost_multi_interactions_no_coords,spatial,False,30,1,1.0,0.1,5,100,1.0,824,50,0.14732340390693854,0.9104909560723513,0.49703716085913946,0.04164219901483113,0.4057971014492754,0.28,0.9935400516795866
XGBoost_multi_interactions_no_coords,spatial,False,30,2,1.0,0.1,5,100,1.0,824,52,0.16730602151232005,0.8663312076524512,0.42195233919993763,0.04514540659834011,0.3561643835616438,0.25,0.9896373056994818
XGBoost_multi_interactions_no_coords,spatial,False,30,3,1.0,0.1,5,100,1.0,816,48,0.18719593303504936,0.8124050564236112,0.31304391463500914,0.047841206995112434,0.2608695652173913,0.1875,0.984375
XGBoost_multi_interactions_no_coords,spatial,False,30,4,1.0,0.1,5,100,1.0,816,49,0.1599031704506679,0.8774978048585798,0.443945997573662,0.042964940863386765,0.3225806451612903,0.20408163265306123,0.9960886571056062
XGBoost_multi_interactions_no_coords,spatial,False,30,5,1.0,0.1,5,100,1.0,824,51,0.16999008036671714,0.8759607335819191,0.3692245850517153,0.04845466057975802,0.3333333333333333,0.27450980392156865,0.9754204398447607
XGBoost_multi_interactions_no_coords,spatial,False,31,1,1.0,0.1,5,300,0.8,824,50,0.15761445501104096,0.898062015503876,0.4806592313672569,0.042641916096233926,0.38461538461538464,0.3,0.9832041343669251
XGBoost_multi_interactions_no_coords,spatial,False,31,2,1.0,0.1,5,300,0.8,824,52,0.193810201616334,0.8537514946193703,0.37738306009312533,0.05009910957226323,0.3076923076923077,0.23076923076923078,0.9818652849740933
XGBoost_multi_interactions_no_coords,spatial,False,31,3,1.0,0.1,5,300,0.8,816,48,0.2100240641394593,0.8087836371527778,0.3264377359117807,0.04838111710113321,0.3611111111111111,0.2708333333333333,0.9856770833333334
XGBoost_multi_interactions_no_coords,spatial,False,31,4,1.0,0.1,5,300,0.8,816,49,0.17824013627526122,0.8701008434664609,0.43688577393055006,0.043221735422920474,0.34375,0.22448979591836735,0.9947848761408083
XGBoost_multi_interactions_no_coords,spatial,False,31,5,1.0,0.1,5,300,0.8,824,51,0.18132132706859722,0.8829363569489891,0.38805533611663034,0.04980045038868492,0.3488372093023256,0.29411764705882354,0.9741267787839586
XGBoost_multi_interactions_no_coords,spatial,False,32,1,1.0,0.1,5,300,1.0,824,50,0.1538271983478615,0.9024806201550387,0.497162411207609,0.04159980741928062,0.4,0.3,0.9870801033591732
XGBoost_multi_interactions_no_coords,spatial,False,32,2,1.0,0.1,5,300,1.0,824,52,0.1847129497565013,0.8609754882423276,0.38069515477964444,0.04840452734145104,0.3333333333333333,0.25,0.9831606217616581
XGBoost_multi_interactions_no_coords,spatial,False,32,3,1.0,0.1,5,300,1.0,816,48,0.21168881813654009,0.8056369357638888,0.3288096157242874,0.04953656138578973,0.3333333333333333,0.2708333333333333,0.9778645833333334
XGBoost_multi_interactions_no_coords,spatial,False,32,4,1.0,0.1,5,300,1.0,816,49,0.16911572216336712,0.8747838118298167,0.443545685023422,0.043217251763884114,0.36923076923076925,0.24489795918367346,0.9947848761408083
XGBoost_multi_interactions_no_coords,spatial,False,32,5,1.0,0.1,5,300,1.0,824,51,0.17693305961231107,0.8830631864647541,0.3638274861600246,0.04926065762168952,0.32558139534883723,0.27450980392156865,0.9728331177231565
