model,split_type,use_coords,candidate,fold,classifier__colsample_bytree,classifier__learning_rate,classifier__max_depth,classifier__n_estimators,classifier__subsample,n,positives,log_loss,auc,average_precision,brier,f1,sensitivity,specificity
XGBoost_multi_with_coords,spatial,True,1,1,0.8,0.03,3,100,0.8,824,48,0.1613681799022649,0.8803694158075601,0.42549166958857504,0.04389322708461271,0.15384615384615385,0.08333333333333333,1.0
XGBoost_multi_with_coords,spatial,True,1,2,0.8,0.03,3,100,0.8,824,49,0.16811212355503316,0.8594338380513495,0.37658227115222365,0.0456196449394835,0.0,0.0,1.0
XGBoost_multi_with_coords,spatial,True,1,3,0.8,0.03,3,100,0.8,816,53,0.16821618665085228,0.8985385395286727,0.4500352120573947,0.04791187474470299,0.07272727272727272,0.03773584905660377,1.0
XGBoost_multi_with_coords,spatial,True,1,4,0.8,0.03,3,100,0.8,816,45,0.1517147789446517,0.9022769851563625,0.39970958005347657,0.041341990106012694,0.15384615384615385,0.08888888888888889,0.9961089494163424
XGBoost_multi_with_coords,spatial,True,1,5,0.8,0.03,3,100,0.8,824,55,0.1730916211972148,0.8855538479725735,0.5029342848740926,0.048410282659109155,0.07017543859649122,0.03636363636363636,1.0
XGBoost_multi_with_coords,spatial,True,2,1,0.8,0.03,3,100,1.0,824,48,0.16120501683187893,0.8815506872852233,0.43222075513513986,0.043833796424416725,0.15384615384615385,0.08333333333333333,1.0
XGBoost_multi_with_coords,spatial,True,2,2,0.8,0.03,3,100,1.0,824,49,0.16865592670022606,0.8622909809084924,0.3778861271176801,0.04606713358939662,0.0,0.0,1.0
XGBoost_multi_with_coords,spatial,True,2,3,0.8,0.03,3,100,1.0,816,53,0.16942883022710908,0.899849155518188,0.4243111750996955,0.048454138430139494,0.0,0.0,1.0
XGBoost_multi_with_coords,spatial,True,2,4,0.8,0.03,3,100,1.0,816,45,0.1554604294356822,0.8938896094538118,0.37757564681445555,0.042409883527439275,0.1509433962264151,0.08888888888888889,0.9948119325551232
XGBoost_multi_with_coords,spatial,True,2,5,0.8,0.03,3,100,1.0,824,55,0.1749687359811314,0.8839697363754581,0.4980009931409119,0.0489380894270225,0.07017543859649122,0.03636363636363636,1.0
XGBoost_multi_with_coords,spatial,True,3,1,0.8,0.03,3,300,0.8,824,48,0.14975294161287683,0.8897121993127147,0.4768013207980785,0.040903819458530354,0.2413793103448276,0.14583333333333334,0.9961340206185567
XGBoost_multi_with_coords,spatial,True,3,2,0.8,0.03,3,300,0.8,824,49,0.15909122458854438,0.8693087557603687,0.4121501896270737,0.043062283825796924,0.17857142857142858,0.10204081632653061,0.9974193548387097
XGBoost_multi_with_coords,spatial,True,3,3,0.8,0.03,3,300,0.8,816,53,0.1548953166440669,0.9012339573184303,0.49256096268843924,0.043428859000986156,0.16666666666666666,0.09433962264150944,0.9973787680209698
XGBoost_multi_with_coords,spatial,True,3,4,0.8,0.03,3,300,0.8,816,45,0.13523126402881885,0.9189220348753423,0.48261263194848064,0.03723839305174399,0.2413793103448276,0.15555555555555556,0.9922178988326849
XGBoost_multi_with_coords,spatial,True,3,5,0.8,0.03,3,300,0.8,824,55,0.15963072555189223,0.8985222839579147,0.5388456879844731,0.04442350655871671,0.22580645161290322,0.12727272727272726,1.0
XGBoost_multi_with_coords,spatial,True,4,1,0.8,0.03,3,300,1.0,824,48,0.15147654154331675,0.8873228092783505,0.45574426094142645,0.04144938235645472,0.24561403508771928,0.14583333333333334,0.9974226804123711
XGBoost_multi_with_coords,spatial,True,4,2,0.8,0.03,3,300,1.0,824,49,0.16281887343554335,0.864700460829493,0.3808890493133627,0.04416256167575669,0.11320754716981132,0.061224489795918366,0.9987096774193548
XGBoost_multi_with_coords,spatial,True,4,3,0.8,0.03,3,300,1.0,816,53,0.1597052881482709,0.8992556690323698,0.46144889645763815,0.04499318981428219,0.13559322033898305,0.07547169811320754,0.9973787680209698
XGBoost_multi_with_coords,spatial,True,4,4,0.8,0.03,3,300,1.0,816,45,0.1425726817051399,0.9082288514195129,0.4533938190965775,0.03889823090711622,0.18181818181818182,0.1111111111111111,0.993514915693904
XGBoost_multi_with_coords,spatial,True,4,5,0.8,0.03,3,300,1.0,824,55,0.1648387925498036,0.8888048232651613,0.5407024873736306,0.045662146743187894,0.19672131147540983,0.10909090909090909,1.0
XGBoost_multi_with_coords,spatial,True,5,1,0.8,0.03,5,100,0.8,824,48,0.14601170303709954,0.9025182560137458,0.5076071745297751,0.0398091351049217,0.32786885245901637,0.20833333333333334,0.9961340206185567
XGBoost_multi_with_coords,spatial,True,5,2,0.8,0.03,5,100,0.8,824,49,0.15528480105334727,0.8747728768926925,0.4386877362000018,0.04210325224445643,0.21052631578947367,0.12244897959183673,0.9974193548387097
XGBoost_multi_with_coords,spatial,True,5,3,0.8,0.03,5,100,0.8,816,53,0.1519394974699834,0.9096169539306116,0.5285007715949644,0.04295861786524038,0.27692307692307694,0.16981132075471697,0.9960681520314548
XGBoost_multi_with_coords,spatial,True,5,4,0.8,0.03,5,100,0.8,816,45,0.13551345787429717,0.9198731805735697,0.49395559785481563,0.03717912002721871,0.3103448275862069,0.2,0.9948119325551232
XGBoost_multi_with_coords,spatial,True,5,5,0.8,0.03,5,100,0.8,824,55,0.16043652204578748,0.8989715096347086,0.547711993527138,0.04446365521122608,0.28125,0.16363636363636364,1.0
XGBoost_multi_with_coords,spatial,True,6,1,0.8,0.03,5,100,1.0,824,48,0.14425669921553025,0.9025719501718213,0.5130658869520393,0.03964623538368457,0.3492063492063492,0.22916666666666666,0.9948453608247423
XGBoost_multi_with_coords,spatial,True,6,2,0.8,0.03,5,100,1.0,824,49,0.15705022536038113,0.8729427254772877,0.4184492168099055,0.0427659246406357,0.2033898305084746,0.12244897959183673,0.9948387096774194
XGBoost_multi_with_coords,spatial,True,6,3,0.8,0.03,5,100,1.0,816,53,0.15261338264221225,0.9107050124879448,0.5164155515760425,0.04324513411674502,0.2647058823529412,0.16981132075471697,0.9921363040629095
XGBoost_multi_with_coords,spatial,True,6,4,0.8,0.03,5,100,1.0,816,45,0.13567514353258045,0.9211701974347889,0.49349165385417787,0.03720846087668128,0.3389830508474576,0.2222222222222222,0.9948119325551232
XGBoost_multi_with_coords,spatial,True,6,5,0.8,0.03,5,100,1.0,824,55,0.1613220818111496,0.896311620758955,0.5442962671754964,0.044448287834302484,0.3235294117647059,0.2,0.9973992197659298
XGBoost_multi_with_coords,spatial,True,7,1,0.8,0.03,5,300,0.8,824,48,0.1439395461435762,0.8958870274914089,0.5064861357681774,0.039018265584595604,0.4117647058823529,0.2916666666666667,0.9922680412371134
XGBoost_multi_with_coords,spatial,True,7,2,0.8,0.03,5,300,0.8,824,49,0.15504063985164573,0.8768136932192231,0.44084883298602917,0.04213323217245904,0.29850746268656714,0.20408163265306123,0.9896774193548387
XGBoost_multi_with_coords,spatial,True,7,3,0.8,0.03,5,300,0.8,816,53,0.1510829684925835,0.8995524122752788,0.5427711815953502,0.04123335461803897,0.41975308641975306,0.32075471698113206,0.9855832241153342
XGBoost_multi_with_coords,spatial,True,7,4,0.8,0.03,5,300,0.8,816,45,0.1247347370735166,0.9284623144545324,0.5410338335246464,0.03502460131377089,0.4594594594594595,0.37777777777777777,0.9844357976653697
XGBoost_multi_with_coords,spatial,True,7,5,0.8,0.03,5,300,0.8,824,55,0.1560572852348932,0.9025416715923869,0.5506233272243894,0.042976421846415716,0.3561643835616438,0.23636363636363636,0.9934980494148244
XGBoost_multi_with_coords,spatial,True,8,1,0.8,0.03,5,300,1.0,824,48,0.1446849052242023,0.8922626718213059,0.5057148621019277,0.03951786248670065,0.4,0.2916666666666667,0.9896907216494846
XGBoost_multi_with_coords,spatial,True,8,2,0.8,0.03,5,300,1.0,824,49,0.15798896370370338,0.8710599078341014,0.4269824549008361,0.04284287643162334,0.3142857142857143,0.22448979591836735,0.9870967741935484
XGBoost_multi_with_coords,spatial,True,8,3,0.8,0.03,5,300,1.0,816,53,0.1553755692409867,0.8972031949355821,0.4887306984462371,0.04265085968509214,0.38961038961038963,0.2830188679245283,0.9882044560943644
XGBoost_multi_with_coords,spatial,True,8,4,0.8,0.03,5,300,1.0,816,45,0.13039089705645193,0.9222942787145122,0.5057832761919047,0.036671805019580166,0.4594594594594595,0.37777777777777777,0.9844357976653697
XGBoost_multi_with_coords,spatial,True,8,5,0.8,0.03,5,300,1.0,824,55,0.15745915682843512,0.9041257831895023,0.5532308585270647,0.04325537154448092,0.3561643835616438,0.23636363636363636,0.9934980494148244
XGBoost_multi_with_coords,spatial,True,9,1,0.8,0.1,3,100,0.8,824,48,0.14923061075899272,0.8909471649484536,0.4791445770935371,0.04051192085365265,0.29508196721311475,0.1875,0.9948453608247423
XGBoost_multi_with_coords,spatial,True,9,2,0.8,0.1,3,100,0.8,824,49,0.16147702011451726,0.8657932850559579,0.39487915741832114,0.043463015010868404,0.23333333333333334,0.14285714285714285,0.9948387096774194
XGBoost_multi_with_coords,spatial,True,9,3,0.8,0.1,3,100,0.8,816,53,0.15662887403688838,0.8946314201637035,0.5067970939597408,0.04314052327056695,0.29411764705882354,0.18867924528301888,0.9934469200524246
XGBoost_multi_with_coords,spatial,True,9,4,0.8,0.1,3,100,0.8,816,45,0.13567246923568616,0.916126242974492,0.4839958030895495,0.03733726650983701,0.2413793103448276,0.15555555555555556,0.9922178988326849
XGBoost_multi_with_coords,spatial,True,9,5,0.8,0.1,3,100,0.8,824,55,0.1623206805906784,0.893178862749734,0.5168543471110839,0.04508458875714317,0.30303030303030304,0.18181818181818182,0.9986996098829649
XGBoost_multi_with_coords,spatial,True,10,1,0.8,0.1,3,100,1.0,824,48,0.15183572314041968,0.8844501718213057,0.45122715129872093,0.041331631881757334,0.2413793103448276,0.14583333333333334,0.9961340206185567
XGBoost_multi_with_coords,spatial,True,10,2,0.8,0.1,3,100,1.0,824,49,0.16228661888051407,0.8688084265964451,0.3757309088770093,0.0443535792750058,0.10909090909090909,0.061224489795918366,0.9961290322580645
XGBoost_multi_with_coords,spatial,True,10,3,0.8,0.1,3,100,1.0,816,53,0.15850041821697905,0.8986374539429758,0.4676267326433383,0.04426504303061566,0.16393442622950818,0.09433962264150944,0.9960681520314548
XGBoost_multi_with_coords,spatial,True,10,4,0.8,0.1,3,100,1.0,816,45,0.14081507686845982,0.9141374837872892,0.4663159459418584,0.038431307612657756,0.21052631578947367,0.13333333333333333,0.9922178988326849
XGBoost_multi_with_coords,spatial,True,10,5,0.8,0.1,3,100,1.0,824,55,0.1650186466555066,0.8845962879773023,0.5269201525074948,0.045394457961141464,0.19672131147540983,0.10909090909090909,1.0
XGBoost_multi_with_coords,spatial,True,11,1,0.8,0.1,3,300,0.8,824,48,0.14641113468810535,0.8904639175257731,0.5100675453820244,0.03886530866116612,0.4411764705882353,0.3125,0.9935567010309279
XGBoost_multi_with_coords,spatial,True,11,2,0.8,0.1,3,300,0.8,824,49,0.1586113183250031,0.8752337063857801,0.419382635328103,0.04219723398630386,0.3235294117647059,0.22448979591836735,0.9896774193548387
XGBoost_multi_with_coords,spatial,True,11,3,0.8,0.1,3,300,0.8,816,53,0.16114181792618318,0.8851356363906129,0.5235536075516865,0.04175744224622317,0.42857142857142855,0.33962264150943394,0.9829619921363041
XGBoost_multi_with_coords,spatial,True,11,4,0.8,0.1,3,300,0.8,816,45,0.12888968435325973,0.9213431330162848,0.5399821034684795,0.03528297890503802,0.5135135135135135,0.4222222222222222,0.9870298313878081
XGBoost_multi_with_coords,spatial,True,11,5,0.8,0.1,3,300,0.8,824,55,0.16403220797226323,0.897387398037593,0.505827001370687,0.04542942733268684,0.32432432432432434,0.21818181818181817,0.9908972691807543
XGBoost_multi_with_coords,spatial,True,12,1,0.8,0.1,3,300,1.0,824,48,0.14735945589066599,0.8904370704467354,0.4870640885517325,0.03963140673984404,0.37681159420289856,0.2708333333333333,0.9896907216494846
XGBoost_multi_with_coords,spatial,True,12,2,0.8,0.1,3,300,1.0,824,49,0.15978382052844173,0.8720868992758394,0.4287363201800488,0.04249713674220708,0.2727272727272727,0.1836734693877551,0.9896774193548387
XGBoost_multi_with_coords,spatial,True,12,3,0.8,0.1,3,300,1.0,816,53,0.16109847561609628,0.8923811172383096,0.47200411726958286,0.04325719627852923,0.3333333333333333,0.24528301886792453,0.9842726081258192
XGBoost_multi_with_coords,spatial,True,12,4,0.8,0.1,3,300,1.0,816,45,0.12962895995453233,0.9239371667387232,0.5385640704085629,0.035564037946824785,0.4057971014492754,0.3111111111111111,0.9870298313878081
XGBoost_multi_with_coords,spatial,True,12,5,0.8,0.1,3,300,1.0,824,55,0.16213834026899387,0.8902707175789101,0.5287000399346043,0.04369479224106603,0.3380281690140845,0.21818181818181817,0.9947984395318595
XGBoost_multi_with_coords,spatial,True,13,1,0.8,0.1,5,100,0.8,824,48,0.1514457931964982,0.8874838917525771,0.46168141197619544,0.04044342239370931,0.417910447761194,0.2916666666666667,0.9935567010309279
XGBoost_multi_with_coords,spatial,True,13,2,0.8,0.1,5,100,0.8,824,49,0.1583236095637421,0.8763133640552994,0.41487907199493657,0.043200265859303824,0.30985915492957744,0.22448979591836735,0.9858064516129033
XGBoost_multi_with_coords,spatial,True,13,3,0.8,0.1,5,100,0.8,816,53,0.15634400021968958,0.8926778604812186,0.5368964731236686,0.04223835052008641,0.43373493975903615,0.33962264150943394,0.9842726081258192
XGBoost_multi_with_coords,spatial,True,13,4,0.8,0.1,5,100,0.8,816,45,0.12762925416709442,0.925839458135178,0.521712876895462,0.03575892293662953,0.4383561643835616,0.35555555555555557,0.9844357976653697
XGBoost_multi_with_coords,spatial,True,13,5,0.8,0.1,5,100,0.8,824,55,0.15906751397568414,0.9046932261496631,0.5402086868748122,0.04372546252714614,0.38961038961038963,0.2727272727272727,0.9908972691807543
XGBoost_multi_with_coords,spatial,True,14,1,0.8,0.1,5,100,1.0,824,48,0.1436705588684117,0.8947862972508591,0.5267631976868079,0.03897936434077915,0.4,0.2916666666666667,0.9896907216494846
XGBoost_multi_with_coords,spatial,True,14,2,0.8,0.1,5,100,1.0,824,49,0.1578169785129142,0.8708887425938117,0.42500762270163883,0.042558793147069986,0.34782608695652173,0.24489795918367346,0.9896774193548387
XGBoost_multi_with_coords,spatial,True,14,3,0.8,0.1,5,100,1.0,816,53,0.15568299158901955,0.899354583446673,0.5145411874064786,0.04290871739026567,0.41025641025641024,0.3018867924528302,0.9882044560943644
XGBoost_multi_with_coords,spatial,True,14,4,0.8,0.1,5,100,1.0,816,45,0.12894239122811213,0.922582504683672,0.5398649078108118,0.03599749324584354,0.4444444444444444,0.35555555555555557,0.9857328145265889
XGBoost_multi_with_coords,spatial,True,14,5,0.8,0.1,5,100,1.0,824,55,0.15719013455174735,0.9015013594987588,0.5629209146913186,0.04287845895128625,0.3611111111111111,0.23636363636363636,0.9947984395318595
XGBoost_multi_with_coords,spatial,True,15,1,0.8,0.1,5,300,0.8,824,48,0.16352408181138517,0.8831883591065292,0.5020861704492531,0.040120294547485065,0.4864864864864865,0.375,0.9896907216494846
XGBoost_multi_with_coords,spatial,True,15,2,0.8,0.1,5,300,0.8,824,49,0.17061803542908346,0.8757603686635944,0.43784462161734666,0.04447914429489651,0.3142857142857143,0.22448979591836735,0.9870967741935484
XGBoost_multi_with_coords,spatial,True,15,3,0.8,0.1,5,300,0.8,816,53,0.18003725525961822,0.8761591532926136,0.5237113739747387,0.04342229464271597,0.4827586206896552,0.39622641509433965,0.9829619921363041
XGBoost_multi_with_coords,spatial,True,15,4,0.8,0.1,5,300,0.8,816,45,0.13695062034764927,0.9134457414613056,0.5304308294027403,0.03655748503972101,0.5066666666666667,0.4222222222222222,0.9857328145265889
XGBoost_multi_with_coords,spatial,True,15,5,0.8,0.1,5,300,0.8,824,55,0.17971205492746625,0.8949521220002364,0.5031473938594875,0.046271219094982344,0.425,0.3090909090909091,0.9895968790637191
XGBoost_multi_with_coords,spatial,True,16,1,0.8,0.1,5,300,1.0,824,48,0.15890106135499749,0.883617912371134,0.5155685093772451,0.039408847560275816,0.4383561643835616,0.3333333333333333,0.9884020618556701
XGBoost_multi_with_coords,spatial,True,16,2,0.8,0.1,5,300,1.0,824,49,0.166434563252341,0.8742857142857143,0.43743109888162346,0.0434398923581243,0.4155844155844156,0.32653061224489793,0.984516129032258
XGBoost_multi_with_coords,spatial,True,16,3,0.8,0.1,5,300,1.0,816,53,0.17360410479541968,0.8888449269269765,0.5124144227408178,0.04385981833607758,0.4523809523809524,0.3584905660377358,0.9842726081258192
XGBoost_multi_with_coords,spatial,True,16,4,0.8,0.1,5,300,1.0,816,45,0.12952538326807542,0.919325551232166,0.5518227119469461,0.035685748277737656,0.4935064935064935,0.4222222222222222,0.9831387808041504
XGBoost_multi_with_coords,spatial,True,16,5,0.8,0.1,5,300,1.0,824,55,0.17209114708064804,0.8993025180281357,0.522044536224777,0.04490052280377348,0.4358974358974359,0.3090909090909091,0.9921976592977894
XGBoost_multi_with_coords,spatial,True,17,1,1.0,0.03,3,100,0.8,824,48,0.16131231214808367,0.8762618127147767,0.4228181234459357,0.04373535758268852,0.18867924528301888,0.10416666666666667,1.0
XGBoost_multi_with_coords,spatial,True,17,2,1.0,0.03,3,100,0.8,824,49,0.16725893536992462,0.8628308097432521,0.38833933083237193,0.04557863711921279,0.0,0.0,1.0
XGBoost_multi_with_coords,spatial,True,17,3,1.0,0.03,3,100,0.8,816,53,0.16604404619211105,0.9003931847968545,0.4619662018212162,0.04737368995895484,0.07272727272727272,0.03773584905660377,1.0
XGBoost_multi_with_coords,spatial,True,17,4,1.0,0.03,3,100,0.8,816,45,0.14987875648150453,0.904856607580343,0.39856572221916126,0.04115820404696989,0.1509433962264151,0.08888888888888889,0.9948119325551232
XGBoost_multi_with_coords,spatial,True,17,5,1.0,0.03,3,100,0.8,824,55,0.17185134994949708,0.8874216810497695,0.4891004122478567,0.04825105732209639,0.03571428571428571,0.01818181818181818,1.0
XGBoost_multi_with_coords,spatial,True,18,1,1.0,0.03,3,100,1.0,824,48,0.16239462587501532,0.8756174828178693,0.4156751479528706,0.04412192519400759,0.11764705882352941,0.0625,1.0
XGBoost_multi_with_coords,spatial,True,18,2,1.0,0.03,3,100,1.0,824,49,0.17008917710885538,0.8591968400263331,0.37157610543071184,0.046360474922236355,0.0,0.0,1.0
XGBoost_multi_with_coords,spatial,True,18,3,1.0,0.03,3,100,1.0,816,53,0.1700128176234156,0.8998244269146123,0.4346821705164241,0.04855882308039122,0.037037037037037035,0.018867924528301886,1.0
XGBoost_multi_with_coords,spatial,True,18,4,1.0,0.03,3,100,1.0,816,45,0.15694550983933087,0.8898976797809482,0.33886440371244936,0.042953168089326026,0.12,0.06666666666666667,0.9974059662775616
XGBoost_multi_with_coords,spatial,True,18,5,1.0,0.03,3,100,1.0,824,55,0.17625159926272702,0.8830949284785435,0.5011923743808938,0.049385031482771,0.03571428571428571,0.01818181818181818,1.0
XGBoost_multi_with_coords,spatial,True,19,1,1.0,0.03,3,300,0.8,824,48,0.15056959970287637,0.8869469501718212,0.4768785162501741,0.04094694989115471,0.2413793103448276,0.14583333333333334,0.9961340206185567
XGBoost_multi_with_coords,spatial,True,19,2,1.0,0.03,3,300,0.8,824,49,0.15926607964256487,0.8693350888742593,0.4020689911369495,0.043233109624796706,0.14545454545454545,0.08163265306122448,0.9974193548387097
XGBoost_multi_with_coords,spatial,True,19,3,1.0,0.03,3,300,0.8,816,53,0.1553444219352818,0.8993051262395212,0.49021456300292626,0.04334564887766472,0.21875,0.1320754716981132,0.9947575360419397
XGBoost_multi_with_coords,spatial,True,19,4,1.0,0.03,3,300,0.8,816,45,0.13493771924100142,0.9188643896815102,0.48263420093914927,0.03728112577370039,0.21052631578947367,0.13333333333333333,0.9922178988326849
XGBoost_multi_with_coords,spatial,True,19,5,1.0,0.03,3,300,0.8,824,55,0.15892342764960687,0.9027544627024471,0.5317502554937825,0.04461501681008453,0.2222222222222222,0.12727272727272726,0.9986996098829649
XGBoost_multi_with_coords,spatial,True,20,1,1.0,0.03,3,300,1.0,824,48,0.15158382877387805,0.8841280068728522,0.47357821705620906,0.0411401984327573,0.24561403508771928,0.14583333333333334,0.9974226804123711
XGBoost_multi_with_coords,spatial,True,20,2,1.0,0.03,3,300,1.0,824,49,0.16501981305971744,0.8604871626069783,0.38418104754361615,0.044368853352935944,0.14814814814814814,0.08163265306122448,0.9987096774193548
XGBoost_multi_with_coords,spatial,True,20,3,1.0,0.03,3,300,1.0,816,53,0.15880413177419808,0.9011968644130666,0.467863248289702,0.04477574770707834,0.16129032258064516,0.09433962264150944,0.9947575360419397
XGBoost_multi_with_coords,spatial,True,20,4,1.0,0.03,3,300,1.0,816,45,0.14253085222514364,0.9076668107796513,0.4502591169414567,0.03897920411181851,0.17857142857142858,0.1111111111111111,0.9922178988326849
XGBoost_multi_with_coords,spatial,True,20,5,1.0,0.03,3,300,1.0,824,55,0.16650015295032178,0.8864877645111715,0.5316162382066444,0.04609683869374024,0.19672131147540983,0.10909090909090909,1.0
XGBoost_multi_with_coords,spatial,True,21,1,1.0,0.03,5,100,0.8,824,48,0.1464559698476508,0.8995650773195876,0.5112501758075112,0.039872144005248314,0.38095238095238093,0.25,0.9961340206185567
XGBoost_multi_with_coords,spatial,True,21,2,1.0,0.03,5,100,0.8,824,49,0.15877515698239275,0.8741145490454246,0.3996190661484345,0.04352552956437422,0.1694915254237288,0.10204081632653061,0.9935483870967742
XGBoost_multi_with_coords,spatial,True,21,3,1.0,0.03,5,100,0.8,816,53,0.14974433360763562,0.9133757016741264,0.5363285203578552,0.04246564706921508,0.26865671641791045,0.16981132075471697,0.9934469200524246
XGBoost_multi_with_coords,spatial,True,21,4,1.0,0.03,5,100,0.8,816,45,0.13282036174364759,0.9242830379017148,0.497478838553211,0.03654555639283011,0.3050847457627119,0.2,0.993514915693904
XGBoost_multi_with_coords,spatial,True,21,5,1.0,0.03,5,100,0.8,824,55,0.15781027898576008,0.90488237380305,0.5547390877781413,0.043808422238697554,0.30303030303030304,0.18181818181818182,0.9986996098829649
XGBoost_multi_with_coords,spatial,True,22,1,1.0,0.03,5,100,1.0,824,48,0.14814835278504912,0.895081615120275,0.485693558045203,0.04072701428657896,0.3,0.1875,0.9961340206185567
XGBoost_multi_with_coords,spatial,True,22,2,1.0,0.03,5,100,1.0,824,49,0.15903725822620648,0.8725872284397631,0.39673648517308463,0.04362883216997825,0.2033898305084746,0.12244897959183673,0.9948387096774194
XGBoost_multi_with_coords,spatial,True,22,3,1.0,0.03,5,100,1.0,816,53,0.15349934384009586,0.9076633942481269,0.5147050997731981,0.04322988188234972,0.24615384615384617,0.1509433962264151,0.9947575360419397
XGBoost_multi_with_coords,spatial,True,22,4,1.0,0.03,5,100,1.0,816,45,0.13759290475630082,0.9177403084017871,0.46992004449895447,0.038175391737447585,0.21052631578947367,0.13333333333333333,0.9922178988326849
XGBoost_multi_with_coords,spatial,True,22,5,1.0,0.03,5,100,1.0,824,55,0.16353399911139221,0.8880009457382669,0.5300524432177369,0.04486955065629703,0.2898550724637681,0.18181818181818182,0.9947984395318595
XGBoost_multi_with_coords,spatial,True,23,1,1.0,0.03,5,300,0.8,824,48,0.14270408220081404,0.8961018041237113,0.5245896468523317,0.038725068079873796,0.417910447761194,0.2916666666666667,0.9935567010309279
XGBoost_multi_with_coords,spatial,True,23,2,1.0,0.03,5,300,0.8,824,49,0.15809601466830497,0.872442396313364,0.40855501466278205,0.04301728500030055,0.29411764705882354,0.20408163265306123,0.9883870967741936
XGBoost_multi_with_coords,spatial,True,23,3,1.0,0.03,5,300,0.8,816,53,0.1522049641534938,0.8996513266895818,0.5306474996140494,0.0416084898642374,0.40963855421686746,0.32075471698113206,0.9829619921363041
XGBoost_multi_with_coords,spatial,True,23,4,1.0,0.03,5,300,0.8,816,45,0.12538293261764258,0.9266464908488254,0.54112013955052,0.035124596229503896,0.47368421052631576,0.4,0.9831387808041504
XGBoost_multi_with_coords,spatial,True,23,5,1.0,0.03,5,300,0.8,824,55,0.15635865253815046,0.9084525357607282,0.538803695793794,0.04351280725336179,0.41025641025641024,0.2909090909090909,0.9908972691807543
XGBoost_multi_with_coords,spatial,True,24,1,1.0,0.03,5,300,1.0,824,48,0.1484000807180466,0.8863026202749141,0.49084724652949724,0.040268887388891485,0.43478260869565216,0.3125,0.9922680412371134
XGBoost_multi_with_coords,spatial,True,24,2,1.0,0.03,5,300,1.0,824,49,0.160015606586619,0.8699934167215273,0.4092059896010708,0.04346656889631826,0.3380281690140845,0.24489795918367346,0.9870967741935484
XGBoost_multi_with_coords,spatial,True,24,3,1.0,0.03,5,300,1.0,816,53,0.15426402095855787,0.8960409505675214,0.49190975410164034,0.042053805068041815,0.379746835443038,0.2830188679245283,0.9855832241153342
XGBoost_multi_with_coords,spatial,True,24,4,1.0,0.03,5,300,1.0,816,45,0.1308381011676793,0.9237354085603113,0.48659352145226575,0.03729967002402696,0.43243243243243246,0.35555555555555557,0.9831387808041504
XGBoost_multi_with_coords,spatial,True,24,5,1.0,0.03,5,300,1.0,824,55,0.16038336587881646,0.8941009575599953,0.5468438193246171,0.04338229305330657,0.3561643835616438,0.23636363636363636,0.9934980494148244
XGBoost_multi_with_coords,spatial,True,25,1,1.0,0.1,3,100,0.8,824,48,0.14735369413412083,0.891833118556701,0.4878326498811835,0.039928409281560454,0.3548387096774194,0.22916666666666666,0.9961340206185567
XGBoost_multi_with_coords,spatial,True,25,2,1.0,0.1,3,100,0.8,824,49,0.16087421290913728,0.8656221198156682,0.40075591231968943,0.04341816865559526,0.20689655172413793,0.12244897959183673,0.9961290322580645
XGBoost_multi_with_coords,spatial,True,25,3,1.0,0.1,3,100,0.8,816,53,0.15345124300140633,0.9008630282647939,0.5163801953799834,0.04255843929756683,0.3188405797101449,0.20754716981132076,0.9934469200524246
XGBoost_multi_with_coords,spatial,True,25,4,1.0,0.1,3,100,0.8,816,45,0.13636293256821466,0.9154921458423403,0.467821314009397,0.03800037607810419,0.2413793103448276,0.15555555555555556,0.9922178988326849
XGBoost_multi_with_coords,spatial,True,25,5,1.0,0.1,3,100,0.8,824,55,0.15728759378639845,0.9035110533159948,0.5504950400258013,0.043863188009223356,0.27692307692307694,0.16363636363636364,0.9986996098829649
XGBoost_multi_with_coords,spatial,True,26,1,1.0,0.1,3,100,1.0,824,48,0.15190148107410562,0.8845575601374571,0.45948232125751315,0.041391483520577727,0.2413793103448276,0.14583333333333334,0.9961340206185567
XGBoost_multi_with_coords,spatial,True,26,2,1.0,0.1,3,100,1.0,824,49,0.16492045585987714,0.8629493087557603,0.3659972337991259,0.04470223608211101,0.07407407407407407,0.04081632653061224,0.9961290322580645
XGBoost_multi_with_coords,spatial,True,26,3,1.0,0.1,3,100,1.0,816,53,0.15663814393017003,0.903978832315339,0.4645243182115916,0.04403484866454834,0.1875,0.11320754716981132,0.9934469200524246
XGBoost_multi_with_coords,spatial,True,26,4,1.0,0.1,3,100,1.0,816,45,0.1398809000394208,0.9101887880097996,0.45915929458133625,0.03841186740160036,0.2413793103448276,0.15555555555555556,0.9922178988326849
XGBoost_multi_with_coords,spatial,True,26,5,1.0,0.1,3,100,1.0,824,55,0.1636694859514432,0.890010639555503,0.54222013438838,0.04520630723136723,0.19672131147540983,0.10909090909090909,1.0
XGBoost_multi_with_coords,spatial,True,27,1,1.0,0.1,3,300,0.8,824,48,0.1471623311732291,0.8915378006872852,0.5021925869903706,0.03926902281725106,0.417910447761194,0.2916666666666667,0.9935567010309279
XGBoost_multi_with_coords,spatial,True,27,2,1.0,0.1,3,300,0.8,824,49,0.15862405172157681,0.8727320605661619,0.43148405464443784,0.04195553547213094,0.3235294117647059,0.22448979591836735,0.9896774193548387
XGBoost_multi_with_coords,spatial,True,27,3,1.0,0.1,3,300,0.8,816,53,0.15995182589941317,0.8946314201637033,0.5093329529045294,0.04276258334081482,0.4146341463414634,0.32075471698113206,0.9842726081258192
XGBoost_multi_with_coords,spatial,True,27,4,1.0,0.1,3,300,0.8,816,45,0.13047669039174606,0.9183167603401066,0.5160940023029515,0.036238036083626954,0.4788732394366197,0.37777777777777777,0.9883268482490273
XGBoost_multi_with_coords,spatial,True,27,5,1.0,0.1,3,300,0.8,824,55,0.15808221488202875,0.9080742404539544,0.5221769485264025,0.04459378244534136,0.33766233766233766,0.23636363636363636,0.988296488946684
XGBoost_multi_with_coords,spatial,True,28,1,1.0,0.1,3,300,1.0,824,48,0.14816091000835602,0.8873496563573883,0.5060621310206751,0.03925671435316705,0.410958904109589,0.3125,0.9871134020618557
XGBoost_multi_with_coords,spatial,True,28,2,1.0,0.1,3,300,1.0,824,49,0.1632511595708495,0.8688610928242264,0.40239223556836173,0.04344523021016568,0.29411764705882354,0.20408163265306123,0.9883870967741936
XGBoost_multi_with_coords,spatial,True,28,3,1.0,0.1,3,300,1.0,816,53,0.15790760026968279,0.8988352827715819,0.47972630626127793,0.042523057303840706,0.3466666666666667,0.24528301886792453,0.9882044560943644
XGBoost_multi_with_coords,spatial,True,28,4,1.0,0.1,3,300,1.0,816,45,0.1329419054459117,0.9206513906903012,0.5113513316889042,0.03713384545062187,0.4225352112676056,0.3333333333333333,0.9857328145265889
XGBoost_multi_with_coords,spatial,True,28,5,1.0,0.1,3,300,1.0,824,55,0.16126495656630224,0.8906726563423573,0.5417803403630392,0.04307465871008065,0.35135135135135137,0.23636363636363636,0.9921976592977894
XGBoost_multi_with_coords,spatial,True,29,1,1.0,0.1,5,100,0.8,824,48,0.1479986378027306,0.8827856529209622,0.5121928418645528,0.03912917230104992,0.4117647058823529,0.2916666666666667,0.9922680412371134
XGBoost_multi_with_coords,spatial,True,29,2,1.0,0.1,5,100,0.8,824,49,0.15697616084188684,0.8809479921000658,0.40424999915171517,0.043469320386850016,0.29411764705882354,0.20408163265306123,0.9883870967741936
XGBoost_multi_with_coords,spatial,True,29,3,1.0,0.1,5,100,0.8,816,53,0.1535749983816248,0.8965602512426124,0.512766785675637,0.041185733647826336,0.5054945054945055,0.4339622641509434,0.9803407601572739
XGBoost_multi_with_coords,spatial,True,29,4,1.0,0.1,5,100,0.8,816,45,0.12253390055425552,0.9310563481769706,0.5625645770677674,0.03442271895788743,0.47368421052631576,0.4,0.9831387808041504
XGBoost_multi_with_coords,spatial,True,29,5,1.0,0.1,5,100,0.8,824,55,0.15511008891645903,0.9067029199668991,0.5487512173102487,0.04273835897933533,0.38461538461538464,0.2727272727272727,0.9895968790637191
XGBoost_multi_with_coords,spatial,True,30,1,1.0,0.1,5,100,1.0,824,48,0.14740523932609814,0.887644974226804,0.49973485753485675,0.03965194176660366,0.4225352112676056,0.3125,0.9896907216494846
XGBoost_multi_with_coords,spatial,True,30,2,1.0,0.1,5,100,1.0,824,49,0.16184309453033488,0.8654509545753785,0.41038862399954545,0.04358190865735265,0.3142857142857143,0.22448979591836735,0.9870967741935484
XGBoost_multi_with_coords,spatial,True,30,3,1.0,0.1,5,100,1.0,816,53,0.15925163534786624,0.892430574445461,0.4905666982789668,0.043337111925580034,0.4,0.3018867924528302,0.9855832241153342
XGBoost_multi_with_coords,spatial,True,30,4,1.0,0.1,5,100,1.0,816,45,0.1290652393937593,0.9263582648796657,0.5015271579034771,0.037019516598702264,0.4473684210526316,0.37777777777777777,0.9818417639429312
XGBoost_multi_with_coords,spatial,True,30,5,1.0,0.1,5,100,1.0,824,55,0.15911060689284454,0.9010284903652914,0.5482324278061658,0.043482303384005376,0.41025641025641024,0.2909090909090909,0.9908972691807543
XGBoost_multi_with_coords,spatial,True,31,1,1.0,0.1,5,300,0.8,824,48,0.164156874580642,0.8807184278350516,0.5022162497802204,0.040173931258268986,0.48,0.375,0.9884020618556701
XGBoost_multi_with_coords,spatial,True,31,2,1.0,0.1,5,300,0.8,824,49,0.17083581541781503,0.8739697169190257,0.42137503503795,0.044366438183320915,0.2898550724637681,0.20408163265306123,0.9870967741935484
XGBoost_multi_with_coords,spatial,True,31,3,1.0,0.1,5,300,0.8,816,53,0.1787254642909606,0.8804372017112193,0.5159155584743216,0.04282251025413622,0.5227272727272727,0.4339622641509434,0.9842726081258192
XGBoost_multi_with_coords,spatial,True,31,4,1.0,0.1,5,300,0.8,816,45,0.12771832057124233,0.922438391699092,0.5861228515756711,0.03429318766868186,0.5641025641025641,0.4888888888888889,0.9857328145265889
XGBoost_multi_with_coords,spatial,True,31,5,1.0,0.1,5,300,0.8,824,55,0.1765612653152831,0.8987587185246484,0.5256212929109878,0.04468013181051076,0.4,0.2909090909090909,0.988296488946684
XGBoost_multi_with_coords,spatial,True,32,1,1.0,0.1,5,300,1.0,824,48,0.16022257959560035,0.8849065721649483,0.5130681353607188,0.04042546958504654,0.4657534246575342,0.3541666666666667,0.9896907216494846
XGBoost_multi_with_coords,spatial,True,32,2,1.0,0.1,5,300,1.0,824,49,0.17518297215965048,0.8622251481237656,0.4072295141580739,0.045134838392628204,0.3333333333333333,0.2653061224489796,0.9793548387096774
XGBoost_multi_with_coords,spatial,True,32,3,1.0,0.1,5,300,1.0,816,53,0.18481337074299306,0.8796458863967952,0.483963725558288,0.04494264474389538,0.4883720930232558,0.39622641509433965,0.9842726081258192
XGBoost_multi_with_coords,spatial,True,32,4,1.0,0.1,5,300,1.0,816,45,0.1346660417041175,0.9197290675889898,0.5196716610253312,0.038009851088628754,0.45569620253164556,0.4,0.9792477302204928
XGBoost_multi_with_coords,spatial,True,32,5,1.0,0.1,5,300,1.0,824,55,0.1713286603150379,0.903203688379241,0.5126242721111309,0.045209293760897815,0.3950617283950617,0.2909090909090909,0.9869960988296489
