model,split_type,use_coords,species,candidate,fold,model__C,model__class_weight,n,positives,log_loss,auc,average_precision,brier,f1,sensitivity,specificity
Logistic_single_with_coords,random,True,Cacophis kreftii,1,1,0.01,,103,3,0.12284125403082262,0.9166666666666667,0.19365079365079363,0.027720531533428967,0.0,0.0,1.0
Logistic_single_with_coords,random,True,Cacophis kreftii,1,2,0.01,,103,3,0.11890885065128877,0.9166666666666667,0.18514818514818515,0.027382392564177276,0.0,0.0,1.0
Logistic_single_with_coords,random,True,Cacophis kreftii,1,3,0.01,,102,3,0.13039025738236082,0.6767676767676768,0.06298089857411891,0.028451507420866672,0.0,0.0,1.0
Logistic_single_with_coords,random,True,Cacophis kreftii,1,4,0.01,,103,4,0.14969334101675597,0.952020202020202,0.34656593406593406,0.036345216881565695,0.0,0.0,1.0
Logistic_single_with_coords,random,True,Cacophis kreftii,1,5,0.01,,102,3,0.12216823378382394,0.9023569023569025,0.16933760683760685,0.02784192005377568,0.0,0.0,1.0
Logistic_single_with_coords,random,True,Cacophis kreftii,2,1,0.01,balanced,103,3,0.37714570590411367,0.92,0.1930846930846931,0.10724627324699129,0.2857142857142857,0.6666666666666666,0.91
Logistic_single_with_coords,random,True,Cacophis kreftii,2,2,0.01,balanced,103,3,0.4690092595114498,0.91,0.17678571428571427,0.14750463118617715,0.25,1.0,0.82
Logistic_single_with_coords,random,True,Cacophis kreftii,2,3,0.01,balanced,102,3,0.5145607062858627,0.760942760942761,0.08584656084656084,0.1695368376225205,0.07692307692307693,0.3333333333333333,0.7777777777777778
Logistic_single_with_coords,random,True,Cacophis kreftii,2,4,0.01,balanced,103,4,0.4779416624085397,0.9444444444444444,0.36442307692307696,0.1518322207738075,0.32,1.0,0.8282828282828283
Logistic_single_with_coords,random,True,Cacophis kreftii,2,5,0.01,balanced,102,3,0.4399508173626044,0.9124579124579124,0.1791958041958042,0.13543023527438103,0.3,1.0,0.8585858585858586
Logistic_single_with_coords,random,True,Cacophis kreftii,3,1,0.1,,103,3,0.10650543783001638,0.92,0.1930846930846931,0.026932666474035513,0.0,0.0,1.0
Logistic_single_with_coords,random,True,Cacophis kreftii,3,2,0.1,,103,3,0.09753402870999765,0.9133333333333333,0.18977272727272726,0.025703420442170832,0.0,0.0,1.0
Logistic_single_with_coords,random,True,Cacophis kreftii,3,3,0.1,,102,3,0.12915091617824248,0.7710437710437711,0.10436507936507936,0.02922062049004421,0.0,0.0,1.0
Logistic_single_with_coords,random,True,Cacophis kreftii,3,4,0.1,,103,4,0.1186675020157152,0.9368686868686869,0.37023809523809526,0.033088471216550855,0.0,0.0,1.0
Logistic_single_with_coords,random,True,Cacophis kreftii,3,5,0.1,,102,3,0.10217391164670932,0.9191919191919191,0.19166666666666668,0.026646848116673245,0.0,0.0,1.0
Logistic_single_with_coords,random,True,Cacophis kreftii,4,1,0.1,balanced,103,3,0.25957670456363174,0.93,0.2126022126022126,0.07571219519844617,0.3076923076923077,0.6666666666666666,0.92
Logistic_single_with_coords,random,True,Cacophis kreftii,4,2,0.1,balanced,103,3,0.38189527344557445,0.9166666666666666,0.20634920634920634,0.11880768924862481,0.2727272727272727,1.0,0.84
Logistic_single_with_coords,random,True,Cacophis kreftii,4,3,0.1,balanced,102,3,0.48619335333913566,0.8148148148148147,0.12559139784946238,0.16757182706222154,0.07407407407407407,0.3333333333333333,0.7676767676767676
Logistic_single_with_coords,random,True,Cacophis kreftii,4,4,0.1,balanced,103,4,0.40435510201639224,0.9267676767676768,0.3129444085326438,0.1304575890411526,0.2962962962962963,1.0,0.8080808080808081
Logistic_single_with_coords,random,True,Cacophis kreftii,4,5,0.1,balanced,102,3,0.3402452094966708,0.9292929292929293,0.21574074074074073,0.10416122385457466,0.3157894736842105,1.0,0.8686868686868687
Logistic_single_with_coords,random,True,Cacophis kreftii,5,1,1.0,,103,3,0.09479172436662282,0.9366666666666668,0.23164983164983166,0.02632226008276792,0.0,0.0,1.0
Logistic_single_with_coords,random,True,Cacophis kreftii,5,2,1.0,,103,3,0.0905502495601469,0.9233333333333332,0.24707602339181284,0.02555408713885205,0.0,0.0,1.0
Logistic_single_with_coords,random,True,Cacophis kreftii,5,3,1.0,,102,3,0.12576244834364148,0.8080808080808081,0.1661706349206349,0.029268509908267147,0.0,0.0,1.0
Logistic_single_with_coords,random,True,Cacophis kreftii,5,4,1.0,,103,4,0.10935207989385061,0.9242424242424242,0.319047619047619,0.031958864930697266,0.0,0.0,1.0
Logistic_single_with_coords,random,True,Cacophis kreftii,5,5,1.0,,102,3,0.0889392934665168,0.936026936026936,0.23095238095238094,0.026079055570351537,0.0,0.0,1.0
Logistic_single_with_coords,random,True,Cacophis kreftii,6,1,1.0,balanced,103,3,0.23051441544137957,0.9400000000000001,0.2417027417027417,0.07447637463473059,0.3333333333333333,1.0,0.88
Logistic_single_with_coords,random,True,Cacophis kreftii,6,2,1.0,balanced,103,3,0.35221325965948247,0.9166666666666666,0.21453634085213033,0.10594528556940688,0.2222222222222222,0.6666666666666666,0.87
Logistic_single_with_coords,random,True,Cacophis kreftii,6,3,1.0,balanced,102,3,0.4210511148920382,0.835016835016835,0.14803312629399584,0.14898046254252736,0.14814814814814814,0.6666666666666666,0.7777777777777778
Logistic_single_with_coords,random,True,Cacophis kreftii,6,4,1.0,balanced,103,4,0.3942751617688348,0.9267676767676768,0.317241968557758,0.13016983924739314,0.2962962962962963,1.0,0.8080808080808081
Logistic_single_with_coords,random,True,Cacophis kreftii,6,5,1.0,balanced,102,3,0.2818903512037525,0.9427609427609427,0.25,0.08963930311297488,0.375,1.0,0.898989898989899
Logistic_single_with_coords,random,True,Cacophis kreftii,7,1,10.0,,103,3,0.08602924278494763,0.9400000000000001,0.2417027417027417,0.025456086938558636,0.0,0.0,1.0
Logistic_single_with_coords,random,True,Cacophis kreftii,7,2,10.0,,103,3,0.09573791119440225,0.92,0.23120300751879697,0.027556270743686568,0.0,0.0,1.0
Logistic_single_with_coords,random,True,Cacophis kreftii,7,3,10.0,,102,3,0.12166431618969159,0.8114478114478114,0.14047619047619048,0.028972766560819957,0.0,0.0,1.0
Logistic_single_with_coords,random,True,Cacophis kreftii,7,4,10.0,,103,4,0.11343692880079267,0.9090909090909091,0.28295454545454546,0.03382291200991317,0.0,0.0,1.0
Logistic_single_with_coords,random,True,Cacophis kreftii,7,5,10.0,,102,3,0.08074411736700834,0.9595959595959596,0.3194444444444444,0.02501804189504221,0.0,0.0,1.0
Logistic_single_with_coords,random,True,Cacophis kreftii,8,1,10.0,balanced,103,3,0.23553948864769836,0.9366666666666666,0.22962962962962963,0.07980197918476442,0.35294117647058826,1.0,0.89
Logistic_single_with_coords,random,True,Cacophis kreftii,8,2,10.0,balanced,103,3,0.38320610396674304,0.91,0.2,0.10334766108190842,0.25,0.6666666666666666,0.89
Logistic_single_with_coords,random,True,Cacophis kreftii,8,3,10.0,balanced,102,3,0.3612119198763231,0.861952861952862,0.16203703703703703,0.12476442062252505,0.19047619047619047,0.6666666666666666,0.8383838383838383
Logistic_single_with_coords,random,True,Cacophis kreftii,8,4,10.0,balanced,103,4,0.4412632089326819,0.9116161616161615,0.2875,0.13986263179487604,0.2962962962962963,1.0,0.8080808080808081
Logistic_single_with_coords,random,True,Cacophis kreftii,8,5,10.0,balanced,102,3,0.25762392581765975,0.9595959595959596,0.3206349206349206,0.08352626820424819,0.3333333333333333,1.0,0.8787878787878788
Logistic_single_with_coords,random,True,Calyptotis scutirostrum,1,1,0.01,,103,7,0.21847483308205912,0.8705357142857143,0.3251439037153323,0.058947663608814024,0.0,0.0,1.0
Logistic_single_with_coords,random,True,Calyptotis scutirostrum,1,2,0.01,,103,7,0.21469391214572453,0.8839285714285714,0.38903953189667473,0.05813695711032434,0.0,0.0,1.0
Logistic_single_with_coords,random,True,Calyptotis scutirostrum,1,3,0.01,,102,6,0.1964075523927442,0.890625,0.25938003220611916,0.051625489495137254,0.0,0.0,1.0
Logistic_single_with_coords,random,True,Calyptotis scutirostrum,1,4,0.01,,103,7,0.22257199283706802,0.8377976190476191,0.2517379758921112,0.05984226937150492,0.0,0.0,1.0
Logistic_single_with_coords,random,True,Calyptotis scutirostrum,1,5,0.01,,102,7,0.21658916150084806,0.8315789473684211,0.4914853853629364,0.0588254956463679,0.0,0.0,1.0
Logistic_single_with_coords,random,True,Calyptotis scutirostrum,2,1,0.01,balanced,103,7,0.4804333433187754,0.875,0.2856788074081307,0.15170696392576372,0.36363636363636365,0.5714285714285714,0.8854166666666666
Logistic_single_with_coords,random,True,Calyptotis scutirostrum,2,2,0.01,balanced,103,7,0.4947027610399507,0.9047619047619049,0.42272727272727273,0.15747482183559663,0.42857142857142855,0.8571428571428571,0.84375
Logistic_single_with_coords,random,True,Calyptotis scutirostrum,2,3,0.01,balanced,102,6,0.4850181644784833,0.9027777777777778,0.27592314118629907,0.1552883038450749,0.3333333333333333,0.8333333333333334,0.8020833333333334
Logistic_single_with_coords,random,True,Calyptotis scutirostrum,2,4,0.01,balanced,103,7,0.5287369292972476,0.863095238095238,0.2795449925354485,0.17380716475109523,0.375,0.8571428571428571,0.8020833333333334
Logistic_single_with_coords,random,True,Calyptotis scutirostrum,2,5,0.01,balanced,102,7,0.44440400198941754,0.8586466165413533,0.4273765455415376,0.13712681508669566,0.45454545454545453,0.7142857142857143,0.8947368421052632
Logistic_single_with_coords,random,True,Calyptotis scutirostrum,3,1,0.1,,103,7,0.18961427153676202,0.8854166666666666,0.2962639601295063,0.0546638939141384,0.0,0.0,1.0
Logistic_single_with_coords,random,True,Calyptotis scutirostrum,3,2,0.1,,103,7,0.16640486063356288,0.9196428571428571,0.5047619047619047,0.04766148240875885,0.0,0.0,1.0
Logistic_single_with_coords,random,True,Calyptotis scutirostrum,3,3,0.1,,102,6,0.16010738569703478,0.921875,0.3670634920634921,0.04690223799557167,0.0,0.0,1.0
Logistic_single_with_coords,random,True,Calyptotis scutirostrum,3,4,0.1,,103,7,0.1860546881700579,0.8913690476190476,0.32811791383219957,0.0537759134991866,0.0,0.0,1.0
Logistic_single_with_coords,random,True,Calyptotis scutirostrum,3,5,0.1,,102,7,0.18549110851272185,0.8556390977443609,0.40336074728398824,0.05259959290203261,0.0,0.0,1.0
Logistic_single_with_coords,random,True,Calyptotis scutirostrum,4,1,0.1,balanced,103,7,0.3984508765735959,0.8883928571428572,0.3173458857227101,0.12777114543733367,0.42857142857142855,0.8571428571428571,0.84375
Logistic_single_with_coords,random,True,Calyptotis scutirostrum,4,2,0.1,balanced,103,7,0.3959658345532802,0.9419642857142857,0.6772556390977444,0.12998066917897103,0.3870967741935484,0.8571428571428571,0.8125
Logistic_single_with_coords,random,True,Calyptotis scutirostrum,4,3,0.1,balanced,102,6,0.4025351233900107,0.921875,0.3190887614800659,0.13153029354473902,0.36363636363636365,1.0,0.78125
Logistic_single_with_coords,random,True,Calyptotis scutirostrum,4,4,0.1,balanced,103,7,0.4524227197255766,0.9092261904761905,0.3904918289154742,0.14878752788727181,0.3888888888888889,1.0,0.7708333333333334
Logistic_single_with_coords,random,True,Calyptotis scutirostrum,4,5,0.1,balanced,102,7,0.3455046808830629,0.8571428571428571,0.40153666209566824,0.10897709114476872,0.38461538461538464,0.7142857142857143,0.8526315789473684
Logistic_single_with_coords,random,True,Calyptotis scutirostrum,5,1,1.0,,103,7,0.166877467422896,0.9211309523809523,0.3599234099234099,0.05194255327304466,0.0,0.0,1.0
Logistic_single_with_coords,random,True,Calyptotis scutirostrum,5,2,1.0,,103,7,0.12952535931210826,0.9583333333333334,0.7589544513457558,0.03738245661990988,0.25,0.14285714285714285,1.0
Logistic_single_with_coords,random,True,Calyptotis scutirostrum,5,3,1.0,,102,6,0.13210298302661513,0.953125,0.47350606909430437,0.04106738284511625,0.0,0.0,0.9895833333333334
Logistic_single_with_coords,random,True,Calyptotis scutirostrum,5,4,1.0,,103,7,0.15961452537142834,0.9241071428571429,0.41960420531849096,0.04803836400981036,0.2,0.14285714285714285,0.9791666666666666
Logistic_single_with_coords,random,True,Calyptotis scutirostrum,5,5,1.0,,102,7,0.1974435230452762,0.8646616541353384,0.4172216254923022,0.052092513845745606,0.0,0.0,0.9894736842105263
Logistic_single_with_coords,random,True,Calyptotis scutirostrum,6,1,1.0,balanced,103,7,0.370038390774732,0.9047619047619048,0.34059747723540823,0.12315523204394906,0.3870967741935484,0.8571428571428571,0.8125
Logistic_single_with_coords,random,True,Calyptotis scutirostrum,6,2,1.0,balanced,103,7,0.3595894290796537,0.9508928571428572,0.6837074829931973,0.12146876220787609,0.42424242424242425,1.0,0.8020833333333334
Logistic_single_with_coords,random,True,Calyptotis scutirostrum,6,3,1.0,balanced,102,6,0.3848603311209696,0.9305555555555556,0.3270743145743146,0.1226428369256891,0.42857142857142855,1.0,0.8333333333333334
Logistic_single_with_coords,random,True,Calyptotis scutirostrum,6,4,1.0,balanced,103,7,0.3960814114363658,0.9241071428571429,0.4279942279942279,0.13298396683843006,0.3888888888888889,1.0,0.7708333333333334
Logistic_single_with_coords,random,True,Calyptotis scutirostrum,6,5,1.0,balanced,102,7,0.33855339552648545,0.8706766917293233,0.44553700267985974,0.10380225826074531,0.4,0.8571428571428571,0.8210526315789474
Logistic_single_with_coords,random,True,Calyptotis scutirostrum,7,1,10.0,,103,7,0.14871158392150313,0.9330357142857143,0.4850212812397687,0.047587093713370256,0.0,0.0,1.0
Logistic_single_with_coords,random,True,Calyptotis scutirostrum,7,2,10.0,,103,7,0.11157150751358792,0.9717261904761905,0.8101190476190476,0.032585683951492965,0.6666666666666666,0.5714285714285714,0.9895833333333334
Logistic_single_with_coords,random,True,Calyptotis scutirostrum,7,3,10.0,,102,6,0.11519308370646524,0.970486111111111,0.6306489262371615,0.03553707411100958,0.25,0.16666666666666666,0.9895833333333334
Logistic_single_with_coords,random,True,Calyptotis scutirostrum,7,4,10.0,,103,7,0.1480724932394846,0.9285714285714286,0.543756817894749,0.045482146546417766,0.5,0.42857142857142855,0.9791666666666666
Logistic_single_with_coords,random,True,Calyptotis scutirostrum,7,5,10.0,,102,7,0.24615787877660167,0.8661654135338346,0.4027605071879498,0.051687388965889716,0.0,0.0,0.9894736842105263
Logistic_single_with_coords,random,True,Calyptotis scutirostrum,8,1,10.0,balanced,103,7,0.36373907103665054,0.9092261904761905,0.33686420022554475,0.12208790511964515,0.3870967741935484,0.8571428571428571,0.8125
Logistic_single_with_coords,random,True,Calyptotis scutirostrum,8,2,10.0,balanced,103,7,0.3525066034324172,0.9568452380952381,0.6927334570191712,0.11901989229129631,0.45161290322580644,1.0,0.8229166666666666
Logistic_single_with_coords,random,True,Calyptotis scutirostrum,8,3,10.0,balanced,102,6,0.38458389438107116,0.9340277777777778,0.3395743145743146,0.1192101097022639,0.46153846153846156,1.0,0.8541666666666666
Logistic_single_with_coords,random,True,Calyptotis scutirostrum,8,4,10.0,balanced,103,7,0.3790770280576053,0.9300595238095237,0.4372549019607842,0.1279642615260896,0.3888888888888889,1.0,0.7708333333333334
Logistic_single_with_coords,random,True,Calyptotis scutirostrum,8,5,10.0,balanced,102,7,0.39126783818353633,0.8661654135338346,0.43907036498810054,0.10642768173114857,0.3870967741935484,0.8571428571428571,0.8105263157894737
Logistic_single_with_coords,random,True,Coeranoscincus reticulatus,1,1,0.01,,103,17,0.40523174301390547,0.8084815321477428,0.37852508632341186,0.12625567030462131,0.0,0.0,1.0
Logistic_single_with_coords,random,True,Coeranoscincus reticulatus,1,2,0.01,,103,17,0.41049946947302385,0.774281805745554,0.3568914278741373,0.12754305530550558,0.0,0.0,1.0
Logistic_single_with_coords,random,True,Coeranoscincus reticulatus,1,3,0.01,,102,16,0.3904308194028886,0.8248546511627907,0.36880894326282293,0.12054535779639348,0.0,0.0,1.0
Logistic_single_with_coords,random,True,Coeranoscincus reticulatus,1,4,0.01,,103,17,0.40921568983924295,0.7708618331053352,0.380566700870845,0.1275328531695782,0.0,0.0,1.0
Logistic_single_with_coords,random,True,Coeranoscincus reticulatus,1,5,0.01,,102,17,0.4155756598991763,0.7626297577854672,0.3444877899660344,0.12941888572231916,0.0,0.0,1.0
Logistic_single_with_coords,random,True,Coeranoscincus reticulatus,2,1,0.01,balanced,103,17,0.5864386072535704,0.811217510259918,0.38191384911169235,0.19914222633071402,0.5263157894736842,0.8823529411764706,0.7093023255813954
Logistic_single_with_coords,random,True,Coeranoscincus reticulatus,2,2,0.01,balanced,103,17,0.6047471653880764,0.7790697674418605,0.4126031944579347,0.20774940450044602,0.5,0.8823529411764706,0.6744186046511628
Logistic_single_with_coords,random,True,Coeranoscincus reticulatus,2,3,0.01,balanced,102,16,0.5645507668639947,0.8292151162790697,0.37733652422905156,0.18808751142205524,0.5357142857142857,0.9375,0.7093023255813954
Logistic_single_with_coords,random,True,Coeranoscincus reticulatus,2,4,0.01,balanced,103,17,0.5910344829343158,0.7742818057455539,0.3832889144247016,0.20150869473522487,0.49122807017543857,0.8235294117647058,0.6976744186046512
Logistic_single_with_coords,random,True,Coeranoscincus reticulatus,2,5,0.01,balanced,102,17,0.6115659941259719,0.7640138408304498,0.3575180385979775,0.2110345970707587,0.3728813559322034,0.6470588235294118,0.6352941176470588
Logistic_single_with_coords,random,True,Coeranoscincus reticulatus,3,1,0.1,,103,17,0.3573090932352593,0.8194254445964433,0.463090120781111,0.11385913402948332,0.10526315789473684,0.058823529411764705,0.9883720930232558
Logistic_single_with_coords,random,True,Coeranoscincus reticulatus,3,2,0.1,,103,17,0.3650763566561624,0.8023255813953489,0.44555605996764236,0.11601006864133487,0.0,0.0,1.0
Logistic_single_with_coords,random,True,Coeranoscincus reticulatus,3,3,0.1,,102,16,0.34619870008887516,0.8270348837209303,0.3961558341855895,0.11243072065905459,0.0,0.0,0.9883720930232558
Logistic_single_with_coords,random,True,Coeranoscincus reticulatus,3,4,0.1,,103,17,0.3696566373352581,0.7920656634746923,0.41457899792340736,0.11871937955549351,0.10526315789473684,0.058823529411764705,0.9883720930232558
Logistic_single_with_coords,random,True,Coeranoscincus reticulatus,3,5,0.1,,102,17,0.38108612671642667,0.7730103806228373,0.37052467151552865,0.1227890662086581,0.0,0.0,0.9882352941176471
Logistic_single_with_coords,random,True,Coeranoscincus reticulatus,4,1,0.1,balanced,103,17,0.5379538409969958,0.8214774281805746,0.4658182202100618,0.1842005501429127,0.5357142857142857,0.8823529411764706,0.7209302325581395
Logistic_single_with_coords,random,True,Coeranoscincus reticulatus,4,2,0.1,balanced,103,17,0.5508924004930484,0.7975376196990425,0.43846002050674204,0.19054657588822907,0.5,0.8823529411764706,0.6744186046511628
Logistic_single_with_coords,random,True,Coeranoscincus reticulatus,4,3,0.1,balanced,102,16,0.47166689119796446,0.8299418604651163,0.38729213076195834,0.15446849622475697,0.509090909090909,0.875,0.7093023255813954
Logistic_single_with_coords,random,True,Coeranoscincus reticulatus,4,4,0.1,balanced,103,17,0.5368174661150324,0.7934336525307798,0.4334063742456047,0.18288150977864204,0.4642857142857143,0.7647058823529411,0.6976744186046512
Logistic_single_with_coords,random,True,Coeranoscincus reticulatus,4,5,0.1,balanced,102,17,0.5779924641114986,0.766089965397924,0.35364511850379204,0.20131608392216008,0.4067796610169492,0.7058823529411765,0.6470588235294118
Logistic_single_with_coords,random,True,Coeranoscincus reticulatus,5,1,1.0,,103,17,0.3500718606146415,0.8180574555403557,0.49124013433915714,0.11150287606738407,0.34782608695652173,0.23529411764705882,0.9767441860465116
Logistic_single_with_coords,random,True,Coeranoscincus reticulatus,5,2,1.0,,103,17,0.3531491904397524,0.8105335157318742,0.44449522939983177,0.11366194830041364,0.3333333333333333,0.23529411764705882,0.9651162790697675
Logistic_single_with_coords,random,True,Coeranoscincus reticulatus,5,3,1.0,,102,16,0.34453671831424615,0.8364825581395349,0.38221305566100944,0.11520920854106544,0.0,0.0,0.9767441860465116
Logistic_single_with_coords,random,True,Coeranoscincus reticulatus,5,4,1.0,,103,17,0.36463281971802963,0.8036935704514363,0.434609918979007,0.11833601990834518,0.25,0.17647058823529413,0.9534883720930233
Logistic_single_with_coords,random,True,Coeranoscincus reticulatus,5,5,1.0,,102,17,0.3786257086953458,0.7730103806228373,0.3692612880497867,0.12459152532271986,0.3333333333333333,0.23529411764705882,0.9647058823529412
Logistic_single_with_coords,random,True,Coeranoscincus reticulatus,6,1,1.0,balanced,103,17,0.5509512000288154,0.8194254445964432,0.47773425243781376,0.18943685786236997,0.5263157894736842,0.8823529411764706,0.7093023255813954
Logistic_single_with_coords,random,True,Coeranoscincus reticulatus,6,2,1.0,balanced,103,17,0.5503658978548935,0.8077975376196991,0.4264076116649646,0.1923902640974372,0.4827586206896552,0.8235294117647058,0.686046511627907
Logistic_single_with_coords,random,True,Coeranoscincus reticulatus,6,3,1.0,balanced,102,16,0.45433314765201127,0.8277616279069767,0.3775194381767658,0.15090208567208013,0.5,0.75,0.7674418604651163
Logistic_single_with_coords,random,True,Coeranoscincus reticulatus,6,4,1.0,balanced,103,17,0.5328813596574876,0.7995896032831739,0.42632688036802113,0.18226386895493885,0.4444444444444444,0.7058823529411765,0.7093023255813954
Logistic_single_with_coords,random,True,Coeranoscincus reticulatus,6,5,1.0,balanced,102,17,0.5875187610329219,0.7653979238754325,0.3567244939027577,0.20553853772926783,0.41379310344827586,0.7058823529411765,0.6588235294117647
Logistic_single_with_coords,random,True,Coeranoscincus reticulatus,7,1,10.0,,103,17,0.351836255876934,0.8180574555403557,0.5009179576073227,0.11177593036031985,0.4166666666666667,0.29411764705882354,0.9767441860465116
Logistic_single_with_coords,random,True,Coeranoscincus reticulatus,7,2,10.0,,103,17,0.35201960894881174,0.8146374829001368,0.4357829792538668,0.11354334306847114,0.3333333333333333,0.23529411764705882,0.9651162790697675
Logistic_single_with_coords,random,True,Coeranoscincus reticulatus,7,3,10.0,,102,16,0.34617134137518213,0.8343023255813954,0.38503901593262185,0.11612332871025732,0.10526315789473684,0.0625,0.9767441860465116
Logistic_single_with_coords,random,True,Coeranoscincus reticulatus,7,4,10.0,,103,17,0.36620517789623125,0.801641586867305,0.4388547485354076,0.11864477302667802,0.25,0.17647058823529413,0.9534883720930233
Logistic_single_with_coords,random,True,Coeranoscincus reticulatus,7,5,10.0,,102,17,0.3791943308428566,0.7730103806228373,0.36924908619934954,0.12511873925417005,0.3333333333333333,0.23529411764705882,0.9647058823529412
Logistic_single_with_coords,random,True,Coeranoscincus reticulatus,8,1,10.0,balanced,103,17,0.5556422191411514,0.8187414500683995,0.48255257352366354,0.19074527971026314,0.5263157894736842,0.8823529411764706,0.7093023255813954
Logistic_single_with_coords,random,True,Coeranoscincus reticulatus,8,2,10.0,balanced,103,17,0.5517578051118242,0.8084815321477429,0.4270203567630038,0.19303161838034935,0.4827586206896552,0.8235294117647058,0.686046511627907
Logistic_single_with_coords,random,True,Coeranoscincus reticulatus,8,3,10.0,balanced,102,16,0.45292796574332383,0.8299418604651163,0.37874274708467165,0.15075411382671758,0.5,0.75,0.7674418604651163
Logistic_single_with_coords,random,True,Coeranoscincus reticulatus,8,4,10.0,balanced,103,17,0.5336442602975566,0.801641586867305,0.4317985779820127,0.18251239035845832,0.4444444444444444,0.7058823529411765,0.7093023255813954
Logistic_single_with_coords,random,True,Coeranoscincus reticulatus,8,5,10.0,balanced,102,17,0.5908650181625799,0.7647058823529412,0.3563643498451346,0.20660993723304158,0.41379310344827586,0.7058823529411765,0.6588235294117647
Logistic_single_with_coords,random,True,Egernia mcpheei,1,1,0.01,,103,2,0.09450070498955376,0.8316831683168316,0.08391608391608392,0.0189978405067847,0.0,0.0,1.0
Logistic_single_with_coords,random,True,Egernia mcpheei,1,2,0.01,,103,2,0.09343269754565552,0.9653465346534653,0.29166666666666663,0.01895964988164552,0.0,0.0,1.0
Logistic_single_with_coords,random,True,Egernia mcpheei,1,3,0.01,,103,2,0.09772324267996647,0.24752475247524752,0.019044437019712663,0.019107800432040585,0.0,0.0,1.0
Logistic_single_with_coords,random,True,Egernia mcpheei,1,4,0.01,,102,2,0.09468362062004783,0.875,0.10416666666666666,0.019159887010808844,0.0,0.0,1.0
Logistic_single_with_coords,random,True,Egernia mcpheei,1,5,0.01,,102,1,0.05625463157014028,0.9306930693069306,0.125,0.009727795851863499,0.0,0.0,1.0
Logistic_single_with_coords,random,True,Egernia mcpheei,2,1,0.01,balanced,103,2,0.514344769766266,0.8267326732673268,0.07846153846153847,0.16516558646649757,0.10526315789473684,0.5,0.8415841584158416
Logistic_single_with_coords,random,True,Egernia mcpheei,2,2,0.01,balanced,103,2,0.5335318611795322,0.9702970297029703,0.325,0.17544865448113772,0.125,1.0,0.7227722772277227
Logistic_single_with_coords,random,True,Egernia mcpheei,2,3,0.01,balanced,103,2,0.4490023928106831,0.3316831683168317,0.021132804119287706,0.13859260785323824,0.0,0.0,0.8811881188118812
Logistic_single_with_coords,random,True,Egernia mcpheei,2,4,0.01,balanced,102,2,0.6203709215878016,0.875,0.10512820512820513,0.21446515204220726,0.10256410256410256,1.0,0.65
Logistic_single_with_coords,random,True,Egernia mcpheei,2,5,0.01,balanced,102,1,0.5867501876393643,0.9504950495049505,0.16666666666666666,0.2003784492365486,0.05555555555555555,1.0,0.6633663366336634
Logistic_single_with_coords,random,True,Egernia mcpheei,3,1,0.1,,103,2,0.09059731699553794,0.8316831683168316,0.08391608391608392,0.018918698501922303,0.0,0.0,1.0
Logistic_single_with_coords,random,True,Egernia mcpheei,3,2,0.1,,103,2,0.08189665355141071,0.9702970297029703,0.325,0.018455795595322715,0.0,0.0,1.0
Logistic_single_with_coords,random,True,Egernia mcpheei,3,3,0.1,,103,2,0.11069736215556551,0.2871287128712871,0.019860692771084338,0.019665680144591052,0.0,0.0,1.0
Logistic_single_with_coords,random,True,Egernia mcpheei,3,4,0.1,,102,2,0.08669450315586774,0.89,0.11858974358974358,0.018869048590026475,0.0,0.0,1.0
Logistic_single_with_coords,random,True,Egernia mcpheei,3,5,0.1,,102,1,0.04964780772648657,0.9405940594059405,0.14285714285714285,0.009405862972783974,0.0,0.0,1.0
Logistic_single_with_coords,random,True,Egernia mcpheei,4,1,0.1,balanced,103,2,0.4046233826719532,0.7128712871287128,0.048924731182795694,0.1258510418198588,0.0,0.0,0.8514851485148515
Logistic_single_with_coords,random,True,Egernia mcpheei,4,2,0.1,balanced,103,2,0.4485241869910415,0.9702970297029703,0.3333333333333333,0.14836562234098077,0.13333333333333333,1.0,0.7425742574257426
Logistic_single_with_coords,random,True,Egernia mcpheei,4,3,0.1,balanced,103,2,0.37478676136063027,0.45544554455445546,0.026875901875901876,0.11323752673901247,0.0,0.0,0.8712871287128713
Logistic_single_with_coords,random,True,Egernia mcpheei,4,4,0.1,balanced,102,2,0.6108739155626909,0.8200000000000001,0.07631578947368421,0.2011738646370464,0.11764705882352941,1.0,0.7
Logistic_single_with_coords,random,True,Egernia mcpheei,4,5,0.1,balanced,102,1,0.5920543652791115,0.9603960396039604,0.2,0.20181161873664202,0.05714285714285714,1.0,0.6732673267326733
Logistic_single_with_coords,random,True,Egernia mcpheei,5,1,1.0,,103,2,0.09534334647830756,0.8316831683168316,0.0804093567251462,0.01952526864347524,0.0,0.0,1.0
Logistic_single_with_coords,random,True,Egernia mcpheei,5,2,1.0,,103,2,0.07060194689924675,0.9702970297029703,0.325,0.01775671969753558,0.0,0.0,1.0
Logistic_single_with_coords,random,True,Egernia mcpheei,5,3,1.0,,103,2,0.14665217836017375,0.3118811881188119,0.02058516196447231,0.02269595209776177,0.0,0.0,1.0
Logistic_single_with_coords,random,True,Egernia mcpheei,5,4,1.0,,102,2,0.08376791278516586,0.885,0.11212121212121212,0.019470984206412856,0.0,0.0,1.0
Logistic_single_with_coords,random,True,Egernia mcpheei,5,5,1.0,,102,1,0.048200291418314174,0.9306930693069306,0.125,0.010133964493071938,0.0,0.0,1.0
Logistic_single_with_coords,random,True,Egernia mcpheei,6,1,1.0,balanced,103,2,0.3738050377653349,0.6633663366336633,0.04206349206349206,0.11960398053758511,0.0,0.0,0.8514851485148515
Logistic_single_with_coords,random,True,Egernia mcpheei,6,2,1.0,balanced,103,2,0.42815971111022727,0.9653465346534653,0.30952380952380953,0.14364648465245214,0.16666666666666666,1.0,0.801980198019802
Logistic_single_with_coords,random,True,Egernia mcpheei,6,3,1.0,balanced,103,2,0.4186392959678879,0.47029702970297027,0.02878726010616578,0.11211487129428695,0.0,0.0,0.8712871287128713
Logistic_single_with_coords,random,True,Egernia mcpheei,6,4,1.0,balanced,102,2,0.6416664408605934,0.81,0.07125603864734299,0.2018078390378084,0.12121212121212122,1.0,0.71
Logistic_single_with_coords,random,True,Egernia mcpheei,6,5,1.0,balanced,102,1,0.6346162022799318,0.9603960396039604,0.2,0.20860413837553707,0.06060606060606061,1.0,0.693069306930693
Logistic_single_with_coords,random,True,Egernia mcpheei,7,1,10.0,,103,2,0.10137728258240593,0.7772277227722773,0.060798548094373864,0.019957379907489588,0.0,0.0,1.0
Logistic_single_with_coords,random,True,Egernia mcpheei,7,2,10.0,,103,2,0.06872318850115085,0.9851485148514851,0.5,0.01763200061465494,0.0,0.0,1.0
Logistic_single_with_coords,random,True,Egernia mcpheei,7,3,10.0,,103,2,0.17612884811897803,0.3564356435643564,0.022474747474747474,0.024925271614337337,0.0,0.0,0.9900990099009901
Logistic_single_with_coords,random,True,Egernia mcpheei,7,4,10.0,,102,2,0.0850808600716665,0.875,0.10427807486631016,0.020150432411500507,0.0,0.0,1.0
Logistic_single_with_coords,random,True,Egernia mcpheei,7,5,10.0,,102,1,0.05017940473016457,0.9306930693069306,0.125,0.011130535906091256,0.0,0.0,1.0
Logistic_single_with_coords,random,True,Egernia mcpheei,8,1,10.0,balanced,103,2,0.3717367194014756,0.6534653465346535,0.04015151515151515,0.12064082917156549,0.0,0.0,0.8316831683168316
Logistic_single_with_coords,random,True,Egernia mcpheei,8,2,10.0,balanced,103,2,0.4222061937315479,0.9603960396039604,0.29166666666666663,0.14207226591746108,0.17391304347826086,1.0,0.8118811881188119
Logistic_single_with_coords,random,True,Egernia mcpheei,8,3,10.0,balanced,103,2,0.49682309825383053,0.4554455445544554,0.027364110201042444,0.11501227536310724,0.0,0.0,0.8712871287128713
Logistic_single_with_coords,random,True,Egernia mcpheei,8,4,10.0,balanced,102,2,0.6512068494021367,0.8,0.06847826086956521,0.2021014024752716,0.12121212121212122,1.0,0.71
Logistic_single_with_coords,random,True,Egernia mcpheei,8,5,10.0,balanced,102,1,0.6486925732433492,0.9603960396039604,0.2,0.21025051028048358,0.0625,1.0,0.7029702970297029
Logistic_single_with_coords,random,True,Eulamprus murrayi,1,1,0.01,,103,0,0.004888690638846608,,,2.3850682737187498e-05,0.0,,1.0
Logistic_single_with_coords,random,True,Eulamprus murrayi,1,2,0.01,,103,1,0.06061419308020009,0.8431372549019608,0.058823529411764705,0.009666279061770654,0.0,0.0,1.0
Logistic_single_with_coords,random,True,Eulamprus murrayi,1,3,0.01,,102,0,0.004907716284939711,,,2.403661748047557e-05,0.0,,1.0
Logistic_single_with_coords,random,True,Eulamprus murrayi,1,4,0.01,,102,0,0.004843944619654981,,,2.3393621881968984e-05,0.0,,1.0
Logistic_single_with_coords,random,True,Eulamprus murrayi,1,5,0.01,,103,1,0.060608710458637055,0.6862745098039216,0.030303030303030304,0.009666258703990594,0.0,0.0,1.0
Logistic_single_with_coords,random,True,Eulamprus murrayi,2,1,0.01,balanced,103,0,0.3795004509246669,,,0.11297716829518675,0.0,,0.8737864077669902
Logistic_single_with_coords,random,True,Eulamprus murrayi,2,2,0.01,balanced,103,1,0.37223448077951693,0.9019607843137255,0.09090909090909091,0.10810461931893557,0.0,0.0,0.9019607843137255
Logistic_single_with_coords,random,True,Eulamprus murrayi,2,3,0.01,balanced,102,0,0.4074514575110663,,,0.122600703271825,0.0,,0.8921568627450981
Logistic_single_with_coords,random,True,Eulamprus murrayi,2,4,0.01,balanced,102,0,0.3286654936910742,,,0.09022530833148497,0.0,,0.9117647058823529
Logistic_single_with_coords,random,True,Eulamprus murrayi,2,5,0.01,balanced,103,1,0.28318461297449354,0.7254901960784313,0.034482758620689655,0.08169312850130325,0.0,0.0,0.9019607843137255
Logistic_single_with_coords,random,True,Eulamprus murrayi,3,1,0.1,,103,0,0.004930517779772417,,,2.7639116309768343e-05,0.0,,1.0
Logistic_single_with_coords,random,True,Eulamprus murrayi,3,2,0.1,,103,1,0.059033767234665,0.8725490196078431,0.07142857142857142,0.009657900863147545,0.0,0.0,1.0
Logistic_single_with_coords,random,True,Eulamprus murrayi,3,3,0.1,,102,0,0.005029038772947842,,,3.12674000678401e-05,0.0,,1.0
Logistic_single_with_coords,random,True,Eulamprus murrayi,3,4,0.1,,102,0,0.004528055562659323,,,2.311122583535661e-05,0.0,,1.0
Logistic_single_with_coords,random,True,Eulamprus murrayi,3,5,0.1,,103,1,0.05935630655183279,0.696078431372549,0.03125,0.009660368953039875,0.0,0.0,1.0
Logistic_single_with_coords,random,True,Eulamprus murrayi,4,1,0.1,balanced,103,0,0.2122687490467298,,,0.0630659859176288,0.0,,0.9223300970873787
Logistic_single_with_coords,random,True,Eulamprus murrayi,4,2,0.1,balanced,103,1,0.17867635114707947,0.8529411764705882,0.0625,0.05171750794673412,0.0,0.0,0.9411764705882353
Logistic_single_with_coords,random,True,Eulamprus murrayi,4,3,0.1,balanced,102,0,0.3184452668714296,,,0.08525011967632144,0.0,,0.9019607843137255
Logistic_single_with_coords,random,True,Eulamprus murrayi,4,4,0.1,balanced,102,0,0.14576055780395222,,,0.04152310821468514,0.0,,0.9313725490196079
Logistic_single_with_coords,random,True,Eulamprus murrayi,4,5,0.1,balanced,103,1,0.16493131858715812,0.7450980392156863,0.037037037037037035,0.051148081484809996,0.0,0.0,0.9411764705882353
Logistic_single_with_coords,random,True,Eulamprus murrayi,5,1,1.0,,103,0,0.00505792617335384,,,8.514017856971804e-05,0.0,,1.0
Logistic_single_with_coords,random,True,Eulamprus murrayi,5,2,1.0,,103,1,0.0547160152650289,0.8627450980392157,0.06666666666666667,0.009631879538328942,0.0,0.0,1.0
Logistic_single_with_coords,random,True,Eulamprus murrayi,5,3,1.0,,102,0,0.01032651591423357,,,0.0010389863349347952,0.0,,1.0
Logistic_single_with_coords,random,True,Eulamprus murrayi,5,4,1.0,,102,0,0.003327157188717297,,,4.858730265242454e-05,0.0,,1.0
Logistic_single_with_coords,random,True,Eulamprus murrayi,5,5,1.0,,103,1,0.0623369162146584,0.7352941176470589,0.03571428571428571,0.00971767425130792,0.0,0.0,1.0
Logistic_single_with_coords,random,True,Eulamprus murrayi,6,1,1.0,balanced,103,0,0.13810584158192066,,,0.0397165856965263,0.0,,0.9611650485436893
Logistic_single_with_coords,random,True,Eulamprus murrayi,6,2,1.0,balanced,103,1,0.10630568539780433,0.7843137254901961,0.043478260869565216,0.02989319269205309,0.0,0.0,0.9705882352941176
Logistic_single_with_coords,random,True,Eulamprus murrayi,6,3,1.0,balanced,102,0,0.32263645198960805,,,0.06709201979829199,0.0,,0.9117647058823529
Logistic_single_with_coords,random,True,Eulamprus murrayi,6,4,1.0,balanced,102,0,0.05762938424136088,,,0.016986240800482545,0.0,,0.9803921568627451
Logistic_single_with_coords,random,True,Eulamprus murrayi,6,5,1.0,balanced,103,1,0.1679288979573717,0.7156862745098039,0.03333333333333333,0.04429467373367302,0.0,0.0,0.9509803921568627
Logistic_single_with_coords,random,True,Eulamprus murrayi,7,1,10.0,,103,0,0.0070841980904353735,,,0.0006285238339585423,0.0,,1.0
Logistic_single_with_coords,random,True,Eulamprus murrayi,7,2,10.0,,103,1,0.0629889834038639,0.7549019607843137,0.038461538461538464,0.009692902663858206,0.0,0.0,1.0
Logistic_single_with_coords,random,True,Eulamprus murrayi,7,3,10.0,,102,0,0.03025902630596122,,,0.010114251903571276,0.0,,0.9803921568627451
Logistic_single_with_coords,random,True,Eulamprus murrayi,7,4,10.0,,102,0,0.0012975433715268748,,,1.4816812721173306e-05,0.0,,1.0
Logistic_single_with_coords,random,True,Eulamprus murrayi,7,5,10.0,,103,1,0.09660551197637969,0.7058823529411764,0.03225806451612903,0.01067763624698635,0.0,0.0,1.0
Logistic_single_with_coords,random,True,Eulamprus murrayi,8,1,10.0,balanced,103,0,0.12576417655371014,,,0.032981172981357366,0.0,,0.970873786407767
Logistic_single_with_coords,random,True,Eulamprus murrayi,8,2,10.0,balanced,103,1,0.10690076310980008,0.7254901960784313,0.034482758620689655,0.017528273905769904,0.0,0.0,0.9901960784313726
Logistic_single_with_coords,random,True,Eulamprus murrayi,8,3,10.0,balanced,102,0,0.3226231400262133,,,0.05558746494924029,0.0,,0.9411764705882353
Logistic_single_with_coords,random,True,Eulamprus murrayi,8,4,10.0,balanced,102,0,0.005636786838611389,,,0.0005481580302540051,0.0,,1.0
Logistic_single_with_coords,random,True,Eulamprus murrayi,8,5,10.0,balanced,103,1,0.20554764606015555,0.7058823529411764,0.03225806451612903,0.035588218798470704,0.0,0.0,0.9705882352941176
Logistic_single_with_coords,random,True,Ophioscincus truncatus,1,1,0.01,,102,17,0.43261327125592175,0.698961937716263,0.2924692532835932,0.13429051652246085,0.0,0.0,1.0
Logistic_single_with_coords,random,True,Ophioscincus truncatus,1,2,0.01,,103,18,0.45187154216480085,0.6490196078431373,0.26237213986508595,0.1412566954962849,0.0,0.0,1.0
Logistic_single_with_coords,random,True,Ophioscincus truncatus,1,3,0.01,,102,17,0.4307343864588064,0.6899653979238755,0.28178428127059335,0.13324704287775194,0.0,0.0,1.0
Logistic_single_with_coords,random,True,Ophioscincus truncatus,1,4,0.01,,103,18,0.4301927544844261,0.8156862745098039,0.45574695047325386,0.13429288826078445,0.0,0.0,1.0
Logistic_single_with_coords,random,True,Ophioscincus truncatus,1,5,0.01,,103,18,0.45544185749514693,0.5633986928104575,0.3234639281983727,0.14149194658157743,0.0,0.0,1.0
Logistic_single_with_coords,random,True,Ophioscincus truncatus,2,1,0.01,balanced,102,17,0.6409475801646471,0.7086505190311418,0.2825396404750849,0.22380214788879235,0.3333333333333333,0.47058823529411764,0.7294117647058823
Logistic_single_with_coords,random,True,Ophioscincus truncatus,2,2,0.01,balanced,103,18,0.6510079705879083,0.6843137254901961,0.25885815510328347,0.22838600226533576,0.35555555555555557,0.4444444444444444,0.7764705882352941
Logistic_single_with_coords,random,True,Ophioscincus truncatus,2,3,0.01,balanced,102,17,0.6672938958102472,0.68719723183391,0.2694047886969921,0.2368284858301596,0.3225806451612903,0.5882352941176471,0.5882352941176471
Logistic_single_with_coords,random,True,Ophioscincus truncatus,2,4,0.01,balanced,103,18,0.6582361126642199,0.7967320261437909,0.3985869589102481,0.23252679240489943,0.5,0.8888888888888888,0.6470588235294118
Logistic_single_with_coords,random,True,Ophioscincus truncatus,2,5,0.01,balanced,103,18,0.6139794235985834,0.642483660130719,0.32007376151607536,0.21126332377191323,0.3111111111111111,0.3888888888888889,0.7647058823529411
Logistic_single_with_coords,random,True,Ophioscincus truncatus,3,1,0.1,,102,17,0.4324638837927002,0.6685121107266436,0.2905935954301066,0.13530419475950167,0.0,0.0,0.9647058823529412
Logistic_single_with_coords,random,True,Ophioscincus truncatus,3,2,0.1,,103,18,0.4640353230452528,0.6437908496732025,0.24831184777989052,0.14795752176716964,0.0,0.0,0.9882352941176471
Logistic_single_with_coords,random,True,Ophioscincus truncatus,3,3,0.1,,102,17,0.4234339372235948,0.6934256055363321,0.29212125017015406,0.13308585896702524,0.0,0.0,0.9882352941176471
Logistic_single_with_coords,random,True,Ophioscincus truncatus,3,4,0.1,,103,18,0.3991060897595772,0.8045751633986928,0.47873384762900273,0.12396678530372249,0.10526315789473684,0.05555555555555555,1.0
Logistic_single_with_coords,random,True,Ophioscincus truncatus,3,5,0.1,,103,18,0.4481573672693758,0.615686274509804,0.3250867224999007,0.13830664918159424,0.0,0.0,1.0
Logistic_single_with_coords,random,True,Ophioscincus truncatus,4,1,0.1,balanced,102,17,0.6303094255336659,0.6754325259515571,0.2606386784641918,0.21730152197899383,0.40816326530612246,0.5882352941176471,0.7411764705882353
Logistic_single_with_coords,random,True,Ophioscincus truncatus,4,2,0.1,balanced,103,18,0.6642232421234219,0.6705882352941177,0.2476785737683435,0.22850324567458116,0.2978723404255319,0.3888888888888889,0.7411764705882353
Logistic_single_with_coords,random,True,Ophioscincus truncatus,4,3,0.1,balanced,102,17,0.6823987979090891,0.6975778546712803,0.27184514614811167,0.24007469931756512,0.3870967741935484,0.7058823529411765,0.611764705882353
Logistic_single_with_coords,random,True,Ophioscincus truncatus,4,4,0.1,balanced,103,18,0.6571411697086779,0.8013071895424837,0.4171061312170252,0.23022463326431636,0.5074626865671642,0.9444444444444444,0.6235294117647059
Logistic_single_with_coords,random,True,Ophioscincus truncatus,4,5,0.1,balanced,103,18,0.5615835708808442,0.6993464052287581,0.34019799761096053,0.18859892539469508,0.3404255319148936,0.4444444444444444,0.7529411764705882
Logistic_single_with_coords,random,True,Ophioscincus truncatus,5,1,1.0,,102,17,0.45049915565148774,0.6422145328719724,0.29048719936918693,0.13810176678949246,0.0,0.0,0.9647058823529412
Logistic_single_with_coords,random,True,Ophioscincus truncatus,5,2,1.0,,103,18,0.47651117920822267,0.6379084967320262,0.23904218940958144,0.1536631875298994,0.0,0.0,0.9411764705882353
Logistic_single_with_coords,random,True,Ophioscincus truncatus,5,3,1.0,,102,17,0.42546588779302946,0.6955017301038062,0.2904397092815458,0.13475559742139132,0.1,0.058823529411764705,0.9764705882352941
Logistic_single_with_coords,random,True,Ophioscincus truncatus,5,4,1.0,,103,18,0.39285699773071964,0.8013071895424837,0.4829569484492917,0.12198531986198326,0.10526315789473684,0.05555555555555555,1.0
Logistic_single_with_coords,random,True,Ophioscincus truncatus,5,5,1.0,,103,18,0.44590805352571383,0.6392156862745099,0.35051358081298495,0.13715341425391014,0.0,0.0,1.0
Logistic_single_with_coords,random,True,Ophioscincus truncatus,6,1,1.0,balanced,102,17,0.6469833509237782,0.6456747404844291,0.25883112023002336,0.22210257780331916,0.4,0.5882352941176471,0.7294117647058823
Logistic_single_with_coords,random,True,Ophioscincus truncatus,6,2,1.0,balanced,103,18,0.6806259074344769,0.6627450980392157,0.24269854717985911,0.2316668816438067,0.3333333333333333,0.4444444444444444,0.7411764705882353
Logistic_single_with_coords,random,True,Ophioscincus truncatus,6,3,1.0,balanced,102,17,0.6950822348737353,0.6996539792387543,0.2745897741744483,0.24326159584209198,0.36666666666666664,0.6470588235294118,0.6235294117647059
Logistic_single_with_coords,random,True,Ophioscincus truncatus,6,4,1.0,balanced,103,18,0.6655235830180716,0.8013071895424837,0.4388137147417195,0.2326370322682113,0.5,0.8888888888888888,0.6470588235294118
Logistic_single_with_coords,random,True,Ophioscincus truncatus,6,5,1.0,balanced,103,18,0.5511112187514596,0.7019607843137254,0.3306051511865008,0.18476840490970883,0.34782608695652173,0.4444444444444444,0.7647058823529411
Logistic_single_with_coords,random,True,Ophioscincus truncatus,7,1,10.0,,102,17,0.45686295376192865,0.6352941176470588,0.2909265269352124,0.13880223792892377,0.0,0.0,0.9647058823529412
Logistic_single_with_coords,random,True,Ophioscincus truncatus,7,2,10.0,,103,18,0.4785613112191583,0.6359477124183006,0.23752358522915026,0.1545865680788632,0.0,0.0,0.9411764705882353
Logistic_single_with_coords,random,True,Ophioscincus truncatus,7,3,10.0,,102,17,0.42595257046173796,0.6961937716262976,0.2909861025643585,0.13504509085621688,0.1,0.058823529411764705,0.9764705882352941
Logistic_single_with_coords,random,True,Ophioscincus truncatus,7,4,10.0,,103,18,0.39242656463325465,0.8013071895424836,0.48363838217710287,0.12190323508772997,0.2,0.1111111111111111,1.0
Logistic_single_with_coords,random,True,Ophioscincus truncatus,7,5,10.0,,103,18,0.44550828113805857,0.6444444444444445,0.3539817125064055,0.13698030729001956,0.0,0.0,1.0
Logistic_single_with_coords,random,True,Ophioscincus truncatus,8,1,10.0,balanced,102,17,0.6526465353380989,0.6380622837370242,0.2563919602888453,0.22359871902773798,0.37735849056603776,0.5882352941176471,0.6941176470588235
Logistic_single_with_coords,random,True,Ophioscincus truncatus,8,2,10.0,balanced,103,18,0.6834213031672476,0.6627450980392157,0.24374773888507734,0.23219155038330014,0.3333333333333333,0.4444444444444444,0.7411764705882353
Logistic_single_with_coords,random,True,Ophioscincus truncatus,8,3,10.0,balanced,102,17,0.6970131420155449,0.6989619377162629,0.2724889338383138,0.2437366474136452,0.36666666666666664,0.6470588235294118,0.6235294117647059
Logistic_single_with_coords,random,True,Ophioscincus truncatus,8,4,10.0,balanced,103,18,0.6671275464117277,0.7993464052287581,0.4385365001012794,0.2331025998913088,0.5,0.8888888888888888,0.6470588235294118
Logistic_single_with_coords,random,True,Ophioscincus truncatus,8,5,10.0,balanced,103,18,0.549897709848719,0.7039215686274509,0.33280512576798893,0.18434441582065306,0.34782608695652173,0.4444444444444444,0.7647058823529411
Logistic_single_with_coords,random,True,Pseudechis porphyricaus,1,1,0.01,,103,2,0.09195606089403144,0.9752475247524752,0.3666666666666667,0.018868085343222835,0.0,0.0,1.0
Logistic_single_with_coords,random,True,Pseudechis porphyricaus,1,2,0.01,,103,2,0.09277729790991175,0.8465346534653465,0.1989247311827957,0.018901485437206173,0.0,0.0,1.0
Logistic_single_with_coords,random,True,Pseudechis porphyricaus,1,3,0.01,,103,3,0.13118301521288703,0.7100000000000001,0.06465517241379311,0.028269805569936187,0.0,0.0,1.0
Logistic_single_with_coords,random,True,Pseudechis porphyricaus,1,4,0.01,,102,2,0.09725532206900066,0.425,0.025057603686635944,0.019267543724717794,0.0,0.0,1.0
Logistic_single_with_coords,random,True,Pseudechis porphyricaus,1,5,0.01,,102,2,0.09347148588584742,0.79,0.5227272727272727,0.01908336952374736,0.0,0.0,1.0
Logistic_single_with_coords,random,True,Pseudechis porphyricaus,2,1,0.01,balanced,103,2,0.5180006080255605,0.9752475247524752,0.3666666666666667,0.17001666955322606,0.13793103448275862,1.0,0.7524752475247525
Logistic_single_with_coords,random,True,Pseudechis porphyricaus,2,2,0.01,balanced,103,2,0.5894928765241318,0.9207920792079207,0.3088235294117647,0.20295110828503407,0.12121212121212122,1.0,0.7128712871287128
Logistic_single_with_coords,random,True,Pseudechis porphyricaus,2,3,0.01,balanced,103,3,0.5432753036917116,0.7233333333333333,0.10028108465608465,0.18281807439380102,0.125,0.6666666666666666,0.73
Logistic_single_with_coords,random,True,Pseudechis porphyricaus,2,4,0.01,balanced,102,2,0.45794704792618074,0.42000000000000004,0.025014132278123234,0.14861213079453398,0.0,0.0,0.79
Logistic_single_with_coords,random,True,Pseudechis porphyricaus,2,5,0.01,balanced,102,2,0.5100262312507317,0.89,0.5416666666666666,0.16656188643466846,0.08333333333333333,0.5,0.79
Logistic_single_with_coords,random,True,Pseudechis porphyricaus,3,1,0.1,,103,2,0.07731403625767161,0.9900990099009901,0.5833333333333333,0.017951501754090018,0.0,0.0,1.0
Logistic_single_with_coords,random,True,Pseudechis porphyricaus,3,2,0.1,,103,2,0.08070384425270609,0.9306930693069307,0.31666666666666665,0.018037040257760116,0.0,0.0,1.0
Logistic_single_with_coords,random,True,Pseudechis porphyricaus,3,3,0.1,,103,3,0.12531139335497013,0.7066666666666667,0.09587775408670932,0.02798864113118406,0.0,0.0,1.0
Logistic_single_with_coords,random,True,Pseudechis porphyricaus,3,4,0.1,,102,2,0.10671243845657824,0.41500000000000004,0.024868018894137263,0.019818249457599524,0.0,0.0,1.0
Logistic_single_with_coords,random,True,Pseudechis porphyricaus,3,5,0.1,,102,2,0.08042702728599875,0.905,0.5476190476190477,0.018192618081125145,0.0,0.0,1.0
Logistic_single_with_coords,random,True,Pseudechis porphyricaus,4,1,0.1,balanced,103,2,0.39749935309506346,0.9554455445544554,0.24285714285714285,0.12699339217441688,0.23529411764705882,1.0,0.8712871287128713
Logistic_single_with_coords,random,True,Pseudechis porphyricaus,4,2,0.1,balanced,103,2,0.5022686435908231,0.9306930693069307,0.23809523809523808,0.1682452906017825,0.15384615384615385,1.0,0.7821782178217822
Logistic_single_with_coords,random,True,Pseudechis porphyricaus,4,3,0.1,balanced,103,3,0.4490416518596471,0.7666666666666667,0.1550179211469534,0.15044889348490453,0.18181818181818182,0.6666666666666666,0.83
Logistic_single_with_coords,random,True,Pseudechis porphyricaus,4,4,0.1,balanced,102,2,0.3332313084075355,0.445,0.025925925925925925,0.10693023270530873,0.0,0.0,0.87
Logistic_single_with_coords,random,True,Pseudechis porphyricaus,4,5,0.1,balanced,102,2,0.360653241222327,0.98,0.6666666666666666,0.11102899423054227,0.2857142857142857,1.0,0.9
Logistic_single_with_coords,random,True,Pseudechis porphyricaus,5,1,1.0,,103,2,0.05937738480388922,0.9702970297029703,0.39285714285714285,0.015903330352993773,0.0,0.0,1.0
Logistic_single_with_coords,random,True,Pseudechis porphyricaus,5,2,1.0,,103,2,0.06461118749504847,0.9603960396039604,0.3611111111111111,0.01612078672527504,0.0,0.0,1.0
Logistic_single_with_coords,random,True,Pseudechis porphyricaus,5,3,1.0,,103,3,0.11837621515117452,0.7766666666666667,0.18306010928961747,0.027453128080973364,0.0,0.0,1.0
Logistic_single_with_coords,random,True,Pseudechis porphyricaus,5,4,1.0,,102,2,0.13529592311459218,0.44499999999999995,0.026169950738916255,0.021151147230997286,0.0,0.0,1.0
Logistic_single_with_coords,random,True,Pseudechis porphyricaus,5,5,1.0,,102,2,0.05935267825645024,0.98,0.6666666666666666,0.015707996702449895,0.0,0.0,1.0
Logistic_single_with_coords,random,True,Pseudechis porphyricaus,6,1,1.0,balanced,103,2,0.36502582415979623,0.9504950495049506,0.26666666666666666,0.11127034914382948,0.23529411764705882,1.0,0.8712871287128713
Logistic_single_with_coords,random,True,Pseudechis porphyricaus,6,2,1.0,balanced,103,2,0.47471735745336624,0.9306930693069307,0.17142857142857143,0.1506813930926197,0.16666666666666666,1.0,0.801980198019802
Logistic_single_with_coords,random,True,Pseudechis porphyricaus,6,3,1.0,balanced,103,3,0.4237048913203688,0.8366666666666666,0.1632791327913279,0.1370078238414189,0.19047619047619047,0.6666666666666666,0.84
Logistic_single_with_coords,random,True,Pseudechis porphyricaus,6,4,1.0,balanced,102,2,0.27744225480650125,0.495,0.028182157521463233,0.07561171107376874,0.0,0.0,0.91
Logistic_single_with_coords,random,True,Pseudechis porphyricaus,6,5,1.0,balanced,102,2,0.28986823339365836,0.965,0.29166666666666663,0.08919786352208324,0.26666666666666666,1.0,0.89
Logistic_single_with_coords,random,True,Pseudechis porphyricaus,7,1,10.0,,103,2,0.052191870577921094,0.9801980198019802,0.41666666666666663,0.014939651016015262,0.0,0.0,1.0
Logistic_single_with_coords,random,True,Pseudechis porphyricaus,7,2,10.0,,103,2,0.059321388541198054,0.9752475247524752,0.41666666666666663,0.016161415230439843,0.0,0.0,1.0
Logistic_single_with_coords,random,True,Pseudechis porphyricaus,7,3,10.0,,103,3,0.10954890912747707,0.8633333333333333,0.20634920634920634,0.02807688886615363,0.0,0.0,1.0
Logistic_single_with_coords,random,True,Pseudechis porphyricaus,7,4,10.0,,102,2,0.16128826742444263,0.525,0.02976190476190476,0.022553270341843668,0.0,0.0,1.0
Logistic_single_with_coords,random,True,Pseudechis porphyricaus,7,5,10.0,,102,2,0.04946239525868048,0.99,0.75,0.014770118288058416,0.0,0.0,1.0
Logistic_single_with_coords,random,True,Pseudechis porphyricaus,8,1,10.0,balanced,103,2,0.3841197934337286,0.9455445544554456,0.25757575757575757,0.11131206958962098,0.23529411764705882,1.0,0.8712871287128713
Logistic_single_with_coords,random,True,Pseudechis porphyricaus,8,2,10.0,balanced,103,2,0.4936767097954501,0.9257425742574258,0.1625,0.14592447114239046,0.17391304347826086,1.0,0.8118811881188119
Logistic_single_with_coords,random,True,Pseudechis porphyricaus,8,3,10.0,balanced,103,3,0.4500631639774547,0.8766666666666666,0.19416282642089094,0.1399878681566069,0.17391304347826086,0.6666666666666666,0.82
Logistic_single_with_coords,random,True,Pseudechis porphyricaus,8,4,10.0,balanced,102,2,0.2762641949562854,0.54,0.03068181818181818,0.05359048364121872,0.0,0.0,0.94
Logistic_single_with_coords,random,True,Pseudechis porphyricaus,8,5,10.0,balanced,102,2,0.29261069037091547,0.955,0.24285714285714285,0.09295471392954949,0.23529411764705882,1.0,0.87
Logistic_single_with_coords,random,True,Saltuarius swaini,1,1,0.01,,103,1,0.05546212316900953,0.6764705882352942,0.029411764705882353,0.009635675968020424,0.0,0.0,1.0
Logistic_single_with_coords,random,True,Saltuarius swaini,1,2,0.01,,102,1,0.05609924066479641,0.4158415841584159,0.016666666666666666,0.009734568455128987,0.0,0.0,1.0
Logistic_single_with_coords,random,True,Saltuarius swaini,1,3,0.01,,103,2,0.09808596186764484,0.4405940594059406,0.03098901098901099,0.019104295643959678,0.0,0.0,1.0
Logistic_single_with_coords,random,True,Saltuarius swaini,1,4,0.01,,103,2,0.09691274338418092,0.7326732673267327,0.09142857142857143,0.019075759725444556,0.0,0.0,1.0
Logistic_single_with_coords,random,True,Saltuarius swaini,1,5,0.01,,102,1,0.05621128743524549,0.38613861386138615,0.015873015873015872,0.009737914138514603,0.0,0.0,1.0
Logistic_single_with_coords,random,True,Saltuarius swaini,2,1,0.01,balanced,103,1,0.591272855182353,0.7156862745098039,0.03333333333333333,0.20266187454872725,0.0625,1.0,0.7058823529411765
Logistic_single_with_coords,random,True,Saltuarius swaini,2,2,0.01,balanced,102,1,0.53537150422193,0.5544554455445545,0.021739130434782608,0.1764988175764757,0.0,0.0,0.7722772277227723
Logistic_single_with_coords,random,True,Saltuarius swaini,2,3,0.01,balanced,103,2,0.5352395364756776,0.4900990099009901,0.03117674636661978,0.17689604187144095,0.0,0.0,0.7623762376237624
Logistic_single_with_coords,random,True,Saltuarius swaini,2,4,0.01,balanced,103,2,0.567567747660284,0.7920792079207921,0.27325581395348836,0.1907957567448898,0.06451612903225806,0.5,0.7227722772277227
Logistic_single_with_coords,random,True,Saltuarius swaini,2,5,0.01,balanced,102,1,0.5465868051430646,0.4455445544554455,0.017543859649122806,0.18377372986889107,0.0,0.0,0.693069306930693
Logistic_single_with_coords,random,True,Saltuarius swaini,3,1,0.1,,103,1,0.05443082943410906,0.7058823529411764,0.03225806451612903,0.00965064805386404,0.0,0.0,1.0
Logistic_single_with_coords,random,True,Saltuarius swaini,3,2,0.1,,102,1,0.05692446406809037,0.5247524752475248,0.02040816326530612,0.009798495254931943,0.0,0.0,1.0
Logistic_single_with_coords,random,True,Saltuarius swaini,3,3,0.1,,103,2,0.10047683105508519,0.48514851485148514,0.03051537070524412,0.019183350131079913,0.0,0.0,1.0
Logistic_single_with_coords,random,True,Saltuarius swaini,3,4,0.1,,103,2,0.09333991986341303,0.7475247524752475,0.145,0.018973677356753378,0.0,0.0,1.0
Logistic_single_with_coords,random,True,Saltuarius swaini,3,5,0.1,,102,1,0.05793003736614407,0.4356435643564357,0.017241379310344827,0.0098287909474433,0.0,0.0,1.0
Logistic_single_with_coords,random,True,Saltuarius swaini,4,1,0.1,balanced,103,1,0.5372462441582103,0.7450980392156863,0.037037037037037035,0.18663936762918185,0.0625,1.0,0.7058823529411765
Logistic_single_with_coords,random,True,Saltuarius swaini,4,2,0.1,balanced,102,1,0.4414509589560227,0.6435643564356436,0.02702702702702703,0.14377218565011968,0.0,0.0,0.7920792079207921
Logistic_single_with_coords,random,True,Saltuarius swaini,4,3,0.1,balanced,103,2,0.4999223002815228,0.5940594059405941,0.03617992177314211,0.16988200773251041,0.0,0.0,0.7524752475247525
Logistic_single_with_coords,random,True,Saltuarius swaini,4,4,0.1,balanced,103,2,0.4849178352389048,0.7920792079207921,0.19047619047619047,0.16497568366885015,0.06666666666666667,0.5,0.7326732673267327
Logistic_single_with_coords,random,True,Saltuarius swaini,4,5,0.1,balanced,102,1,0.4732609292610538,0.4752475247524752,0.018518518518518517,0.16389368445610777,0.0,0.0,0.7326732673267327
Logistic_single_with_coords,random,True,Saltuarius swaini,5,1,1.0,,103,1,0.053481707115379355,0.7156862745098039,0.03333333333333333,0.009854264006636767,0.0,0.0,1.0
Logistic_single_with_coords,random,True,Saltuarius swaini,5,2,1.0,,102,1,0.060911465046833896,0.5445544554455446,0.02127659574468085,0.010135692927811487,0.0,0.0,1.0
Logistic_single_with_coords,random,True,Saltuarius swaini,5,3,1.0,,103,2,0.10691604063324038,0.6237623762376238,0.03774928774928775,0.01955900029890492,0.0,0.0,1.0
Logistic_single_with_coords,random,True,Saltuarius swaini,5,4,1.0,,103,2,0.08742199668614575,0.7871287128712872,0.2727272727272727,0.018690908020935773,0.0,0.0,1.0
Logistic_single_with_coords,random,True,Saltuarius swaini,5,5,1.0,,102,1,0.06524255926718762,0.4653465346534653,0.01818181818181818,0.01026575295993645,0.0,0.0,1.0
Logistic_single_with_coords,random,True,Saltuarius swaini,6,1,1.0,balanced,103,1,0.5394947231805601,0.7647058823529411,0.04,0.1906664012184307,0.0625,1.0,0.7058823529411765
Logistic_single_with_coords,random,True,Saltuarius swaini,6,2,1.0,balanced,102,1,0.3920215650039389,0.6831683168316831,0.030303030303030304,0.12069053173970712,0.0,0.0,0.8712871287128713
Logistic_single_with_coords,random,True,Saltuarius swaini,6,3,1.0,balanced,103,2,0.5137434447842584,0.5841584158415841,0.03398617511520737,0.18073053554271173,0.0,0.0,0.7326732673267327
Logistic_single_with_coords,random,True,Saltuarius swaini,6,4,1.0,balanced,103,2,0.4741533327049285,0.7722772277227723,0.1065891472868217,0.16477662339627505,0.06896551724137931,0.5,0.7425742574257426
Logistic_single_with_coords,random,True,Saltuarius swaini,6,5,1.0,balanced,102,1,0.4658531282300241,0.4752475247524752,0.018518518518518517,0.15708824253375903,0.0,0.0,0.7623762376237624
Logistic_single_with_coords,random,True,Saltuarius swaini,7,1,10.0,,103,1,0.05419761311778313,0.7156862745098039,0.03333333333333333,0.010047935496407992,0.0,0.0,1.0
Logistic_single_with_coords,random,True,Saltuarius swaini,7,2,10.0,,102,1,0.06441120029621192,0.594059405940594,0.023809523809523808,0.010541570233942607,0.0,0.0,1.0
Logistic_single_with_coords,random,True,Saltuarius swaini,7,3,10.0,,103,2,0.11728204356354142,0.6138613861386139,0.03612903225806452,0.019967710386790485,0.0,0.0,1.0
Logistic_single_with_coords,random,True,Saltuarius swaini,7,4,10.0,,103,2,0.08476503935718975,0.8118811881188119,0.19298245614035087,0.018557700746032017,0.0,0.0,1.0
Logistic_single_with_coords,random,True,Saltuarius swaini,7,5,10.0,,102,1,0.07414971882552639,0.4653465346534653,0.01818181818181818,0.011299198611411694,0.0,0.0,1.0
Logistic_single_with_coords,random,True,Saltuarius swaini,8,1,10.0,balanced,103,1,0.5481385092341822,0.803921568627451,0.047619047619047616,0.19272381079834858,0.06060606060606061,1.0,0.696078431372549
Logistic_single_with_coords,random,True,Saltuarius swaini,8,2,10.0,balanced,102,1,0.3816933162815846,0.7227722772277227,0.034482758620689655,0.11399553640446636,0.0,0.0,0.8811881188118812
Logistic_single_with_coords,random,True,Saltuarius swaini,8,3,10.0,balanced,103,2,0.5489573147218011,0.5495049504950495,0.031002331002331,0.18833512647161807,0.0,0.0,0.7425742574257426
Logistic_single_with_coords,random,True,Saltuarius swaini,8,4,10.0,balanced,103,2,0.48956574063760677,0.7772277227722773,0.08119658119658119,0.16870195414637404,0.06666666666666667,0.5,0.7326732673267327
Logistic_single_with_coords,random,True,Saltuarius swaini,8,5,10.0,balanced,102,1,0.4770949457706431,0.504950495049505,0.0196078431372549,0.1572491523487653,0.0,0.0,0.7623762376237624
