model,split_type,use_coords,candidate,fold,classifier__alpha,classifier__hidden_layer_sizes,classifier__learning_rate_init,n,positives,log_loss,auc,average_precision,brier,f1,sensitivity,specificity
MLP_multi_trunk_no_coords,random,False,1,1,0.0001,"(8,)",0.01,824,50,0.13788601309933096,0.9228165374677002,0.5445506908834986,0.03962232442875788,0.4594594594594595,0.34,0.9909560723514211
MLP_multi_trunk_no_coords,random,False,1,2,0.0001,"(8,)",0.01,824,58,0.1832346383543673,0.8868056180786891,0.4227229276618002,0.05241532726618517,0.3157894736842105,0.20689655172413793,0.9921671018276762
MLP_multi_trunk_no_coords,random,False,1,3,0.0001,"(8,)",0.01,824,55,0.1982288398141857,0.8600543799503488,0.3999831057921709,0.04899013362136379,0.23529411764705882,0.14545454545454545,0.9934980494148244
MLP_multi_trunk_no_coords,random,False,1,4,0.0001,"(8,)",0.01,816,48,0.15804921800771266,0.896240234375,0.3247161380123587,0.0462926410320133,0.208955223880597,0.14583333333333334,0.984375
MLP_multi_trunk_no_coords,random,False,1,5,0.0001,"(8,)",0.01,816,40,0.1556099545062814,0.8818298969072166,0.3293305042253591,0.04174444067358389,0.36363636363636365,0.3,0.9819587628865979
MLP_multi_trunk_no_coords,random,False,2,1,0.0001,"(8,)",0.001,824,50,0.15367219734405005,0.9163824289405684,0.4286937231244895,0.04343191029057053,0.07272727272727272,0.04,0.9961240310077519
MLP_multi_trunk_no_coords,random,False,2,2,0.0001,"(8,)",0.001,824,58,0.2050129789969152,0.8221616998289367,0.3594100936610999,0.05520409239938175,0.0967741935483871,0.05172413793103448,0.9986945169712794
MLP_multi_trunk_no_coords,random,False,2,3,0.0001,"(8,)",0.001,824,55,0.2017762047175486,0.8257713677739685,0.29533545829995234,0.05353101721300946,0.06451612903225806,0.03636363636363636,0.9934980494148244
MLP_multi_trunk_no_coords,random,False,2,4,0.0001,"(8,)",0.001,816,48,0.16719792261038763,0.8709309895833333,0.3097445083347837,0.04672204404571125,0.0392156862745098,0.020833333333333332,0.9973958333333334
MLP_multi_trunk_no_coords,random,False,2,5,0.0001,"(8,)",0.001,816,40,0.16163642536032893,0.8250322164948454,0.22839017194324396,0.042363272269982905,0.08888888888888889,0.05,0.9961340206185567
MLP_multi_trunk_no_coords,random,False,3,1,0.0001,"(16,)",0.01,824,50,0.14409162990346353,0.9127390180878552,0.49115665442914264,0.04060127277548784,0.39436619718309857,0.28,0.9909560723514211
MLP_multi_trunk_no_coords,random,False,3,2,0.0001,"(16,)",0.01,824,58,0.18439544338531932,0.8842846853335735,0.3983763497923292,0.052526177657769436,0.3,0.20689655172413793,0.9869451697127938
MLP_multi_trunk_no_coords,random,False,3,3,0.0001,"(16,)",0.01,824,55,0.20681159939368213,0.8549237498522284,0.3903667308258488,0.050227554607194684,0.34210526315789475,0.23636363636363636,0.9895968790637191
MLP_multi_trunk_no_coords,random,False,3,4,0.0001,"(16,)",0.01,816,48,0.15376468285227268,0.9051106770833334,0.3750334669073684,0.045385587754032945,0.30985915492957744,0.22916666666666666,0.984375
MLP_multi_trunk_no_coords,random,False,3,5,0.0001,"(16,)",0.01,816,40,0.154054513283027,0.8721005154639175,0.3049712957539827,0.04108044461997056,0.25806451612903225,0.2,0.9819587628865979
MLP_multi_trunk_no_coords,random,False,4,1,0.0001,"(16,)",0.001,824,50,0.14589026969755084,0.9301033591731266,0.43392637641382836,0.042552108968189964,0.07407407407407407,0.04,0.9974160206718347
MLP_multi_trunk_no_coords,random,False,4,2,0.0001,"(16,)",0.001,824,58,0.1939732221541597,0.8450751778157919,0.39345418070265314,0.053130458777780505,0.0967741935483871,0.05172413793103448,0.9986945169712794
MLP_multi_trunk_no_coords,random,False,4,3,0.0001,"(16,)",0.001,824,55,0.2001038712209469,0.8330535524293652,0.3120955429448661,0.05291103750148305,0.0,0.0,1.0
MLP_multi_trunk_no_coords,random,False,4,4,0.0001,"(16,)",0.001,816,48,0.17131783966975572,0.8581000434027778,0.3065944079064752,0.04732354129046384,0.04,0.020833333333333332,0.9986979166666666
MLP_multi_trunk_no_coords,random,False,4,5,0.0001,"(16,)",0.001,816,40,0.16106589073226502,0.822873711340206,0.23489747923932722,0.04193635578518451,0.0,0.0,0.9987113402061856
MLP_multi_trunk_no_coords,random,False,5,1,0.0001,"(32,)",0.01,824,50,0.16520024146829212,0.8895865633074935,0.39738157079972874,0.0454351754371807,0.3013698630136986,0.22,0.9844961240310077
MLP_multi_trunk_no_coords,random,False,5,2,0.0001,"(32,)",0.01,824,58,0.18819464099906485,0.893085441613397,0.35347700290766787,0.0573002368414896,0.3076923076923077,0.2413793103448276,0.9751958224543081
MLP_multi_trunk_no_coords,random,False,5,3,0.0001,"(32,)",0.01,824,55,0.2075684597538235,0.8569807305828111,0.3748047158443871,0.05093517756439403,0.3373493975903614,0.2545454545454545,0.9817945383615084
MLP_multi_trunk_no_coords,random,False,5,4,0.0001,"(32,)",0.01,816,48,0.166500988506958,0.899685329861111,0.3520677217159721,0.049326622333987276,0.3225806451612903,0.3125,0.9609375
MLP_multi_trunk_no_coords,random,False,5,5,0.0001,"(32,)",0.01,816,40,0.1637659250301843,0.8734697164948454,0.29957974397746756,0.04261510131359417,0.3380281690140845,0.3,0.9755154639175257
MLP_multi_trunk_no_coords,random,False,6,1,0.0001,"(32,)",0.001,824,50,0.14377931403311317,0.9291214470284237,0.4292761449361519,0.04273862032840747,0.1694915254237288,0.1,0.9948320413436692
MLP_multi_trunk_no_coords,random,False,6,2,0.0001,"(32,)",0.001,824,58,0.18335112658818484,0.8790402448906096,0.37545134679895104,0.052909218607301405,0.16666666666666666,0.10344827586206896,0.9895561357702349
MLP_multi_trunk_no_coords,random,False,6,3,0.0001,"(32,)",0.001,824,55,0.19414900389868606,0.8389644165977066,0.3836682381544825,0.05037942104653617,0.16393442622950818,0.09090909090909091,0.9986996098829649
MLP_multi_trunk_no_coords,random,False,6,4,0.0001,"(32,)",0.001,816,48,0.16282980712013248,0.878390842013889,0.30985196776089735,0.046355776991098774,0.1694915254237288,0.10416666666666667,0.9921875
MLP_multi_trunk_no_coords,random,False,6,5,0.0001,"(32,)",0.001,816,40,0.15562586150333602,0.8479703608247422,0.28303996742549586,0.04099903722949876,0.125,0.075,0.9935567010309279
MLP_multi_trunk_no_coords,random,False,7,1,0.0001,"(16, 8)",0.01,824,50,0.15163730993610447,0.8991989664082687,0.47295983286231486,0.04182480673710045,0.35294117647058826,0.24,0.9922480620155039
MLP_multi_trunk_no_coords,random,False,7,2,0.0001,"(16, 8)",0.01,824,58,0.20632768353041314,0.8598631493652651,0.36421402112648327,0.05635525543005161,0.3058823529411765,0.22413793103448276,0.9817232375979112
MLP_multi_trunk_no_coords,random,False,7,3,0.0001,"(16, 8)",0.01,824,55,0.22970071278682166,0.8405485281948221,0.3578986011880474,0.0514007139880722,0.2857142857142857,0.2,0.9856957087126138
MLP_multi_trunk_no_coords,random,False,7,4,0.0001,"(16, 8)",0.01,816,48,0.17130403463426866,0.8776584201388888,0.28882325510403395,0.0485581548634784,0.23529411764705882,0.16666666666666666,0.984375
MLP_multi_trunk_no_coords,random,False,7,5,0.0001,"(16, 8)",0.01,816,40,0.18684193451784187,0.825451030927835,0.22966308610031994,0.047177522618847785,0.16129032258064516,0.125,0.9780927835051546
MLP_multi_trunk_no_coords,random,False,8,1,0.0001,"(16, 8)",0.001,824,50,0.14690437314449598,0.9269509043927648,0.49558314098125733,0.04245825776485453,0.1111111111111111,0.06,0.9987080103359173
MLP_multi_trunk_no_coords,random,False,8,2,0.0001,"(16, 8)",0.001,824,58,0.19069259175606934,0.8556766003421264,0.3933597181808082,0.05280217834408451,0.09375,0.05172413793103448,0.9960835509138382
MLP_multi_trunk_no_coords,random,False,8,3,0.0001,"(16, 8)",0.001,824,55,0.19878875330875687,0.8493675375339875,0.3467389870408056,0.05134909704547135,0.03225806451612903,0.01818181818181818,0.9921976592977894
MLP_multi_trunk_no_coords,random,False,8,4,0.0001,"(16, 8)",0.001,816,48,0.16581145021084198,0.8696560329861112,0.3432979941871717,0.04621443582837218,0.04,0.020833333333333332,0.9986979166666666
MLP_multi_trunk_no_coords,random,False,8,5,0.0001,"(16, 8)",0.001,816,40,0.16293441014013918,0.8169458762886598,0.23351988289987716,0.04229487711501603,0.125,0.075,0.9935567010309279
MLP_multi_trunk_no_coords,random,False,9,1,0.001,"(8,)",0.01,824,50,0.13738755541924688,0.9239018087855297,0.5482981290772174,0.03948945147743074,0.4594594594594595,0.34,0.9909560723514211
MLP_multi_trunk_no_coords,random,False,9,2,0.001,"(8,)",0.01,824,58,0.182754074361443,0.8873458179526426,0.42255474562806344,0.05234512873619479,0.3157894736842105,0.20689655172413793,0.9921671018276762
MLP_multi_trunk_no_coords,random,False,9,3,0.001,"(8,)",0.01,824,55,0.19756710078329445,0.8601253103203688,0.39903158601274447,0.04894329196769402,0.23529411764705882,0.14545454545454545,0.9934980494148244
MLP_multi_trunk_no_coords,random,False,9,4,0.001,"(8,)",0.01,816,48,0.15812281659136737,0.8953450520833334,0.32645118450506705,0.04619350216634295,0.23529411764705882,0.16666666666666666,0.984375
MLP_multi_trunk_no_coords,random,False,9,5,0.001,"(8,)",0.01,816,40,0.15569119137268378,0.8815399484536082,0.32720188158346764,0.04182513289263573,0.36363636363636365,0.3,0.9819587628865979
MLP_multi_trunk_no_coords,random,False,10,1,0.001,"(8,)",0.001,824,50,0.15367986694421037,0.9163824289405684,0.4286937231244895,0.04343293390606089,0.07272727272727272,0.04,0.9961240310077519
MLP_multi_trunk_no_coords,random,False,10,2,0.001,"(8,)",0.001,824,58,0.20500732229077537,0.8221842081570181,0.359433980424887,0.055205084199173235,0.0967741935483871,0.05172413793103448,0.9986945169712794
MLP_multi_trunk_no_coords,random,False,10,3,0.001,"(8,)",0.001,824,55,0.2017599727905989,0.8257950112306419,0.295382071706486,0.05353008079603988,0.06451612903225806,0.03636363636363636,0.9934980494148244
MLP_multi_trunk_no_coords,random,False,10,4,0.001,"(8,)",0.001,816,48,0.16720380632192683,0.8709309895833334,0.3097682770910758,0.046722239874584945,0.0392156862745098,0.020833333333333332,0.9973958333333334
MLP_multi_trunk_no_coords,random,False,10,5,0.001,"(8,)",0.001,816,40,0.16164021300440304,0.8249999999999998,0.22838812108188217,0.04236351265445011,0.08888888888888889,0.05,0.9961340206185567
MLP_multi_trunk_no_coords,random,False,11,1,0.001,"(16,)",0.01,824,50,0.14577996635084955,0.9080878552971576,0.5104401394664854,0.04043367458730022,0.2857142857142857,0.18,0.9948320413436692
MLP_multi_trunk_no_coords,random,False,11,2,0.001,"(16,)",0.01,824,58,0.18419756115105576,0.8841946520212478,0.3957010887834652,0.0525547982663226,0.3,0.20689655172413793,0.9869451697127938
MLP_multi_trunk_no_coords,random,False,11,3,0.001,"(16,)",0.01,824,55,0.20608535323917157,0.8554439058990425,0.39040769919865714,0.05020893920625187,0.34210526315789475,0.23636363636363636,0.9895968790637191
MLP_multi_trunk_no_coords,random,False,11,4,0.001,"(16,)",0.01,816,48,0.15362413504009206,0.9052734375,0.37253331328322015,0.045333750506534876,0.3142857142857143,0.22916666666666666,0.9856770833333334
MLP_multi_trunk_no_coords,random,False,11,5,0.001,"(16,)",0.01,816,40,0.15378122801090485,0.871166237113402,0.30894035049223967,0.0409274940536209,0.25806451612903225,0.2,0.9819587628865979
MLP_multi_trunk_no_coords,random,False,12,1,0.001,"(16,)",0.001,824,50,0.1459170270150511,0.9299999999999999,0.4334123209666666,0.04255715137958425,0.07407407407407407,0.04,0.9974160206718347
MLP_multi_trunk_no_coords,random,False,12,2,0.001,"(16,)",0.001,824,58,0.19396990980040088,0.8450976861438733,0.39348039878210256,0.053130894395034475,0.0967741935483871,0.05172413793103448,0.9986945169712794
MLP_multi_trunk_no_coords,random,False,12,3,0.001,"(16,)",0.001,824,55,0.20009018719746763,0.833100839342712,0.3121203245382448,0.052911088723914035,0.0,0.0,1.0
MLP_multi_trunk_no_coords,random,False,12,4,0.001,"(16,)",0.001,816,48,0.17130526286213535,0.858127170138889,0.306609438600735,0.04732144140269406,0.04,0.020833333333333332,0.9986979166666666
MLP_multi_trunk_no_coords,random,False,12,5,0.001,"(16,)",0.001,816,40,0.1610586200820406,0.822873711340206,0.23488575049192464,0.04193515259454549,0.0,0.0,0.9987113402061856
MLP_multi_trunk_no_coords,random,False,13,1,0.001,"(32,)",0.01,824,50,0.16666560452754894,0.8930749354005169,0.40728747726426423,0.04583284272011152,0.4578313253012048,0.38,0.9819121447028424
MLP_multi_trunk_no_coords,random,False,13,2,0.001,"(32,)",0.01,824,58,0.1882096025652369,0.893085441613397,0.3521322451946947,0.05742683949156143,0.3191489361702128,0.25862068965517243,0.9725848563968669
MLP_multi_trunk_no_coords,random,False,13,3,0.001,"(32,)",0.01,824,55,0.20655562327905433,0.8578318950230525,0.37837417775344856,0.05070143878402676,0.30952380952380953,0.23636363636363636,0.9791937581274383
MLP_multi_trunk_no_coords,random,False,13,4,0.001,"(32,)",0.01,816,48,0.16749688318169723,0.8985460069444444,0.3449747291412536,0.04936010151015193,0.32608695652173914,0.3125,0.9622395833333334
MLP_multi_trunk_no_coords,random,False,13,5,0.001,"(32,)",0.01,816,40,0.1618175438432403,0.8768041237113401,0.3054710739710164,0.0425378649657682,0.3283582089552239,0.275,0.979381443298969
MLP_multi_trunk_no_coords,random,False,14,1,0.001,"(32,)",0.001,824,50,0.1437899090256156,0.9290956072351422,0.42887849750005697,0.04273902628559903,0.1694915254237288,0.1,0.9948320413436692
MLP_multi_trunk_no_coords,random,False,14,2,0.001,"(32,)",0.001,824,58,0.1833391007159668,0.8791302782029351,0.375056319427871,0.052907337314376336,0.16666666666666666,0.10344827586206896,0.9895561357702349
MLP_multi_trunk_no_coords,random,False,14,3,0.001,"(32,)",0.001,824,55,0.1940961598934855,0.8390826338810734,0.3838031657705333,0.05038304171275771,0.16393442622950818,0.09090909090909091,0.9986996098829649
MLP_multi_trunk_no_coords,random,False,14,4,0.001,"(32,)",0.001,816,48,0.1628158358830208,0.87841796875,0.31024720312083226,0.046350696648012536,0.1694915254237288,0.10416666666666667,0.9921875
MLP_multi_trunk_no_coords,random,False,14,5,0.001,"(32,)",0.001,816,40,0.1556019411625032,0.8480992268041236,0.2831320340132526,0.04099878781223591,0.125,0.075,0.9935567010309279
MLP_multi_trunk_no_coords,random,False,15,1,0.001,"(16, 8)",0.01,824,50,0.15044381972117962,0.9003100775193799,0.507190967778048,0.04090469966926249,0.42105263157894735,0.32,0.9870801033591732
MLP_multi_trunk_no_coords,random,False,15,2,0.001,"(16, 8)",0.01,824,58,0.20568468445441576,0.8633294318897992,0.3655864444993017,0.05719854292747441,0.3146067415730337,0.2413793103448276,0.9778067885117493
MLP_multi_trunk_no_coords,random,False,15,3,0.001,"(16, 8)",0.01,824,55,0.20971621874985308,0.85370611183355,0.3753658122586263,0.049602326337861116,0.35443037974683544,0.2545454545454545,0.9869960988296489
MLP_multi_trunk_no_coords,random,False,15,4,0.001,"(16, 8)",0.01,816,48,0.17224773027877166,0.8748643663194445,0.2873312760487714,0.04870549868987752,0.23529411764705882,0.16666666666666666,0.984375
MLP_multi_trunk_no_coords,random,False,15,5,0.001,"(16, 8)",0.01,816,40,0.18584990843240784,0.826868556701031,0.23763957377043327,0.046654690496856714,0.15873015873015872,0.125,0.9768041237113402
MLP_multi_trunk_no_coords,random,False,16,1,0.001,"(16, 8)",0.001,824,50,0.14681156341552498,0.9270801033591731,0.49573947103789834,0.042430100441408006,0.1111111111111111,0.06,0.9987080103359173
MLP_multi_trunk_no_coords,random,False,16,2,0.001,"(16, 8)",0.001,824,58,0.1906042038919088,0.8562393085441613,0.3945680280838597,0.052797640340681726,0.09375,0.05172413793103448,0.9960835509138382
MLP_multi_trunk_no_coords,random,False,16,3,0.001,"(16, 8)",0.001,824,55,0.19878220904985255,0.8494148244473343,0.3465056810115423,0.051354481833371546,0.03225806451612903,0.01818181818181818,0.9921976592977894
MLP_multi_trunk_no_coords,random,False,16,4,0.001,"(16, 8)",0.001,816,48,0.165705678960921,0.8698459201388888,0.3439058374239105,0.046192763829634116,0.04,0.020833333333333332,0.9986979166666666
MLP_multi_trunk_no_coords,random,False,16,5,0.001,"(16, 8)",0.001,816,40,0.16292076991364543,0.8168814432989691,0.23352939519027902,0.042291322406242546,0.125,0.075,0.9935567010309279
MLP_multi_trunk_no_coords,random,False,17,1,0.01,"(8,)",0.01,824,50,0.13703839138083762,0.9247028423772609,0.5510431035819602,0.03942874972368364,0.4594594594594595,0.34,0.9909560723514211
MLP_multi_trunk_no_coords,random,False,17,2,0.01,"(8,)",0.01,824,58,0.1823455204785314,0.8875934095615378,0.41859266213731194,0.052245625922035833,0.3157894736842105,0.20689655172413793,0.9921671018276762
MLP_multi_trunk_no_coords,random,False,17,3,0.01,"(8,)",0.01,824,55,0.1957920207409447,0.8598652322969619,0.39802160032257194,0.04898603869284185,0.208955223880597,0.12727272727272726,0.9934980494148244
MLP_multi_trunk_no_coords,random,False,17,4,0.01,"(8,)",0.01,816,48,0.15786126281622886,0.8954535590277778,0.32735978670794985,0.04610299902745337,0.23880597014925373,0.16666666666666666,0.9856770833333334
MLP_multi_trunk_no_coords,random,False,17,5,0.01,"(8,)",0.01,816,40,0.15458832946561543,0.8813144329896907,0.3427171028567002,0.04162094963791543,0.36923076923076925,0.3,0.9832474226804123
MLP_multi_trunk_no_coords,random,False,18,1,0.01,"(8,)",0.001,824,50,0.1537472810982534,0.9164341085271317,0.4294332922692213,0.043435199769544956,0.07272727272727272,0.04,0.9961240310077519
MLP_multi_trunk_no_coords,random,False,18,2,0.01,"(8,)",0.001,824,58,0.20494128129388256,0.8223642747816693,0.3603016895905999,0.055213059108272504,0.0967741935483871,0.05172413793103448,0.9986945169712794
MLP_multi_trunk_no_coords,random,False,18,3,0.01,"(8,)",0.001,824,55,0.2015911696697526,0.8255349332072348,0.2954494676542505,0.05352202152123243,0.06451612903225806,0.03636363636363636,0.9934980494148244
MLP_multi_trunk_no_coords,random,False,18,4,0.01,"(8,)",0.001,816,48,0.16726432877172134,0.870876736111111,0.3081754578801779,0.04672732165147901,0.0392156862745098,0.020833333333333332,0.9973958333333334
MLP_multi_trunk_no_coords,random,False,18,5,0.01,"(8,)",0.001,816,40,0.16166066129732123,0.8248711340206185,0.22806105211543218,0.04236728481617627,0.08888888888888889,0.05,0.9961340206185567
MLP_multi_trunk_no_coords,random,False,19,1,0.01,"(16,)",0.01,824,50,0.14358669145128203,0.9135142118863049,0.5007375122701134,0.04043087181101209,0.39436619718309857,0.28,0.9909560723514211
MLP_multi_trunk_no_coords,random,False,19,2,0.01,"(16,)",0.01,824,58,0.18272938579571643,0.8853200684253174,0.40354696606172324,0.05217198878866114,0.3,0.20689655172413793,0.9869451697127938
MLP_multi_trunk_no_coords,random,False,19,3,0.01,"(16,)",0.01,824,55,0.20201445839569226,0.8563660007093036,0.39341966430582087,0.050513490791384605,0.38461538461538464,0.2727272727272727,0.9895968790637191
MLP_multi_trunk_no_coords,random,False,19,4,0.01,"(16,)",0.01,816,48,0.15317014188003308,0.905300564236111,0.3730689459846595,0.04522156905497516,0.29411764705882354,0.20833333333333334,0.9869791666666666
MLP_multi_trunk_no_coords,random,False,19,5,0.01,"(16,)",0.01,816,40,0.1534543094619313,0.8695231958762886,0.3111877162999971,0.04096617272455413,0.26229508196721313,0.2,0.9832474226804123
MLP_multi_trunk_no_coords,random,False,20,1,0.01,"(16,)",0.001,824,50,0.145934013320337,0.930361757105943,0.4363259575590742,0.04253090403798025,0.07407407407407407,0.04,0.9974160206718347
MLP_multi_trunk_no_coords,random,False,20,2,0.01,"(16,)",0.001,824,58,0.19391815791896605,0.8446700279103269,0.39207640168487484,0.05313050764761443,0.0967741935483871,0.05172413793103448,0.9986945169712794
MLP_multi_trunk_no_coords,random,False,20,3,0.01,"(16,)",0.001,824,55,0.19989505453089057,0.8330062655160184,0.31187655518662827,0.05291076872015719,0.0,0.0,1.0
MLP_multi_trunk_no_coords,random,False,20,4,0.01,"(16,)",0.001,816,48,0.17119898767926145,0.8582628038194444,0.30698198760099643,0.04730059313585554,0.04,0.020833333333333332,0.9986979166666666
MLP_multi_trunk_no_coords,random,False,20,5,0.01,"(16,)",0.001,816,40,0.16098035657985918,0.8229059278350516,0.23422998770282363,0.04192636925281126,0.0,0.0,0.9987113402061856
MLP_multi_trunk_no_coords,random,False,21,1,0.01,"(32,)",0.01,824,50,0.16199765994434928,0.8917829457364341,0.4055256525417751,0.04478536961585028,0.3013698630136986,0.22,0.9844961240310077
MLP_multi_trunk_no_coords,random,False,21,2,0.01,"(32,)",0.01,824,58,0.188755162137434,0.8927928333483389,0.35178164456444017,0.057621367149668354,0.3010752688172043,0.2413793103448276,0.9725848563968669
MLP_multi_trunk_no_coords,random,False,21,3,0.01,"(32,)",0.01,824,55,0.20471841864486612,0.8562950703392836,0.38769363186479666,0.05062805642416218,0.3373493975903614,0.2545454545454545,0.9817945383615084
MLP_multi_trunk_no_coords,random,False,21,4,0.01,"(32,)",0.01,816,48,0.16686410636133228,0.8973795572916666,0.33875148318022696,0.04910331032764042,0.34782608695652173,0.3333333333333333,0.9635416666666666
MLP_multi_trunk_no_coords,random,False,21,5,0.01,"(32,)",0.01,816,40,0.16221733538323618,0.8724548969072166,0.3134907981199419,0.04181159148809351,0.3384615384615385,0.275,0.9819587628865979
MLP_multi_trunk_no_coords,random,False,22,1,0.01,"(32,)",0.001,824,50,0.14380472926177387,0.9293540051679586,0.4302044586070531,0.042721187438479365,0.1694915254237288,0.1,0.9948320413436692
MLP_multi_trunk_no_coords,random,False,22,2,0.01,"(32,)",0.001,824,58,0.18330614511507265,0.8791978031871792,0.3762090608733758,0.052894336348590296,0.14084507042253522,0.08620689655172414,0.9895561357702349
MLP_multi_trunk_no_coords,random,False,22,3,0.01,"(32,)",0.001,824,55,0.19371224621728475,0.8388461993143398,0.38479650017939454,0.050379509626915155,0.16393442622950818,0.09090909090909091,0.9986996098829649
MLP_multi_trunk_no_coords,random,False,22,4,0.01,"(32,)",0.001,816,48,0.16272227502957304,0.8784993489583334,0.30875556381754915,0.04631592028311992,0.1694915254237288,0.10416666666666667,0.9921875
MLP_multi_trunk_no_coords,random,False,22,5,0.01,"(32,)",0.001,816,40,0.15542503661232038,0.8480670103092783,0.28255630771583384,0.04100043119657387,0.0851063829787234,0.05,0.9935567010309279
MLP_multi_trunk_no_coords,random,False,23,1,0.01,"(16, 8)",0.01,824,50,0.1528298722331537,0.8937467700258398,0.49756519121625814,0.04149127354341503,0.35294117647058826,0.24,0.9922480620155039
MLP_multi_trunk_no_coords,random,False,23,2,0.01,"(16, 8)",0.01,824,58,0.18675828074741516,0.8804807778878185,0.37551742271664773,0.0541197459491926,0.3448275862068966,0.25862068965517243,0.9817232375979112
MLP_multi_trunk_no_coords,random,False,23,3,0.01,"(16, 8)",0.01,824,55,0.2227146968649849,0.8530795602317058,0.34512799610316447,0.052990677294420696,0.43478260869565216,0.36363636363636365,0.9778933680104032
MLP_multi_trunk_no_coords,random,False,23,4,0.01,"(16, 8)",0.01,816,48,0.17138677544729372,0.8604058159722222,0.3182627714337615,0.04770876651312621,0.2028985507246377,0.14583333333333334,0.9817708333333334
MLP_multi_trunk_no_coords,random,False,23,5,0.01,"(16, 8)",0.01,816,40,0.18290953389767314,0.8370167525773196,0.25381720283111936,0.04505334413171878,0.1935483870967742,0.15,0.979381443298969
MLP_multi_trunk_no_coords,random,False,24,1,0.01,"(16, 8)",0.001,824,50,0.14686636548818785,0.927467700258398,0.5056033516225639,0.0424750550801402,0.07547169811320754,0.04,0.9987080103359173
MLP_multi_trunk_no_coords,random,False,24,2,0.01,"(16, 8)",0.001,824,58,0.1903902082722593,0.8563743585126496,0.3961717024599872,0.05273258396206329,0.09375,0.05172413793103448,0.9960835509138382
MLP_multi_trunk_no_coords,random,False,24,3,0.01,"(16, 8)",0.001,824,55,0.19814740723980667,0.849272963707294,0.3394580008177039,0.051517418150547375,0.03225806451612903,0.01818181818181818,0.9921976592977894
MLP_multi_trunk_no_coords,random,False,24,4,0.01,"(16, 8)",0.001,816,48,0.16516024822753197,0.8711208767361112,0.34630109990848335,0.04609021279559831,0.04,0.020833333333333332,0.9986979166666666
MLP_multi_trunk_no_coords,random,False,24,5,0.01,"(16, 8)",0.001,816,40,0.16289282283063147,0.8169458762886597,0.23291814146331463,0.04230424066379405,0.125,0.075,0.9935567010309279
MLP_multi_trunk_no_coords,random,False,25,1,0.1,"(8,)",0.01,824,50,0.14267214800651606,0.9191472868217054,0.5201785011222592,0.04062050212606618,0.26666666666666666,0.16,0.9974160206718347
MLP_multi_trunk_no_coords,random,False,25,2,0.1,"(8,)",0.01,824,58,0.18284108833977783,0.8751913207886919,0.4226821392056976,0.05240749153122238,0.36363636363636365,0.2413793103448276,0.9934725848563969
MLP_multi_trunk_no_coords,random,False,25,3,0.1,"(8,)",0.01,824,55,0.18710468510623565,0.8541435157820073,0.34036711541626297,0.0502618685405778,0.09230769230769231,0.05454545454545454,0.9908972691807543
MLP_multi_trunk_no_coords,random,False,25,4,0.1,"(8,)",0.01,816,48,0.15617233136522998,0.8969184027777777,0.33497243232975193,0.045408904047221886,0.2153846153846154,0.14583333333333334,0.9869791666666666
MLP_multi_trunk_no_coords,random,False,25,5,0.1,"(8,)",0.01,816,40,0.14280554724389985,0.8783827319587628,0.33731068460893615,0.03867824035029061,0.3333333333333333,0.25,0.9871134020618557
MLP_multi_trunk_no_coords,random,False,26,1,0.1,"(8,)",0.001,824,50,0.15466121793894755,0.9170025839793282,0.42818598809317215,0.04356352452716897,0.037037037037037035,0.02,0.9961240310077519
MLP_multi_trunk_no_coords,random,False,26,2,0.1,"(8,)",0.001,824,58,0.2044494807878871,0.8222967497974251,0.34895376881683066,0.05531791951166345,0.06557377049180328,0.034482758620689655,0.9986945169712794
MLP_multi_trunk_no_coords,random,False,26,3,0.1,"(8,)",0.001,824,55,0.20055688969933175,0.8247074122236672,0.29451150302888846,0.05353853834386737,0.06557377049180328,0.03636363636363636,0.9947984395318595
MLP_multi_trunk_no_coords,random,False,26,4,0.1,"(8,)",0.001,816,48,0.16783507475539258,0.8703070746527778,0.31026111449390975,0.046738981276136744,0.0,0.0,0.9973958333333334
MLP_multi_trunk_no_coords,random,False,26,5,0.1,"(8,)",0.001,816,40,0.16170474506705199,0.8245489690721649,0.2269629935308467,0.042378371629296814,0.08888888888888889,0.05,0.9961340206185567
MLP_multi_trunk_no_coords,random,False,27,1,0.1,"(16,)",0.01,824,50,0.14180150144251602,0.919095607235142,0.5391425334880442,0.04009879404207606,0.4057971014492754,0.28,0.9935400516795866
MLP_multi_trunk_no_coords,random,False,27,2,0.1,"(16,)",0.01,824,58,0.17448941598633783,0.8916224002881066,0.4317628466576021,0.05015430692063229,0.345679012345679,0.2413793103448276,0.9882506527415144
MLP_multi_trunk_no_coords,random,False,27,3,0.1,"(16,)",0.01,824,55,0.1882210395259086,0.8531032036883792,0.39902809181979515,0.049916753991185246,0.20588235294117646,0.12727272727272726,0.9921976592977894
MLP_multi_trunk_no_coords,random,False,27,4,0.1,"(16,)",0.01,816,48,0.1529851493979727,0.9035915798611112,0.36636959297149185,0.044695073554769545,0.25,0.16666666666666666,0.9895833333333334
MLP_multi_trunk_no_coords,random,False,27,5,0.1,"(16,)",0.01,816,40,0.14838437002329066,0.8705863402061855,0.3131393003289112,0.040256098974530266,0.32786885245901637,0.25,0.9858247422680413
MLP_multi_trunk_no_coords,random,False,28,1,0.1,"(16,)",0.001,824,50,0.1477197451635341,0.9297157622739018,0.44109921302647004,0.0427500462156159,0.07407407407407407,0.04,0.9974160206718347
MLP_multi_trunk_no_coords,random,False,28,2,0.1,"(16,)",0.001,824,58,0.19356853836658514,0.8448726028630593,0.39663307975698325,0.053180845483152585,0.03333333333333333,0.017241379310344827,0.9986945169712794
MLP_multi_trunk_no_coords,random,False,28,3,0.1,"(16,)",0.001,824,55,0.19837592178580285,0.8327461874926113,0.29749415945602375,0.05298554751482612,0.0,0.0,1.0
MLP_multi_trunk_no_coords,random,False,28,4,0.1,"(16,)",0.001,816,48,0.170572786658345,0.859646267361111,0.3115803051176448,0.0471484106930923,0.04,0.020833333333333332,0.9986979166666666
MLP_multi_trunk_no_coords,random,False,28,5,0.1,"(16,)",0.001,816,40,0.16062542974879707,0.8226481958762887,0.2321229411022454,0.041896260856833234,0.0,0.0,0.9987113402061856
MLP_multi_trunk_no_coords,random,False,29,1,0.1,"(32,)",0.01,824,50,0.14561855747625418,0.9144186046511628,0.4584190886650739,0.04212169456648294,0.2222222222222222,0.14,0.9922480620155039
MLP_multi_trunk_no_coords,random,False,29,2,0.1,"(32,)",0.01,824,58,0.17974865924814595,0.8950886828126406,0.3661388142854812,0.05446921342974691,0.24390243902439024,0.1724137931034483,0.9817232375979112
MLP_multi_trunk_no_coords,random,False,29,3,0.1,"(32,)",0.01,824,55,0.18604303403187758,0.8581629034164794,0.37819716956358906,0.05007001526266762,0.3157894736842105,0.21818181818181817,0.988296488946684
MLP_multi_trunk_no_coords,random,False,29,4,0.1,"(32,)",0.01,816,48,0.16118431508620523,0.8924153645833333,0.3113237242469654,0.04824272047012719,0.24390243902439024,0.20833333333333334,0.96875
MLP_multi_trunk_no_coords,random,False,29,5,0.1,"(32,)",0.01,816,40,0.14887567015389205,0.8903672680412371,0.31271145799686567,0.041682549080167566,0.3188405797101449,0.275,0.9768041237113402
MLP_multi_trunk_no_coords,random,False,30,1,0.1,"(32,)",0.001,824,50,0.14410764431763087,0.9314470284237726,0.4377279501264417,0.042619024612741634,0.1694915254237288,0.1,0.9948320413436692
MLP_multi_trunk_no_coords,random,False,30,2,0.1,"(32,)",0.001,824,58,0.1829868167252324,0.8782074367515982,0.3769491308836522,0.05269361713488278,0.14084507042253522,0.08620689655172414,0.9895561357702349
MLP_multi_trunk_no_coords,random,False,30,3,0.1,"(32,)",0.001,824,55,0.190822054518717,0.8383496867241991,0.3856309099814386,0.05049314012940615,0.1016949152542373,0.05454545454545454,0.9986996098829649
MLP_multi_trunk_no_coords,random,False,30,4,0.1,"(32,)",0.001,816,48,0.16277170470461302,0.8768988715277778,0.3132190001349405,0.04618274698051058,0.1694915254237288,0.10416666666666667,0.9921875
MLP_multi_trunk_no_coords,random,False,30,5,0.1,"(32,)",0.001,816,40,0.1541640880206383,0.848743556701031,0.27474741191095425,0.04102786029207495,0.043478260869565216,0.025,0.9935567010309279
MLP_multi_trunk_no_coords,random,False,31,1,0.1,"(16, 8)",0.01,824,50,0.15155649308543856,0.8970025839793282,0.48595379932822835,0.041725142085666224,0.38235294117647056,0.26,0.9935400516795866
MLP_multi_trunk_no_coords,random,False,31,2,0.1,"(16, 8)",0.01,824,58,0.1831026252152753,0.8814036193391555,0.39232785550272115,0.05328294085804584,0.32098765432098764,0.22413793103448276,0.9869451697127938
MLP_multi_trunk_no_coords,random,False,31,3,0.1,"(16, 8)",0.01,824,55,0.19624251071735932,0.8536233597351933,0.3785234106228031,0.04952441731706263,0.2318840579710145,0.14545454545454545,0.9921976592977894
MLP_multi_trunk_no_coords,random,False,31,4,0.1,"(16, 8)",0.01,816,48,0.16572142625818556,0.8751085069444444,0.32078905655651097,0.04715700798093488,0.2318840579710145,0.16666666666666666,0.9830729166666666
MLP_multi_trunk_no_coords,random,False,31,5,0.1,"(16, 8)",0.01,816,40,0.1792256105682398,0.8245489690721649,0.23101126686948084,0.04508529405206214,0.16666666666666666,0.125,0.9806701030927835
MLP_multi_trunk_no_coords,random,False,32,1,0.1,"(16, 8)",0.001,824,50,0.14741479065521007,0.9300516795865633,0.5032575667986039,0.04282326496206646,0.07547169811320754,0.04,0.9987080103359173
MLP_multi_trunk_no_coords,random,False,32,2,0.1,"(16, 8)",0.001,824,58,0.1896965199111131,0.855699108670208,0.40643826652886794,0.05258632460368269,0.0967741935483871,0.05172413793103448,0.9986945169712794
MLP_multi_trunk_no_coords,random,False,32,3,0.1,"(16, 8)",0.001,824,55,0.1971606667620711,0.8441896205225203,0.32581905338229,0.0519006909048457,0.03508771929824561,0.01818181818181818,0.9986996098829649
MLP_multi_trunk_no_coords,random,False,32,4,0.1,"(16, 8)",0.001,816,48,0.16284646801068545,0.8774685329861112,0.35582546235781953,0.04570115054087459,0.0,0.0,0.9973958333333334
MLP_multi_trunk_no_coords,random,False,32,5,0.1,"(16, 8)",0.001,816,40,0.1618947351398004,0.8193298969072165,0.22988068109269988,0.04225332686386003,0.044444444444444446,0.025,0.9948453608247423
MLP_multi_trunk_no_coords,random,False,33,1,0.3,"(8,)",0.01,824,50,0.14616870251897632,0.9320930232558139,0.47749594510803717,0.042455270873899956,0.07407407407407407,0.04,0.9974160206718347
MLP_multi_trunk_no_coords,random,False,33,2,0.3,"(8,)",0.01,824,58,0.18445392389817045,0.8687539389574143,0.3976793755038676,0.05257477878666343,0.19718309859154928,0.1206896551724138,0.9921671018276762
MLP_multi_trunk_no_coords,random,False,33,3,0.3,"(8,)",0.01,824,55,0.18777753904651945,0.8426055089254049,0.3105872169758174,0.0518323510475522,0.08823529411764706,0.05454545454545454,0.9869960988296489
MLP_multi_trunk_no_coords,random,False,33,4,0.3,"(8,)",0.01,816,48,0.15989044281189782,0.8875325520833334,0.3131072417864458,0.04599090991381649,0.10526315789473684,0.0625,0.9921875
MLP_multi_trunk_no_coords,random,False,33,5,0.3,"(8,)",0.01,816,40,0.1465812250808618,0.8683634020618558,0.3099787947479229,0.039704776370870554,0.16,0.1,0.9922680412371134
MLP_multi_trunk_no_coords,random,False,34,1,0.3,"(8,)",0.001,824,50,0.157146902305722,0.9172093023255814,0.42821395606792206,0.04394555417427472,0.03773584905660377,0.02,0.9974160206718347
MLP_multi_trunk_no_coords,random,False,34,2,0.3,"(8,)",0.001,824,58,0.20407330283641004,0.8213288916899253,0.3276707491516908,0.055576846954667816,0.0,0.0,0.9986945169712794
MLP_multi_trunk_no_coords,random,False,34,3,0.3,"(8,)",0.001,824,55,0.19962418846080948,0.8223430665563305,0.2863019823689027,0.0537787402598282,0.03389830508474576,0.01818181818181818,0.9960988296488946
MLP_multi_trunk_no_coords,random,False,34,4,0.3,"(8,)",0.001,816,48,0.16946644736515742,0.8681640625,0.31161928985076515,0.04690235239987176,0.0,0.0,0.9986979166666666
MLP_multi_trunk_no_coords,random,False,34,5,0.3,"(8,)",0.001,816,40,0.1622443275931595,0.8247422680412371,0.2267252874620178,0.04245072923915224,0.09090909090909091,0.05,0.9974226804123711
MLP_multi_trunk_no_coords,random,False,35,1,0.3,"(16,)",0.01,824,50,0.14457019534046775,0.9286304909560725,0.5096316126031551,0.041006708242530256,0.29508196721311475,0.18,0.9974160206718347
MLP_multi_trunk_no_coords,random,False,35,2,0.3,"(16,)",0.01,824,58,0.1791434211044036,0.8763167371927614,0.4096520667517826,0.05074571150502987,0.2972972972972973,0.1896551724137931,0.9934725848563969
MLP_multi_trunk_no_coords,random,False,35,3,0.3,"(16,)",0.01,824,55,0.18831171923348378,0.8416124837451235,0.3852619717987269,0.051238851494675504,0.0,0.0,1.0
MLP_multi_trunk_no_coords,random,False,35,4,0.3,"(16,)",0.01,816,48,0.1538189799840551,0.8996853298611112,0.3639653378157186,0.04414316851014917,0.07692307692307693,0.041666666666666664,0.9973958333333334
MLP_multi_trunk_no_coords,random,False,35,5,0.3,"(16,)",0.01,816,40,0.1499531492914561,0.8681701030927835,0.29668697237282954,0.04095589221665877,0.14814814814814814,0.1,0.9871134020618557
MLP_multi_trunk_no_coords,random,False,36,1,0.3,"(16,)",0.001,824,50,0.15162448423386682,0.9280878552971576,0.43891149849283606,0.043286399649110456,0.0,0.0,0.9987080103359173
MLP_multi_trunk_no_coords,random,False,36,2,0.3,"(16,)",0.001,824,58,0.19346368784575757,0.843927253083641,0.38955261677070846,0.05339903888363586,0.03389830508474576,0.017241379310344827,1.0
MLP_multi_trunk_no_coords,random,False,36,3,0.3,"(16,)",0.001,824,55,0.19589527104086202,0.8340938645229932,0.2945472914221021,0.05319651064544843,0.0,0.0,1.0
MLP_multi_trunk_no_coords,random,False,36,4,0.3,"(16,)",0.001,816,48,0.1707272623299212,0.8605685763888888,0.31630494312618823,0.047041292228744966,0.0,0.0,0.9986979166666666
MLP_multi_trunk_no_coords,random,False,36,5,0.3,"(16,)",0.001,816,40,0.16024411541792108,0.8249355670103092,0.23092252272102712,0.04191684609061275,0.0,0.0,1.0
MLP_multi_trunk_no_coords,random,False,37,1,0.3,"(32,)",0.01,824,50,0.14519412090564546,0.9267958656330749,0.530419038930652,0.04189279972340688,0.0392156862745098,0.02,1.0
MLP_multi_trunk_no_coords,random,False,37,2,0.3,"(32,)",0.01,824,58,0.17682020605936985,0.8817862609165392,0.4214576092713268,0.05048374292449323,0.2571428571428571,0.15517241379310345,0.9960835509138382
MLP_multi_trunk_no_coords,random,False,37,3,0.3,"(32,)",0.01,824,55,0.18370654375172113,0.8474524175434448,0.37988517661369137,0.05011452791810531,0.1791044776119403,0.10909090909090909,0.9921976592977894
MLP_multi_trunk_no_coords,random,False,37,4,0.3,"(32,)",0.01,816,48,0.15462924438703443,0.8931477864583334,0.38999029457296197,0.04410294884112681,0.14285714285714285,0.08333333333333333,0.9947916666666666
MLP_multi_trunk_no_coords,random,False,37,5,0.3,"(32,)",0.01,816,40,0.14660273807201116,0.8614368556701031,0.34604993595015354,0.038685579039922396,0.1276595744680851,0.075,0.9948453608247423
MLP_multi_trunk_no_coords,random,False,38,1,0.3,"(32,)",0.001,824,50,0.14631753801785083,0.9339018087855296,0.4485668039440198,0.04274185102979427,0.1111111111111111,0.06,0.9987080103359173
MLP_multi_trunk_no_coords,random,False,38,2,0.3,"(32,)",0.001,824,58,0.1845458445771941,0.873525704510669,0.38409302947023705,0.05268307845986172,0.06349206349206349,0.034482758620689655,0.9960835509138382
MLP_multi_trunk_no_coords,random,False,38,3,0.3,"(32,)",0.001,824,55,0.18902899574316037,0.8354415415533751,0.3691735147388166,0.051020584164549014,0.03508771929824561,0.01818181818181818,0.9986996098829649
MLP_multi_trunk_no_coords,random,False,38,4,0.3,"(32,)",0.001,816,48,0.1639941504920509,0.8728298611111112,0.3237268599985562,0.04615042693918915,0.03773584905660377,0.020833333333333332,0.9947916666666666
MLP_multi_trunk_no_coords,random,False,38,5,0.3,"(32,)",0.001,816,40,0.15359668203361063,0.8503865979381443,0.2726517675475558,0.04113520344819931,0.044444444444444446,0.025,0.9948453608247423
MLP_multi_trunk_no_coords,random,False,39,1,0.3,"(16, 8)",0.01,824,50,0.14951186547718345,0.9121705426356589,0.4977563268482578,0.04221350030866021,0.21052631578947367,0.12,0.9987080103359173
MLP_multi_trunk_no_coords,random,False,39,2,0.3,"(16, 8)",0.01,824,58,0.18314841850531036,0.8755064373818313,0.3904904537669318,0.05251622811742941,0.25,0.15517241379310345,0.9934725848563969
MLP_multi_trunk_no_coords,random,False,39,3,0.3,"(16, 8)",0.01,824,55,0.18964066390405934,0.8451826457028017,0.34430318109331975,0.05106291584088527,0.2077922077922078,0.14545454545454545,0.9817945383615084
MLP_multi_trunk_no_coords,random,False,39,4,0.3,"(16, 8)",0.01,816,48,0.1593747108386402,0.8829752604166666,0.3871982826672262,0.04441060386170845,0.17857142857142858,0.10416666666666667,0.99609375
MLP_multi_trunk_no_coords,random,False,39,5,0.3,"(16, 8)",0.01,816,40,0.14601313776103136,0.8728092783505155,0.31845905129814006,0.0400784967926155,0.18518518518518517,0.125,0.9884020618556701
MLP_multi_trunk_no_coords,random,False,40,1,0.3,"(16, 8)",0.001,824,50,0.15257678583846307,0.9256330749354005,0.4706233086988731,0.044071046555141755,0.0,0.0,1.0
MLP_multi_trunk_no_coords,random,False,40,2,0.3,"(16, 8)",0.001,824,58,0.19132571000509027,0.8521653011614297,0.39961304983584545,0.0531397098283047,0.06666666666666667,0.034482758620689655,1.0
MLP_multi_trunk_no_coords,random,False,40,3,0.3,"(16, 8)",0.001,824,55,0.19688694174643567,0.8352996808133348,0.31749207466946977,0.052192541894392985,0.0,0.0,0.9986996098829649
MLP_multi_trunk_no_coords,random,False,40,4,0.3,"(16, 8)",0.001,816,48,0.16153567901447577,0.8839789496527778,0.38000532231391515,0.04534968193757129,0.0,0.0,0.9986979166666666
MLP_multi_trunk_no_coords,random,False,40,5,0.3,"(16, 8)",0.001,816,40,0.16080155705151428,0.8212628865979381,0.23644461953815288,0.041995548198553015,0.046511627906976744,0.025,0.9974226804123711
MLP_multi_trunk_no_coords,random,False,41,1,1.0,"(8,)",0.01,824,50,0.15809950514056514,0.9258656330749354,0.39361779506067074,0.04484960161843435,0.0,0.0,0.9987080103359173
MLP_multi_trunk_no_coords,random,False,41,2,1.0,"(8,)",0.01,824,58,0.20173011953067535,0.82189159989196,0.2981259912600416,0.05591344153927053,0.0,0.0,1.0
MLP_multi_trunk_no_coords,random,False,41,3,1.0,"(8,)",0.01,824,55,0.20086711632873078,0.8056980730582811,0.28690400892119733,0.05452768093457526,0.0,0.0,0.9986996098829649
MLP_multi_trunk_no_coords,random,False,41,4,1.0,"(8,)",0.01,816,48,0.16765469508336028,0.8720703125,0.33598851532881624,0.04643024413360972,0.0,0.0,1.0
MLP_multi_trunk_no_coords,random,False,41,5,1.0,"(8,)",0.01,816,40,0.15857298451756827,0.8364046391752576,0.24002916674351138,0.04162335590002231,0.0,0.0,0.9987113402061856
MLP_multi_trunk_no_coords,random,False,42,1,1.0,"(8,)",0.001,824,50,0.1663174146669863,0.9173643410852713,0.4152386835741988,0.04556344921990293,0.0,0.0,1.0
MLP_multi_trunk_no_coords,random,False,42,2,1.0,"(8,)",0.001,824,58,0.20722619916963225,0.8149140181867291,0.2969752581693673,0.05679425123511759,0.0,0.0,1.0
MLP_multi_trunk_no_coords,random,False,42,3,1.0,"(8,)",0.001,824,55,0.2030287861785465,0.8055089254048942,0.2567140985379473,0.05504133972673869,0.0,0.0,1.0
MLP_multi_trunk_no_coords,random,False,42,4,1.0,"(8,)",0.001,816,48,0.17630751890090227,0.8572591145833334,0.2960129757454462,0.04781339390091936,0.0,0.0,1.0
MLP_multi_trunk_no_coords,random,False,42,5,1.0,"(8,)",0.001,816,40,0.1672997231870467,0.8183634020618558,0.19948864249289902,0.04331683596893046,0.0,0.0,1.0
MLP_multi_trunk_no_coords,random,False,43,1,1.0,"(16,)",0.01,824,50,0.15648393288461734,0.9302583979328165,0.41084371768698125,0.044125415455966356,0.0,0.0,1.0
MLP_multi_trunk_no_coords,random,False,43,2,1.0,"(16,)",0.01,824,58,0.19648099761203758,0.843994778067885,0.32258337854194336,0.055141948145778906,0.0,0.0,1.0
MLP_multi_trunk_no_coords,random,False,43,3,1.0,"(16,)",0.01,824,55,0.1990152056611784,0.8089372266225321,0.28378955385013016,0.0541002822692596,0.0,0.0,1.0
MLP_multi_trunk_no_coords,random,False,43,4,1.0,"(16,)",0.01,816,48,0.17106410027495805,0.8630913628472222,0.31279766891401567,0.0467891943775894,0.0,0.0,1.0
MLP_multi_trunk_no_coords,random,False,43,5,1.0,"(16,)",0.01,816,40,0.1625351643051301,0.8379832474226805,0.207282623480946,0.043369013344598216,0.045454545454545456,0.025,0.9961340206185567
MLP_multi_trunk_no_coords,random,False,44,1,1.0,"(16,)",0.001,824,50,0.16340663570361627,0.9245994832041343,0.40048694736963053,0.04535932041314493,0.0,0.0,1.0
MLP_multi_trunk_no_coords,random,False,44,2,1.0,"(16,)",0.001,824,58,0.1993822993834351,0.8348563968668405,0.32848533748474196,0.055208733063388124,0.0,0.0,1.0
MLP_multi_trunk_no_coords,random,False,44,3,1.0,"(16,)",0.001,824,55,0.19907010874414496,0.8225322142097173,0.26825745020648006,0.05429851571091087,0.0,0.0,1.0
MLP_multi_trunk_no_coords,random,False,44,4,1.0,"(16,)",0.001,816,48,0.17392038463925177,0.8614366319444445,0.3287018583563313,0.047128266042195485,0.0,0.0,1.0
MLP_multi_trunk_no_coords,random,False,44,5,1.0,"(16,)",0.001,816,40,0.1632432000708874,0.8263530927835051,0.22616274299904976,0.042457729483386136,0.0,0.0,1.0
MLP_multi_trunk_no_coords,random,False,45,1,1.0,"(32,)",0.01,824,50,0.16283795080064892,0.9196124031007752,0.3717123426367102,0.0457865257308605,0.0,0.0,1.0
MLP_multi_trunk_no_coords,random,False,45,2,1.0,"(32,)",0.01,824,58,0.19926935360027512,0.8310975060772486,0.29549905774030794,0.05587592178996381,0.03278688524590164,0.017241379310344827,0.9973890339425587
MLP_multi_trunk_no_coords,random,False,45,3,1.0,"(32,)",0.01,824,55,0.1961721377485358,0.815131812270954,0.29385466330818205,0.05369679553650358,0.0,0.0,1.0
MLP_multi_trunk_no_coords,random,False,45,4,1.0,"(32,)",0.01,816,48,0.17154564710739792,0.8674858940972222,0.2966355564332163,0.04711438571518025,0.0,0.0,1.0
MLP_multi_trunk_no_coords,random,False,45,5,1.0,"(32,)",0.01,816,40,0.159837371976588,0.8305734536082474,0.23769479616739905,0.04168894644807791,0.0,0.0,0.9987113402061856
MLP_multi_trunk_no_coords,random,False,46,1,1.0,"(32,)",0.001,824,50,0.15888707114017916,0.9271317829457365,0.4171457539954314,0.04484878235182858,0.0,0.0,1.0
MLP_multi_trunk_no_coords,random,False,46,2,1.0,"(32,)",0.001,824,58,0.19715371983496524,0.8419465202124785,0.3378369151515507,0.05508104946120786,0.0,0.0,1.0
MLP_multi_trunk_no_coords,random,False,46,3,1.0,"(32,)",0.001,824,55,0.19741967942638017,0.8105922685896678,0.28103138123550986,0.053671815142962626,0.0,0.0,1.0
MLP_multi_trunk_no_coords,random,False,46,4,1.0,"(32,)",0.001,816,48,0.17073671193213436,0.8612738715277778,0.30092203522852146,0.046963679641346935,0.0,0.0,1.0
MLP_multi_trunk_no_coords,random,False,46,5,1.0,"(32,)",0.001,816,40,0.15977679180882617,0.8384020618556701,0.23700482164237066,0.04214799074985873,0.04878048780487805,0.025,1.0
MLP_multi_trunk_no_coords,random,False,47,1,1.0,"(16, 8)",0.01,824,50,0.16842760163325976,0.9092764857881137,0.34160780139935953,0.04761281214406988,0.0,0.0,1.0
MLP_multi_trunk_no_coords,random,False,47,2,1.0,"(16, 8)",0.01,824,58,0.20089510626987023,0.8312775727018997,0.31936783232354504,0.05576226083124361,0.0,0.0,1.0
MLP_multi_trunk_no_coords,random,False,47,3,1.0,"(16, 8)",0.01,824,55,0.20353982879790625,0.8004019387634471,0.27601770819452626,0.054373591935116046,0.0,0.0,1.0
MLP_multi_trunk_no_coords,random,False,47,4,1.0,"(16, 8)",0.01,816,48,0.17146773707325372,0.8611111111111112,0.3953364327794411,0.047111076744141625,0.0,0.0,1.0
MLP_multi_trunk_no_coords,random,False,47,5,1.0,"(16, 8)",0.01,816,40,0.16218121533458604,0.8215850515463918,0.21428271026242549,0.0425438353436106,0.0,0.0,1.0
MLP_multi_trunk_no_coords,random,False,48,1,1.0,"(16, 8)",0.001,824,50,0.16922510181218473,0.9120155038759689,0.34960791671652053,0.04762314079342439,0.0,0.0,1.0
MLP_multi_trunk_no_coords,random,False,48,2,1.0,"(16, 8)",0.001,824,58,0.20162963837226788,0.8303772395786441,0.3398466105760071,0.055834577721446094,0.0,0.0,1.0
MLP_multi_trunk_no_coords,random,False,48,3,1.0,"(16, 8)",0.001,824,55,0.203339287835885,0.8052015604681404,0.2720094729037398,0.05460324595172195,0.0,0.0,1.0
MLP_multi_trunk_no_coords,random,False,48,4,1.0,"(16, 8)",0.001,816,48,0.1717842074016698,0.8645833333333334,0.3551985855776689,0.047237547159083425,0.0,0.0,1.0
MLP_multi_trunk_no_coords,random,False,48,5,1.0,"(16, 8)",0.001,816,40,0.16446648053707083,0.8155927835051546,0.20843869919941233,0.04272496693561456,0.0,0.0,1.0
