model,split_type,use_coords,species,candidate,fold,model__classifier__C,model__classifier__class_weight,model__splines__n_knots,n,positives,log_loss,auc,average_precision,brier,f1,sensitivity,specificity
GAM_single_no_coords,random,False,Cacophis kreftii,1,1,0.1,,4,103,3,0.12146536188545438,0.9,0.22685185185185186,0.027587891981076383,0.0,0.0,1.0
GAM_single_no_coords,random,False,Cacophis kreftii,1,2,0.1,,4,103,3,0.11927022492240438,0.9133333333333333,0.18095238095238098,0.027393284351913377,0.0,0.0,1.0
GAM_single_no_coords,random,False,Cacophis kreftii,1,3,0.1,,4,102,3,0.13390950048824102,0.5488215488215489,0.051628032137777266,0.02867715318705181,0.0,0.0,1.0
GAM_single_no_coords,random,False,Cacophis kreftii,1,4,0.1,,4,103,4,0.15071960649938854,0.9141414141414141,0.22095959595959594,0.036427714341481704,0.0,0.0,1.0
GAM_single_no_coords,random,False,Cacophis kreftii,1,5,0.1,,4,102,3,0.1209180291670828,0.9326599326599327,0.2343304843304843,0.027733437032250976,0.0,0.0,1.0
GAM_single_no_coords,random,False,Cacophis kreftii,2,1,0.1,,6,103,3,0.11932501110200243,0.9133333333333333,0.48444444444444446,0.027398296031446275,0.0,0.0,1.0
GAM_single_no_coords,random,False,Cacophis kreftii,2,2,0.1,,6,103,3,0.1176858270987559,0.9166666666666667,0.19365079365079363,0.02725570276290012,0.0,0.0,1.0
GAM_single_no_coords,random,False,Cacophis kreftii,2,3,0.1,,6,102,3,0.13540189256934454,0.4983164983164983,0.044672470978441126,0.028803212379681822,0.0,0.0,1.0
GAM_single_no_coords,random,False,Cacophis kreftii,2,4,0.1,,6,103,4,0.15087821568412815,0.8888888888888888,0.17648809523809525,0.03645286671988804,0.0,0.0,1.0
GAM_single_no_coords,random,False,Cacophis kreftii,2,5,0.1,,6,102,3,0.11901829908647123,0.9562289562289562,0.31746031746031744,0.027580483050992543,0.0,0.0,1.0
GAM_single_no_coords,random,False,Cacophis kreftii,3,1,0.1,,8,103,3,0.11919139582435043,0.9266666666666667,0.5121212121212121,0.027383221272182633,0.0,0.0,1.0
GAM_single_no_coords,random,False,Cacophis kreftii,3,2,0.1,,8,103,3,0.11853445888495132,0.9166666666666667,0.19365079365079363,0.02733370803518484,0.0,0.0,1.0
GAM_single_no_coords,random,False,Cacophis kreftii,3,3,0.1,,8,102,3,0.13575677198335848,0.4814814814814815,0.043828502415458936,0.028825378646480115,0.0,0.0,1.0
GAM_single_no_coords,random,False,Cacophis kreftii,3,4,0.1,,8,103,4,0.15270078397121492,0.8762626262626263,0.16144823313940962,0.036601052787872075,0.0,0.0,1.0
GAM_single_no_coords,random,False,Cacophis kreftii,3,5,0.1,,8,102,3,0.11924402790232477,0.9595959595959596,0.3206349206349206,0.027601835834846693,0.0,0.0,1.0
GAM_single_no_coords,random,False,Cacophis kreftii,4,1,0.1,balanced,4,103,3,0.3737347384334152,0.92,0.4642857142857143,0.10610660094474121,0.23529411764705882,0.6666666666666666,0.88
GAM_single_no_coords,random,False,Cacophis kreftii,4,2,0.1,balanced,4,103,3,0.4923719540546522,0.9133333333333333,0.18888888888888888,0.1570004526424346,0.25,1.0,0.82
GAM_single_no_coords,random,False,Cacophis kreftii,4,3,0.1,balanced,4,102,3,0.4788427769578168,0.5757575757575757,0.05338723776223776,0.1550428494875615,0.07407407407407407,0.3333333333333333,0.7676767676767676
GAM_single_no_coords,random,False,Cacophis kreftii,4,4,0.1,balanced,4,103,4,0.4915994375142116,0.9015151515151515,0.19930555555555557,0.15764612022666288,0.2857142857142857,1.0,0.797979797979798
GAM_single_no_coords,random,False,Cacophis kreftii,4,5,0.1,balanced,4,102,3,0.4530891391869376,0.936026936026936,0.22962962962962963,0.14008056101845465,0.2857142857142857,1.0,0.8484848484848485
GAM_single_no_coords,random,False,Cacophis kreftii,5,1,0.1,balanced,6,103,3,0.3561108026228423,0.9299999999999999,0.48120300751879697,0.0999647749363202,0.23529411764705882,0.6666666666666666,0.88
GAM_single_no_coords,random,False,Cacophis kreftii,5,2,0.1,balanced,6,103,3,0.4692742286137423,0.9400000000000001,0.4772727272727273,0.14787169953925566,0.2608695652173913,1.0,0.83
GAM_single_no_coords,random,False,Cacophis kreftii,5,3,0.1,balanced,6,102,3,0.4437518571242954,0.5387205387205387,0.051062741012847926,0.13898476780021704,0.1111111111111111,0.3333333333333333,0.8585858585858586
GAM_single_no_coords,random,False,Cacophis kreftii,5,4,0.1,balanced,6,103,4,0.47882125259461844,0.8762626262626263,0.16602564102564105,0.15364057939453282,0.2857142857142857,1.0,0.797979797979798
GAM_single_no_coords,random,False,Cacophis kreftii,5,5,0.1,balanced,6,102,3,0.4275959880730692,0.9595959595959596,0.3206349206349206,0.1304666146924051,0.3,1.0,0.8585858585858586
GAM_single_no_coords,random,False,Cacophis kreftii,6,1,0.1,balanced,8,103,3,0.3499373845538293,0.9333333333333333,0.49707602339181284,0.09758942186789286,0.2857142857142857,0.6666666666666666,0.91
GAM_single_no_coords,random,False,Cacophis kreftii,6,2,0.1,balanced,8,103,3,0.453659029103764,0.93,0.2987012987012987,0.1418951765096048,0.25,1.0,0.82
GAM_single_no_coords,random,False,Cacophis kreftii,6,3,0.1,balanced,8,102,3,0.4357516952589337,0.5420875420875421,0.051225820962663066,0.1350049522347969,0.11764705882352941,0.3333333333333333,0.8686868686868687
GAM_single_no_coords,random,False,Cacophis kreftii,6,4,0.1,balanced,8,103,4,0.46979274992524467,0.8611111111111112,0.1523008241758242,0.14984507883807274,0.21428571428571427,0.75,0.7878787878787878
GAM_single_no_coords,random,False,Cacophis kreftii,6,5,0.1,balanced,8,102,3,0.4109282568074612,0.9629629629629629,0.33730158730158727,0.12366391555443446,0.3,1.0,0.8585858585858586
GAM_single_no_coords,random,False,Cacophis kreftii,7,1,0.5,,4,103,3,0.1077338372058495,0.92,0.30952380952380953,0.02643637761819856,0.0,0.0,1.0
GAM_single_no_coords,random,False,Cacophis kreftii,7,2,0.5,,4,103,3,0.10333624028594192,0.9166666666666667,0.18571428571428572,0.026053985955147952,0.0,0.0,1.0
GAM_single_no_coords,random,False,Cacophis kreftii,7,3,0.5,,4,102,3,0.14090193258350212,0.5723905723905723,0.051539655313240215,0.02977712563501304,0.0,0.0,1.0
GAM_single_no_coords,random,False,Cacophis kreftii,7,4,0.5,,4,103,4,0.1317700939509096,0.904040404040404,0.20376984126984127,0.03480888816982039,0.0,0.0,1.0
GAM_single_no_coords,random,False,Cacophis kreftii,7,5,0.5,,4,102,3,0.1051991488918538,0.9292929292929293,0.21296296296296297,0.026500413108234495,0.0,0.0,1.0
GAM_single_no_coords,random,False,Cacophis kreftii,8,1,0.5,,6,103,3,0.1037024518307139,0.9266666666666667,0.49206349206349204,0.02588842511376397,0.0,0.0,1.0
GAM_single_no_coords,random,False,Cacophis kreftii,8,2,0.5,,6,103,3,0.10206367707613924,0.9266666666666667,0.21060606060606063,0.025949437147266934,0.0,0.0,1.0
GAM_single_no_coords,random,False,Cacophis kreftii,8,3,0.5,,6,102,3,0.14522368099083063,0.5420875420875421,0.053236348302761964,0.030464650903021806,0.0,0.0,1.0
GAM_single_no_coords,random,False,Cacophis kreftii,8,4,0.5,,6,103,4,0.13680475661265995,0.8712121212121212,0.15606060606060607,0.035614671422533044,0.0,0.0,1.0
GAM_single_no_coords,random,False,Cacophis kreftii,8,5,0.5,,6,102,3,0.10263587172531785,0.9595959595959596,0.3206349206349206,0.02625205961346064,0.0,0.0,1.0
GAM_single_no_coords,random,False,Cacophis kreftii,9,1,0.5,,8,103,3,0.10330799979862065,0.93,0.5142857142857142,0.025849996296581884,0.0,0.0,1.0
GAM_single_no_coords,random,False,Cacophis kreftii,9,2,0.5,,8,103,3,0.10472211751592068,0.9233333333333333,0.2041958041958042,0.02638374306550365,0.0,0.0,1.0
GAM_single_no_coords,random,False,Cacophis kreftii,9,3,0.5,,8,102,3,0.14532315774455468,0.5454545454545454,0.0533625730994152,0.030615062753211846,0.0,0.0,1.0
GAM_single_no_coords,random,False,Cacophis kreftii,9,4,0.5,,8,103,4,0.14207063990388794,0.8535353535353535,0.13999999999999999,0.0363479559384891,0.0,0.0,1.0
GAM_single_no_coords,random,False,Cacophis kreftii,9,5,0.5,,8,102,3,0.10268258862879492,0.9528619528619529,0.2869047619047619,0.026236188143578545,0.0,0.0,1.0
GAM_single_no_coords,random,False,Cacophis kreftii,10,1,0.5,balanced,4,103,3,0.26319847341299435,0.92,0.474025974025974,0.07578329407764364,0.26666666666666666,0.6666666666666666,0.9
GAM_single_no_coords,random,False,Cacophis kreftii,10,2,0.5,balanced,4,103,3,0.4252388468739329,0.9266666666666666,0.45555555555555555,0.13436186408428485,0.2857142857142857,1.0,0.85
GAM_single_no_coords,random,False,Cacophis kreftii,10,3,0.5,balanced,4,102,3,0.44036830838667335,0.6363636363636364,0.05682079595123073,0.1421723538657027,0.09090909090909091,0.3333333333333333,0.8181818181818182
GAM_single_no_coords,random,False,Cacophis kreftii,10,4,0.5,balanced,4,103,4,0.439569386149968,0.8838383838383839,0.1773989898989899,0.1412750956573567,0.23076923076923078,0.75,0.8080808080808081
GAM_single_no_coords,random,False,Cacophis kreftii,10,5,0.5,balanced,4,102,3,0.3685587276195385,0.9292929292929293,0.21574074074074073,0.11267955366842979,0.3,1.0,0.8585858585858586
GAM_single_no_coords,random,False,Cacophis kreftii,11,1,0.5,balanced,6,103,3,0.24730411078964162,0.9266666666666666,0.47857142857142854,0.07178009564545645,0.26666666666666666,0.6666666666666666,0.9
GAM_single_no_coords,random,False,Cacophis kreftii,11,2,0.5,balanced,6,103,3,0.40369062931183003,0.9233333333333333,0.45138888888888884,0.1266842686746423,0.2857142857142857,1.0,0.85
GAM_single_no_coords,random,False,Cacophis kreftii,11,3,0.5,balanced,6,102,3,0.4227618392571813,0.5892255892255892,0.05852644087938205,0.13044136452140698,0.11764705882352941,0.3333333333333333,0.8686868686868687
GAM_single_no_coords,random,False,Cacophis kreftii,11,4,0.5,balanced,6,103,4,0.4367193072833189,0.8560606060606061,0.14682539682539683,0.14095221306521577,0.2222222222222222,0.75,0.797979797979798
GAM_single_no_coords,random,False,Cacophis kreftii,11,5,0.5,balanced,6,102,3,0.33232080796637203,0.9629629629629629,0.3472222222222222,0.10107924070331138,0.3157894736842105,1.0,0.8686868686868687
GAM_single_no_coords,random,False,Cacophis kreftii,12,1,0.5,balanced,8,103,3,0.2305712532000838,0.9333333333333333,0.4841269841269841,0.06561076092303876,0.3076923076923077,0.6666666666666666,0.92
GAM_single_no_coords,random,False,Cacophis kreftii,12,2,0.5,balanced,8,103,3,0.3690084489564659,0.9066666666666666,0.2699346405228758,0.11598653390191509,0.3,1.0,0.86
GAM_single_no_coords,random,False,Cacophis kreftii,12,3,0.5,balanced,8,102,3,0.42060295917288537,0.6195286195286195,0.06398872445384074,0.1282301109004258,0.10526315789473684,0.3333333333333333,0.8484848484848485
GAM_single_no_coords,random,False,Cacophis kreftii,12,4,0.5,balanced,8,103,4,0.42352513433086436,0.8661616161616161,0.15383928571428573,0.1330800041740724,0.23076923076923078,0.75,0.8080808080808081
GAM_single_no_coords,random,False,Cacophis kreftii,12,5,0.5,balanced,8,102,3,0.301210485331236,0.9663299663299664,0.4027777777777778,0.08894236995007511,0.375,1.0,0.898989898989899
GAM_single_no_coords,random,False,Calyptotis scutirostrum,1,1,0.1,,4,103,7,0.2216842917825211,0.8095238095238095,0.41525368847567784,0.05914490658330015,0.0,0.0,1.0
GAM_single_no_coords,random,False,Calyptotis scutirostrum,1,2,0.1,,4,103,7,0.21496487358024377,0.8556547619047619,0.47016121517099985,0.05788993065436856,0.0,0.0,1.0
GAM_single_no_coords,random,False,Calyptotis scutirostrum,1,3,0.1,,4,102,6,0.19307669539273783,0.8819444444444444,0.5126984126984127,0.050485167098252307,0.0,0.0,1.0
GAM_single_no_coords,random,False,Calyptotis scutirostrum,1,4,0.1,,4,103,7,0.2184216369777479,0.831845238095238,0.3150541297600121,0.05886639283033784,0.0,0.0,1.0
GAM_single_no_coords,random,False,Calyptotis scutirostrum,1,5,0.1,,4,102,7,0.21088934110504695,0.8796992481203008,0.6824789245841878,0.05762823953057142,0.0,0.0,1.0
GAM_single_no_coords,random,False,Calyptotis scutirostrum,2,1,0.1,,6,103,7,0.21636054527557008,0.8467261904761905,0.45783874510582584,0.05822423111991702,0.0,0.0,1.0
GAM_single_no_coords,random,False,Calyptotis scutirostrum,2,2,0.1,,6,103,7,0.21013431843781474,0.8794642857142856,0.4363943583298422,0.05696852059928741,0.0,0.0,1.0
GAM_single_no_coords,random,False,Calyptotis scutirostrum,2,3,0.1,,6,102,6,0.1872824507747407,0.9097222222222223,0.6516522988505746,0.0493709342866277,0.0,0.0,1.0
GAM_single_no_coords,random,False,Calyptotis scutirostrum,2,4,0.1,,6,103,7,0.21231768975096865,0.8630952380952381,0.36548605947102186,0.057817173338552824,0.0,0.0,1.0
GAM_single_no_coords,random,False,Calyptotis scutirostrum,2,5,0.1,,6,102,7,0.20454247096105008,0.881203007518797,0.6601573962918501,0.0561359345899483,0.0,0.0,1.0
GAM_single_no_coords,random,False,Calyptotis scutirostrum,3,1,0.1,,8,103,7,0.21485222531453402,0.8601190476190477,0.460334903192046,0.05802217947426432,0.0,0.0,1.0
GAM_single_no_coords,random,False,Calyptotis scutirostrum,3,2,0.1,,8,103,7,0.20886077287310512,0.8720238095238095,0.436122534120031,0.05667894688964783,0.0,0.0,1.0
GAM_single_no_coords,random,False,Calyptotis scutirostrum,3,3,0.1,,8,102,6,0.18593616131926072,0.9097222222222221,0.6517025089605734,0.048985678640142936,0.0,0.0,1.0
GAM_single_no_coords,random,False,Calyptotis scutirostrum,3,4,0.1,,8,103,7,0.209364524070245,0.8809523809523809,0.3948079231692677,0.05730517585212596,0.0,0.0,1.0
GAM_single_no_coords,random,False,Calyptotis scutirostrum,3,5,0.1,,8,102,7,0.20199486366064964,0.887218045112782,0.6605929237508184,0.055495935554815023,0.0,0.0,1.0
GAM_single_no_coords,random,False,Calyptotis scutirostrum,4,1,0.1,balanced,4,103,7,0.4712669262070165,0.8497023809523809,0.4884057971014492,0.1476488639592928,0.27586206896551724,0.5714285714285714,0.8125
GAM_single_no_coords,random,False,Calyptotis scutirostrum,4,2,0.1,balanced,4,103,7,0.5237992232152839,0.8541666666666666,0.45741908364859185,0.17004440745913707,0.35714285714285715,0.7142857142857143,0.8333333333333334
GAM_single_no_coords,random,False,Calyptotis scutirostrum,4,3,0.1,balanced,4,102,6,0.4825979112846163,0.921875,0.6540479760119939,0.152460362640716,0.2962962962962963,0.6666666666666666,0.8229166666666666
GAM_single_no_coords,random,False,Calyptotis scutirostrum,4,4,0.1,balanced,4,103,7,0.5081104724813783,0.8630952380952381,0.3949272181991076,0.16371767019011813,0.35294117647058826,0.8571428571428571,0.78125
GAM_single_no_coords,random,False,Calyptotis scutirostrum,4,5,0.1,balanced,4,102,7,0.4412991200039153,0.9067669172932331,0.6943001443001442,0.1337316248892203,0.4166666666666667,0.7142857142857143,0.8736842105263158
GAM_single_no_coords,random,False,Calyptotis scutirostrum,5,1,0.1,balanced,6,103,7,0.45525343753087927,0.8660714285714286,0.43177655677655674,0.14197569618900271,0.2962962962962963,0.5714285714285714,0.8333333333333334
GAM_single_no_coords,random,False,Calyptotis scutirostrum,5,2,0.1,balanced,6,103,7,0.5036173068672257,0.8601190476190476,0.46476967108196343,0.1630260248571668,0.3125,0.7142857142857143,0.7916666666666666
GAM_single_no_coords,random,False,Calyptotis scutirostrum,5,3,0.1,balanced,6,102,6,0.44011984125203324,0.923611111111111,0.6801994301994302,0.13549750621284073,0.3076923076923077,0.6666666666666666,0.8333333333333334
GAM_single_no_coords,random,False,Calyptotis scutirostrum,5,4,0.1,balanced,6,103,7,0.4825796705576147,0.8809523809523809,0.4438064859117491,0.15370782384507156,0.36363636363636365,0.8571428571428571,0.7916666666666666
GAM_single_no_coords,random,False,Calyptotis scutirostrum,5,5,0.1,balanced,6,102,7,0.40978212296898253,0.906766917293233,0.6744614512471654,0.12213280729757642,0.43478260869565216,0.7142857142857143,0.8842105263157894
GAM_single_no_coords,random,False,Calyptotis scutirostrum,6,1,0.1,balanced,8,103,7,0.44914728462627607,0.875,0.3649743798812122,0.14031064563442217,0.23076923076923078,0.42857142857142855,0.8333333333333334
GAM_single_no_coords,random,False,Calyptotis scutirostrum,6,2,0.1,balanced,8,103,7,0.48941687185179117,0.8407738095238095,0.452671650055371,0.15774466904985593,0.26666666666666666,0.5714285714285714,0.8020833333333334
GAM_single_no_coords,random,False,Calyptotis scutirostrum,6,3,0.1,balanced,8,102,6,0.42755388359924995,0.9236111111111112,0.6801587301587301,0.1300210184249616,0.3333333333333333,0.6666666666666666,0.8541666666666666
GAM_single_no_coords,random,False,Calyptotis scutirostrum,6,4,0.1,balanced,8,103,7,0.47005191016072356,0.9017857142857143,0.4671201814058956,0.1487409815330245,0.375,0.8571428571428571,0.8020833333333334
GAM_single_no_coords,random,False,Calyptotis scutirostrum,6,5,0.1,balanced,8,102,7,0.4000874688097394,0.9097744360902256,0.6711469534050178,0.11858738938059891,0.38095238095238093,0.5714285714285714,0.8947368421052632
GAM_single_no_coords,random,False,Calyptotis scutirostrum,7,1,0.5,,4,103,7,0.20206665836586846,0.8407738095238095,0.47098333190770164,0.05497743980704288,0.0,0.0,1.0
GAM_single_no_coords,random,False,Calyptotis scutirostrum,7,2,0.5,,4,103,7,0.1854315392493461,0.8645833333333333,0.4698988735279058,0.050216366214927574,0.0,0.0,1.0
GAM_single_no_coords,random,False,Calyptotis scutirostrum,7,3,0.5,,4,102,6,0.16268466585205474,0.9166666666666666,0.65731031543052,0.04373330492377283,0.0,0.0,1.0
GAM_single_no_coords,random,False,Calyptotis scutirostrum,7,4,0.5,,4,103,7,0.19215524922019853,0.8690476190476191,0.44258677830106397,0.05345419405735132,0.0,0.0,1.0
GAM_single_no_coords,random,False,Calyptotis scutirostrum,7,5,0.5,,4,102,7,0.1737514209270752,0.8977443609022556,0.6839750084430936,0.04824842730379929,0.0,0.0,1.0
GAM_single_no_coords,random,False,Calyptotis scutirostrum,8,1,0.5,,6,103,7,0.1954174637724808,0.8645833333333333,0.4277863777089783,0.05400204045796689,0.0,0.0,1.0
GAM_single_no_coords,random,False,Calyptotis scutirostrum,8,2,0.5,,6,103,7,0.18181973635533738,0.8675595238095237,0.46851481851481847,0.049188942356888275,0.0,0.0,0.9895833333333334
GAM_single_no_coords,random,False,Calyptotis scutirostrum,8,3,0.5,,6,102,6,0.15349246176337009,0.9201388888888888,0.6780913978494623,0.041466245178011826,0.0,0.0,1.0
GAM_single_no_coords,random,False,Calyptotis scutirostrum,8,4,0.5,,6,103,7,0.18404793646231044,0.8779761904761905,0.43253968253968256,0.051736957239214114,0.0,0.0,1.0
GAM_single_no_coords,random,False,Calyptotis scutirostrum,8,5,0.5,,6,102,7,0.16518223844159713,0.9022556390977443,0.6714989759344598,0.04507676037238806,0.0,0.0,1.0
GAM_single_no_coords,random,False,Calyptotis scutirostrum,9,1,0.5,,8,103,7,0.19388147805722125,0.8660714285714286,0.4165214803870266,0.053993752561099596,0.0,0.0,1.0
GAM_single_no_coords,random,False,Calyptotis scutirostrum,9,2,0.5,,8,103,7,0.18119469405890112,0.8467261904761905,0.4548815570066572,0.04884524740606903,0.0,0.0,0.9895833333333334
GAM_single_no_coords,random,False,Calyptotis scutirostrum,9,3,0.5,,8,102,6,0.15165782419117532,0.9166666666666666,0.6753557744937054,0.04057081368726117,0.0,0.0,1.0
GAM_single_no_coords,random,False,Calyptotis scutirostrum,9,4,0.5,,8,103,7,0.17879068903020684,0.8958333333333334,0.4599587203302373,0.05066353144109667,0.0,0.0,1.0
GAM_single_no_coords,random,False,Calyptotis scutirostrum,9,5,0.5,,8,102,7,0.16036959525241648,0.912781954887218,0.6741175599096263,0.04329712468905539,0.0,0.0,1.0
GAM_single_no_coords,random,False,Calyptotis scutirostrum,10,1,0.5,balanced,4,103,7,0.380491710501525,0.8690476190476191,0.3724025974025974,0.11726103245590502,0.34782608695652173,0.5714285714285714,0.875
GAM_single_no_coords,random,False,Calyptotis scutirostrum,10,2,0.5,balanced,4,103,7,0.47280885388265553,0.8541666666666667,0.4657052294602051,0.15445480410284856,0.3125,0.7142857142857143,0.7916666666666666
GAM_single_no_coords,random,False,Calyptotis scutirostrum,10,3,0.5,balanced,4,102,6,0.3900198808220542,0.9322916666666666,0.6878306878306878,0.12319946706886804,0.37037037037037035,0.8333333333333334,0.8333333333333334
GAM_single_no_coords,random,False,Calyptotis scutirostrum,10,4,0.5,balanced,4,103,7,0.4563018204844048,0.8794642857142857,0.3762746777032491,0.14780032755125075,0.35294117647058826,0.8571428571428571,0.78125
GAM_single_no_coords,random,False,Calyptotis scutirostrum,10,5,0.5,balanced,4,102,7,0.3634939698725371,0.9218045112781954,0.7057142857142857,0.11146124015590408,0.4,0.7142857142857143,0.8631578947368421
GAM_single_no_coords,random,False,Calyptotis scutirostrum,11,1,0.5,balanced,6,103,7,0.3757818953739897,0.8794642857142857,0.47989741796351343,0.11824380494494555,0.36363636363636365,0.5714285714285714,0.8854166666666666
GAM_single_no_coords,random,False,Calyptotis scutirostrum,11,2,0.5,balanced,6,103,7,0.46414024266076415,0.8303571428571429,0.4485705151625867,0.15372788565900353,0.24242424242424243,0.5714285714285714,0.7708333333333334
GAM_single_no_coords,random,False,Calyptotis scutirostrum,11,3,0.5,balanced,6,102,6,0.34431751752120937,0.9340277777777778,0.6646903820816864,0.10744743589261511,0.32,0.6666666666666666,0.84375
GAM_single_no_coords,random,False,Calyptotis scutirostrum,11,4,0.5,balanced,6,103,7,0.4387632694284003,0.8943452380952381,0.45460884353741493,0.14319747815112363,0.36363636363636365,0.8571428571428571,0.7916666666666666
GAM_single_no_coords,random,False,Calyptotis scutirostrum,11,5,0.5,balanced,6,102,7,0.3319920134775152,0.9172932330827068,0.6783619606200251,0.10289488229862144,0.3333333333333333,0.5714285714285714,0.8631578947368421
GAM_single_no_coords,random,False,Calyptotis scutirostrum,12,1,0.5,balanced,8,103,7,0.3752674711959138,0.855654761904762,0.3499149659863945,0.12000735262498087,0.3333333333333333,0.5714285714285714,0.8645833333333334
GAM_single_no_coords,random,False,Calyptotis scutirostrum,12,2,0.5,balanced,8,103,7,0.43902176048510794,0.831845238095238,0.4496927544602747,0.14373213791439177,0.25,0.5714285714285714,0.78125
GAM_single_no_coords,random,False,Calyptotis scutirostrum,12,3,0.5,balanced,8,102,6,0.330068952075552,0.921875,0.6329365079365079,0.10147858690926448,0.36363636363636365,0.6666666666666666,0.875
GAM_single_no_coords,random,False,Calyptotis scutirostrum,12,4,0.5,balanced,8,103,7,0.42831607055835835,0.9002976190476191,0.42559400571822925,0.1386516734929876,0.34285714285714286,0.8571428571428571,0.7708333333333334
GAM_single_no_coords,random,False,Calyptotis scutirostrum,12,5,0.5,balanced,8,102,7,0.31896660176007596,0.924812030075188,0.6844099378881987,0.09818623773617252,0.3333333333333333,0.5714285714285714,0.8631578947368421
GAM_single_no_coords,random,False,Coeranoscincus reticulatus,1,1,0.1,,4,103,17,0.4101385949749464,0.7954856361149111,0.3843983265141458,0.12745480348084096,0.0,0.0,1.0
GAM_single_no_coords,random,False,Coeranoscincus reticulatus,1,2,0.1,,4,103,17,0.4063458033083194,0.813953488372093,0.5204489072146649,0.1261309053839955,0.0,0.0,1.0
GAM_single_no_coords,random,False,Coeranoscincus reticulatus,1,3,0.1,,4,102,16,0.3815603439435606,0.9280523255813953,0.6699643555861586,0.11723268591212216,0.0,0.0,1.0
GAM_single_no_coords,random,False,Coeranoscincus reticulatus,1,4,0.1,,4,103,17,0.39990162192133266,0.8529411764705883,0.516748738316059,0.12465200693864614,0.0,0.0,1.0
GAM_single_no_coords,random,False,Coeranoscincus reticulatus,1,5,0.1,,4,102,17,0.4201211947984114,0.7252595155709343,0.4567167272324658,0.1305623879484341,0.0,0.0,1.0
GAM_single_no_coords,random,False,Coeranoscincus reticulatus,2,1,0.1,,6,103,17,0.3896856057243704,0.8337893296853625,0.4469666976437571,0.1211340888578647,0.0,0.0,1.0
GAM_single_no_coords,random,False,Coeranoscincus reticulatus,2,2,0.1,,6,103,17,0.38027187076358776,0.8666210670314638,0.6066892071112928,0.118374240336094,0.0,0.0,1.0
GAM_single_no_coords,random,False,Coeranoscincus reticulatus,2,3,0.1,,6,102,16,0.3634876488574461,0.8997093023255813,0.565138816160533,0.11182697620429086,0.0,0.0,1.0
GAM_single_no_coords,random,False,Coeranoscincus reticulatus,2,4,0.1,,6,103,17,0.3724363718029889,0.8939808481532149,0.72183711109862,0.11616756729579401,0.0,0.0,1.0
GAM_single_no_coords,random,False,Coeranoscincus reticulatus,2,5,0.1,,6,102,17,0.4070817829750903,0.7432525951557093,0.3359262489657149,0.12710480179418093,0.0,0.0,1.0
GAM_single_no_coords,random,False,Coeranoscincus reticulatus,3,1,0.1,,8,103,17,0.38542808489195807,0.8365253077975376,0.46130852145092593,0.11977537650945477,0.0,0.0,1.0
GAM_single_no_coords,random,False,Coeranoscincus reticulatus,3,2,0.1,,8,103,17,0.37442786547302254,0.8700410396716826,0.6105367138392511,0.11655646732510205,0.0,0.0,1.0
GAM_single_no_coords,random,False,Coeranoscincus reticulatus,3,3,0.1,,8,102,16,0.3607628638177593,0.8873546511627908,0.5791785235685647,0.11098970413703871,0.0,0.0,1.0
GAM_single_no_coords,random,False,Coeranoscincus reticulatus,3,4,0.1,,8,103,17,0.3662009571675312,0.8967168262653898,0.7162546525459498,0.1141291928311249,0.0,0.0,1.0
GAM_single_no_coords,random,False,Coeranoscincus reticulatus,3,5,0.1,,8,102,17,0.40790567994105753,0.7294117647058824,0.3223487962153316,0.12744556155279294,0.0,0.0,1.0
GAM_single_no_coords,random,False,Coeranoscincus reticulatus,4,1,0.1,balanced,4,103,17,0.596511916415156,0.8084815321477428,0.3930266802193298,0.20402927290580583,0.4827586206896552,0.8235294117647058,0.686046511627907
GAM_single_no_coords,random,False,Coeranoscincus reticulatus,4,2,0.1,balanced,4,103,17,0.5794223328407725,0.8262653898768809,0.5418243251706808,0.19569872969565066,0.49122807017543857,0.8235294117647058,0.6976744186046512
GAM_single_no_coords,random,False,Coeranoscincus reticulatus,4,3,0.1,balanced,4,102,16,0.5743133129826333,0.9287790697674418,0.67350425587335,0.19340360219843714,0.4918032786885246,0.9375,0.6511627906976745
GAM_single_no_coords,random,False,Coeranoscincus reticulatus,4,4,0.1,balanced,4,103,17,0.559959017521125,0.8645690834473324,0.5293536018403985,0.18660505084141946,0.5454545454545454,0.8823529411764706,0.7325581395348837
GAM_single_no_coords,random,False,Coeranoscincus reticulatus,4,5,0.1,balanced,4,102,17,0.6088820059769008,0.726643598615917,0.4583489206303205,0.21051115364027204,0.36065573770491804,0.6470588235294118,0.611764705882353
GAM_single_no_coords,random,False,Coeranoscincus reticulatus,5,1,0.1,balanced,6,103,17,0.5578602818158976,0.8481532147742818,0.4705430179195567,0.18636771595147564,0.6,0.8823529411764706,0.7906976744186046
GAM_single_no_coords,random,False,Coeranoscincus reticulatus,5,2,0.1,balanced,6,103,17,0.5206615943878342,0.8761969904240766,0.6304267127913502,0.16949751085927534,0.5714285714285714,0.8235294117647058,0.7906976744186046
GAM_single_no_coords,random,False,Coeranoscincus reticulatus,5,3,0.1,balanced,6,102,16,0.5433366676678972,0.8989825581395349,0.5627375635210228,0.18049906558503126,0.5,0.875,0.6976744186046512
GAM_single_no_coords,random,False,Coeranoscincus reticulatus,5,4,0.1,balanced,6,103,17,0.5037598234256121,0.899452804377565,0.7287127702352616,0.16168103340270532,0.56,0.8235294117647058,0.7790697674418605
GAM_single_no_coords,random,False,Coeranoscincus reticulatus,5,5,0.1,balanced,6,102,17,0.5863029191282372,0.7432525951557093,0.32801245029281306,0.2012422173159477,0.3728813559322034,0.6470588235294118,0.6352941176470588
GAM_single_no_coords,random,False,Coeranoscincus reticulatus,6,1,0.1,balanced,8,103,17,0.5489155318812711,0.8508891928864569,0.4831168329154867,0.18216580633045582,0.6,0.8823529411764706,0.7906976744186046
GAM_single_no_coords,random,False,Coeranoscincus reticulatus,6,2,0.1,balanced,8,103,17,0.5111052198168375,0.8789329685362517,0.6194714674558032,0.16537012512539806,0.5652173913043478,0.7647058823529411,0.813953488372093
GAM_single_no_coords,random,False,Coeranoscincus reticulatus,6,3,0.1,balanced,8,102,16,0.5403385373418327,0.8815406976744187,0.5275757283966789,0.17951424040787176,0.5172413793103449,0.9375,0.686046511627907
GAM_single_no_coords,random,False,Coeranoscincus reticulatus,6,4,0.1,balanced,8,103,17,0.4916712323161742,0.9021887824897401,0.7257446573135883,0.1563413456485617,0.5714285714285714,0.8235294117647058,0.7906976744186046
GAM_single_no_coords,random,False,Coeranoscincus reticulatus,6,5,0.1,balanced,8,102,17,0.5830861739968848,0.7363321799307958,0.32769883317084875,0.2003274342389657,0.3728813559322034,0.6470588235294118,0.6352941176470588
GAM_single_no_coords,random,False,Coeranoscincus reticulatus,7,1,0.5,,4,103,17,0.3709870034985777,0.8255813953488372,0.41617522632800596,0.1171792830764661,0.0,0.0,1.0
GAM_single_no_coords,random,False,Coeranoscincus reticulatus,7,2,0.5,,4,103,17,0.3578873885192268,0.8502051983584131,0.6247037586033529,0.11171179285705854,0.0,0.0,1.0
GAM_single_no_coords,random,False,Coeranoscincus reticulatus,7,3,0.5,,4,102,16,0.3239621396100263,0.9273255813953489,0.676025734515508,0.10014925874198236,0.0,0.0,1.0
GAM_single_no_coords,random,False,Coeranoscincus reticulatus,7,4,0.5,,4,103,17,0.34346102475340323,0.8789329685362517,0.5160925885361325,0.10870746536612598,0.0,0.0,1.0
GAM_single_no_coords,random,False,Coeranoscincus reticulatus,7,5,0.5,,4,102,17,0.3994013570908899,0.7356401384083044,0.3708931491140742,0.12659792396698025,0.0,0.0,1.0
GAM_single_no_coords,random,False,Coeranoscincus reticulatus,8,1,0.5,,6,103,17,0.34783041294723094,0.847469220246238,0.47356613107216117,0.10989346268911045,0.19047619047619047,0.11764705882352941,0.9767441860465116
GAM_single_no_coords,random,False,Coeranoscincus reticulatus,8,2,0.5,,6,103,17,0.3270193777104055,0.8789329685362517,0.6392388547987986,0.10207594578609856,0.1111111111111111,0.058823529411764705,1.0
GAM_single_no_coords,random,False,Coeranoscincus reticulatus,8,3,0.5,,6,102,16,0.3170432284751239,0.8873546511627907,0.5246374080965508,0.09902204075485507,0.1111111111111111,0.0625,0.9883720930232558
GAM_single_no_coords,random,False,Coeranoscincus reticulatus,8,4,0.5,,6,103,17,0.3098748682559387,0.9015047879616963,0.6870268346714185,0.09676368484140459,0.0,0.0,1.0
GAM_single_no_coords,random,False,Coeranoscincus reticulatus,8,5,0.5,,6,102,17,0.39850557461531794,0.7522491349480969,0.33263495651150266,0.12824653288243654,0.09090909090909091,0.058823529411764705,0.9529411764705882
GAM_single_no_coords,random,False,Coeranoscincus reticulatus,9,1,0.5,,8,103,17,0.3446408947132341,0.8495212038303693,0.4775643882261529,0.10889402231873319,0.2727272727272727,0.17647058823529413,0.9767441860465116
GAM_single_no_coords,random,False,Coeranoscincus reticulatus,9,2,0.5,,8,103,17,0.32383354132043957,0.8823529411764706,0.6168932771851486,0.10153898252264489,0.1111111111111111,0.058823529411764705,1.0
GAM_single_no_coords,random,False,Coeranoscincus reticulatus,9,3,0.5,,8,102,16,0.32142306768059664,0.8677325581395348,0.501069363267022,0.10092775730703978,0.2,0.125,0.9767441860465116
GAM_single_no_coords,random,False,Coeranoscincus reticulatus,9,4,0.5,,8,103,17,0.3049150773524657,0.9035567715458277,0.7019611314936162,0.09500409610437921,0.21052631578947367,0.11764705882352941,1.0
GAM_single_no_coords,random,False,Coeranoscincus reticulatus,9,5,0.5,,8,102,17,0.4069708660455979,0.7432525951557094,0.33538357798461127,0.13062603390672142,0.08695652173913043,0.058823529411764705,0.9411764705882353
GAM_single_no_coords,random,False,Coeranoscincus reticulatus,10,1,0.5,balanced,4,103,17,0.5373191252255328,0.8419972640218878,0.4595764406391487,0.18245051901924428,0.5084745762711864,0.8823529411764706,0.686046511627907
GAM_single_no_coords,random,False,Coeranoscincus reticulatus,10,2,0.5,balanced,4,103,17,0.48245410729765675,0.8570451436388509,0.6277945305299674,0.15713301293158477,0.5714285714285714,0.8235294117647058,0.7906976744186046
GAM_single_no_coords,random,False,Coeranoscincus reticulatus,10,3,0.5,balanced,4,102,16,0.4887176658741457,0.9244186046511628,0.6584065364347227,0.16142230128378157,0.5,0.875,0.6976744186046512
GAM_single_no_coords,random,False,Coeranoscincus reticulatus,10,4,0.5,balanced,4,103,17,0.4627424311432548,0.8850889192886457,0.523435111764332,0.14925690411789105,0.5769230769230769,0.8823529411764706,0.7674418604651163
GAM_single_no_coords,random,False,Coeranoscincus reticulatus,10,5,0.5,balanced,4,102,17,0.5765901963923341,0.732871972318339,0.3475075540650945,0.20202329091522814,0.3728813559322034,0.6470588235294118,0.6352941176470588
GAM_single_no_coords,random,False,Coeranoscincus reticulatus,11,1,0.5,balanced,6,103,17,0.49919186481975647,0.8618331053351573,0.5059849674658683,0.1645646448180488,0.5660377358490566,0.8823529411764706,0.7558139534883721
GAM_single_no_coords,random,False,Coeranoscincus reticulatus,11,2,0.5,balanced,6,103,17,0.4242758478344424,0.884404924760602,0.6622957450586456,0.13403062738339283,0.5777777777777777,0.7647058823529411,0.8255813953488372
GAM_single_no_coords,random,False,Coeranoscincus reticulatus,11,3,0.5,balanced,6,102,16,0.48309387396095493,0.8822674418604651,0.5029279589199964,0.160113858564521,0.5357142857142857,0.9375,0.7093023255813954
GAM_single_no_coords,random,False,Coeranoscincus reticulatus,11,4,0.5,balanced,6,103,17,0.4112100966840987,0.9124487004103967,0.7174590870187877,0.12908270701924884,0.625,0.8823529411764706,0.813953488372093
GAM_single_no_coords,random,False,Coeranoscincus reticulatus,11,5,0.5,balanced,6,102,17,0.5794709763315166,0.7501730103806228,0.3188581364643881,0.2021030728850734,0.3793103448275862,0.6470588235294118,0.6470588235294118
GAM_single_no_coords,random,False,Coeranoscincus reticulatus,12,1,0.5,balanced,8,103,17,0.489385637126546,0.8645690834473325,0.5176205194899531,0.15986769125215863,0.5882352941176471,0.8823529411764706,0.7790697674418605
GAM_single_no_coords,random,False,Coeranoscincus reticulatus,12,2,0.5,balanced,8,103,17,0.41870091385992175,0.8912448700410396,0.6267588645472397,0.13154321069978872,0.5454545454545454,0.7058823529411765,0.8255813953488372
GAM_single_no_coords,random,False,Coeranoscincus reticulatus,12,3,0.5,balanced,8,102,16,0.4881660102683783,0.8691860465116279,0.4715275745585533,0.1619702714650847,0.5454545454545454,0.9375,0.7209302325581395
GAM_single_no_coords,random,False,Coeranoscincus reticulatus,12,4,0.5,balanced,8,103,17,0.40093333134543346,0.914500683994528,0.7254714072790853,0.12520978849772776,0.6382978723404256,0.8823529411764706,0.8255813953488372
GAM_single_no_coords,random,False,Coeranoscincus reticulatus,12,5,0.5,balanced,8,102,17,0.582323482671846,0.7480968858131488,0.3174722387777687,0.20368036526832736,0.3508771929824561,0.5882352941176471,0.6470588235294118
GAM_single_no_coords,random,False,Egernia mcpheei,1,1,0.1,,4,103,2,0.09400880626959368,0.7376237623762376,0.10333333333333333,0.018976881702480075,0.0,0.0,1.0
GAM_single_no_coords,random,False,Egernia mcpheei,1,2,0.1,,4,103,2,0.09244109941315114,0.9851485148514851,0.7,0.018921131312512923,0.0,0.0,1.0
GAM_single_no_coords,random,False,Egernia mcpheei,1,3,0.1,,4,103,2,0.0976920028900007,0.3366336633663366,0.021274250440917106,0.019108863873470907,0.0,0.0,1.0
GAM_single_no_coords,random,False,Egernia mcpheei,1,4,0.1,,4,102,2,0.09337165973102853,0.95,0.2361111111111111,0.019110294101889174,0.0,0.0,1.0
GAM_single_no_coords,random,False,Egernia mcpheei,1,5,0.1,,4,102,1,0.05647471252194363,0.900990099009901,0.09090909090909091,0.009739328597135376,0.0,0.0,1.0
GAM_single_no_coords,random,False,Egernia mcpheei,2,1,0.1,,6,103,2,0.0936713746899695,0.7673267326732673,0.08630952380952381,0.018967141775973004,0.0,0.0,1.0
GAM_single_no_coords,random,False,Egernia mcpheei,2,2,0.1,,6,103,2,0.09186137202571053,0.9801980198019802,0.6666666666666666,0.018897495376032768,0.0,0.0,1.0
GAM_single_no_coords,random,False,Egernia mcpheei,2,3,0.1,,6,103,2,0.09716296815296732,0.4405940594059406,0.025978407557354925,0.01909195226756872,0.0,0.0,1.0
GAM_single_no_coords,random,False,Egernia mcpheei,2,4,0.1,,6,102,2,0.09286383810764738,0.97,0.325,0.019091270706806024,0.0,0.0,1.0
GAM_single_no_coords,random,False,Egernia mcpheei,2,5,0.1,,6,102,1,0.05652569870323874,0.8910891089108911,0.08333333333333333,0.009743929874597993,0.0,0.0,1.0
GAM_single_no_coords,random,False,Egernia mcpheei,3,1,0.1,,8,103,2,0.09335887803834661,0.8069306930693069,0.08585858585858586,0.018957566446054366,0.0,0.0,1.0
GAM_single_no_coords,random,False,Egernia mcpheei,3,2,0.1,,8,103,2,0.09153865246183865,0.9851485148514851,0.7,0.018884253570330228,0.0,0.0,1.0
GAM_single_no_coords,random,False,Egernia mcpheei,3,3,0.1,,8,103,2,0.09658109549449582,0.4900990099009901,0.03173076923076923,0.019071733808035483,0.0,0.0,1.0
GAM_single_no_coords,random,False,Egernia mcpheei,3,4,0.1,,8,102,2,0.09246208002213858,0.95,0.2361111111111111,0.019076401734659038,0.0,0.0,1.0
GAM_single_no_coords,random,False,Egernia mcpheei,3,5,0.1,,8,102,1,0.0567475967552088,0.8712871287128713,0.07142857142857142,0.00975553521864754,0.0,0.0,1.0
GAM_single_no_coords,random,False,Egernia mcpheei,4,1,0.1,balanced,4,103,2,0.472250681537683,0.7920792079207921,0.08952702702702703,0.1473861655961743,0.125,0.5,0.8712871287128713
GAM_single_no_coords,random,False,Egernia mcpheei,4,2,0.1,balanced,4,103,2,0.4816004468696397,0.9900990099009901,0.75,0.15171273383251363,0.23529411764705882,1.0,0.8712871287128713
GAM_single_no_coords,random,False,Egernia mcpheei,4,3,0.1,balanced,4,103,2,0.43767169452590177,0.5099009900990099,0.028588564574170333,0.13448877118073316,0.0,0.0,0.8613861386138614
GAM_single_no_coords,random,False,Egernia mcpheei,4,4,0.1,balanced,4,102,2,0.5453922368536758,0.945,0.20833333333333331,0.18137367683002767,0.16666666666666666,1.0,0.8
GAM_single_no_coords,random,False,Egernia mcpheei,4,5,0.1,balanced,4,102,1,0.5298308931321215,0.8910891089108911,0.08333333333333333,0.17450012417614136,0.09523809523809523,1.0,0.8118811881188119
GAM_single_no_coords,random,False,Egernia mcpheei,5,1,0.1,balanced,6,103,2,0.4530565088229903,0.8069306930693069,0.08125,0.1411033539408779,0.11764705882352941,0.5,0.8613861386138614
GAM_single_no_coords,random,False,Egernia mcpheei,5,2,0.1,balanced,6,103,2,0.46124870472721397,0.9900990099009901,0.75,0.1452961847524468,0.14814814814814814,1.0,0.7722772277227723
GAM_single_no_coords,random,False,Egernia mcpheei,5,3,0.1,balanced,6,103,2,0.3988480966551358,0.5841584158415841,0.03380681818181818,0.12045447921110977,0.0,0.0,0.8613861386138614
GAM_single_no_coords,random,False,Egernia mcpheei,5,4,0.1,balanced,6,102,2,0.49003055074506946,0.95,0.22619047619047616,0.15836226774114762,0.16666666666666666,1.0,0.8
GAM_single_no_coords,random,False,Egernia mcpheei,5,5,0.1,balanced,6,102,1,0.49468968836016697,0.8811881188118812,0.07692307692307693,0.16085255368741233,0.07692307692307693,1.0,0.7623762376237624
GAM_single_no_coords,random,False,Egernia mcpheei,6,1,0.1,balanced,8,103,2,0.446492327387756,0.8465346534653466,0.08712121212121213,0.13917885704429805,0.1111111111111111,0.5,0.8514851485148515
GAM_single_no_coords,random,False,Egernia mcpheei,6,2,0.1,balanced,8,103,2,0.451139617915124,0.9851485148514851,0.7,0.14188966385871327,0.14814814814814814,1.0,0.7722772277227723
GAM_single_no_coords,random,False,Egernia mcpheei,6,3,0.1,balanced,8,103,2,0.36469352534762484,0.6435643564356436,0.04159519725557462,0.10659375592985312,0.0,0.0,0.900990099009901
GAM_single_no_coords,random,False,Egernia mcpheei,6,4,0.1,balanced,8,102,2,0.44142347179792063,0.95,0.22619047619047616,0.13682989373741872,0.19047619047619047,1.0,0.83
GAM_single_no_coords,random,False,Egernia mcpheei,6,5,0.1,balanced,8,102,1,0.4716089917042848,0.8316831683168316,0.05555555555555555,0.15140973639943225,0.08695652173913043,1.0,0.7920792079207921
GAM_single_no_coords,random,False,Egernia mcpheei,7,1,0.5,,4,103,2,0.09023098450875103,0.7326732673267327,0.08290816326530612,0.018814962790690868,0.0,0.0,1.0
GAM_single_no_coords,random,False,Egernia mcpheei,7,2,0.5,,4,103,2,0.08337643904936942,0.9851485148514851,0.7,0.018499826155499305,0.0,0.0,1.0
GAM_single_no_coords,random,False,Egernia mcpheei,7,3,0.5,,4,103,2,0.10280802179222648,0.4059405940594059,0.02369989165763814,0.019339270846726854,0.0,0.0,1.0
GAM_single_no_coords,random,False,Egernia mcpheei,7,4,0.5,,4,102,2,0.08490467930503375,0.96,0.26785714285714285,0.018710606116580434,0.0,0.0,1.0
GAM_single_no_coords,random,False,Egernia mcpheei,7,5,0.5,,4,102,1,0.05350675470739345,0.8712871287128713,0.07142857142857142,0.009665338798733792,0.0,0.0,1.0
GAM_single_no_coords,random,False,Egernia mcpheei,8,1,0.5,,6,103,2,0.08954046033028476,0.7722772277227723,0.08055555555555555,0.018826968459099282,0.0,0.0,1.0
GAM_single_no_coords,random,False,Egernia mcpheei,8,2,0.5,,6,103,2,0.08162983631455353,0.9851485148514851,0.7,0.018370138161910722,0.0,0.0,1.0
GAM_single_no_coords,random,False,Egernia mcpheei,8,3,0.5,,6,103,2,0.10061331999088367,0.5297029702970297,0.031054405392392875,0.019280034709568503,0.0,0.0,1.0
GAM_single_no_coords,random,False,Egernia mcpheei,8,4,0.5,,6,102,2,0.08295191341127506,0.97,0.325,0.018609887859264745,0.0,0.0,1.0
GAM_single_no_coords,random,False,Egernia mcpheei,8,5,0.5,,6,102,1,0.05394249962858184,0.8712871287128713,0.07142857142857142,0.00974392153928993,0.0,0.0,1.0
GAM_single_no_coords,random,False,Egernia mcpheei,9,1,0.5,,8,103,2,0.08850486380656146,0.8118811881188118,0.0787878787878788,0.01880902777407708,0.0,0.0,1.0
GAM_single_no_coords,random,False,Egernia mcpheei,9,2,0.5,,8,103,2,0.08072009901233665,0.9851485148514851,0.7,0.01830963194356953,0.0,0.0,1.0
GAM_single_no_coords,random,False,Egernia mcpheei,9,3,0.5,,8,103,2,0.0986753763195118,0.5544554455445545,0.03602484472049689,0.01920629796602728,0.0,0.0,1.0
GAM_single_no_coords,random,False,Egernia mcpheei,9,4,0.5,,8,102,2,0.0814022753817868,0.955,0.25,0.018538792387005103,0.0,0.0,1.0
GAM_single_no_coords,random,False,Egernia mcpheei,9,5,0.5,,8,102,1,0.055383145631315925,0.8415841584158416,0.058823529411764705,0.009884054935725767,0.0,0.0,1.0
GAM_single_no_coords,random,False,Egernia mcpheei,10,1,0.5,balanced,4,103,2,0.3621170900075424,0.8217821782178217,0.08448275862068966,0.10892308676780699,0.16666666666666666,0.5,0.9108910891089109
GAM_single_no_coords,random,False,Egernia mcpheei,10,2,0.5,balanced,4,103,2,0.3671511428429333,0.9900990099009901,0.75,0.11440973104161559,0.2,1.0,0.8415841584158416
GAM_single_no_coords,random,False,Egernia mcpheei,10,3,0.5,balanced,4,103,2,0.34359696782412547,0.6485148514851485,0.03946360153256705,0.10619866943042708,0.0,0.0,0.8712871287128713
GAM_single_no_coords,random,False,Egernia mcpheei,10,4,0.5,balanced,4,102,2,0.4564813655225801,0.945,0.20833333333333331,0.14925452963977118,0.19047619047619047,1.0,0.83
GAM_single_no_coords,random,False,Egernia mcpheei,10,5,0.5,balanced,4,102,1,0.4666137955071125,0.8712871287128713,0.07142857142857142,0.155194216926416,0.08,1.0,0.7722772277227723
GAM_single_no_coords,random,False,Egernia mcpheei,11,1,0.5,balanced,6,103,2,0.34275914968659454,0.8217821782178218,0.07692307692307693,0.1047129713462338,0.0,0.0,0.8910891089108911
GAM_single_no_coords,random,False,Egernia mcpheei,11,2,0.5,balanced,6,103,2,0.3536355216836991,0.9603960396039605,0.6,0.11379393205658991,0.17391304347826086,1.0,0.8118811881188119
GAM_single_no_coords,random,False,Egernia mcpheei,11,3,0.5,balanced,6,103,2,0.3013265789815098,0.6782178217821782,0.04290876242095754,0.09389930113834127,0.0,0.0,0.900990099009901
GAM_single_no_coords,random,False,Egernia mcpheei,11,4,0.5,balanced,6,102,2,0.38485466679407354,0.95,0.22619047619047616,0.12415221441928813,0.19047619047619047,1.0,0.83
GAM_single_no_coords,random,False,Egernia mcpheei,11,5,0.5,balanced,6,102,1,0.43020654461034413,0.8811881188118812,0.07692307692307693,0.14319559090263068,0.08333333333333333,1.0,0.7821782178217822
GAM_single_no_coords,random,False,Egernia mcpheei,12,1,0.5,balanced,8,103,2,0.3387240101367373,0.8366336633663366,0.08204334365325078,0.1044703792985296,0.0,0.0,0.8811881188118812
GAM_single_no_coords,random,False,Egernia mcpheei,12,2,0.5,balanced,8,103,2,0.3447066039726255,0.9653465346534653,0.6111111111111112,0.11113066362438916,0.16666666666666666,1.0,0.801980198019802
GAM_single_no_coords,random,False,Egernia mcpheei,12,3,0.5,balanced,8,103,2,0.2587495852344041,0.7326732673267327,0.055640243902439025,0.07783300470514705,0.0,0.0,0.9108910891089109
GAM_single_no_coords,random,False,Egernia mcpheei,12,4,0.5,balanced,8,102,2,0.3337375213001026,0.95,0.22619047619047616,0.10409448679705821,0.23529411764705882,1.0,0.87
GAM_single_no_coords,random,False,Egernia mcpheei,12,5,0.5,balanced,8,102,1,0.40566551865970385,0.801980198019802,0.047619047619047616,0.13357591543619002,0.0,0.0,0.8118811881188119
GAM_single_no_coords,random,False,Eulamprus murrayi,1,1,0.1,,4,103,0,0.004881440581631596,,,2.3749433844233988e-05,0.0,,1.0
GAM_single_no_coords,random,False,Eulamprus murrayi,1,2,0.1,,4,103,1,0.06081985754119431,0.48039215686274506,0.018518518518518517,0.00966729156394025,0.0,0.0,1.0
GAM_single_no_coords,random,False,Eulamprus murrayi,1,3,0.1,,4,102,0,0.004894205775507575,,,2.3884428339636252e-05,0.0,,1.0
GAM_single_no_coords,random,False,Eulamprus murrayi,1,4,0.1,,4,102,0,0.004838265281742797,,,2.3330380080929856e-05,0.0,,1.0
GAM_single_no_coords,random,False,Eulamprus murrayi,1,5,0.1,,4,103,1,0.0606511492927664,0.5196078431372548,0.02,0.00966646622677976,0.0,0.0,1.0
GAM_single_no_coords,random,False,Eulamprus murrayi,2,1,0.1,,6,103,0,0.0049564645238303826,,,2.4499710786854244e-05,0.0,,1.0
GAM_single_no_coords,random,False,Eulamprus murrayi,2,2,0.1,,6,103,1,0.06104761316481287,0.196078431372549,0.012048192771084338,0.009668391407717601,0.0,0.0,1.0
GAM_single_no_coords,random,False,Eulamprus murrayi,2,3,0.1,,6,102,0,0.004948353932828719,,,2.4430114360457178e-05,0.0,,1.0
GAM_single_no_coords,random,False,Eulamprus murrayi,2,4,0.1,,6,102,0,0.004870664044636771,,,2.3656260147402523e-05,0.0,,1.0
GAM_single_no_coords,random,False,Eulamprus murrayi,2,5,0.1,,6,103,1,0.061047394455901564,0.2941176470588235,0.0136986301369863,0.009668400587264215,0.0,0.0,1.0
GAM_single_no_coords,random,False,Eulamprus murrayi,3,1,0.1,,8,103,0,0.004930962032857327,,,2.425517475995804e-05,0.0,,1.0
GAM_single_no_coords,random,False,Eulamprus murrayi,3,2,0.1,,8,103,1,0.061094667244328854,0.07843137254901966,0.010526315789473684,0.009668628713129833,0.0,0.0,1.0
GAM_single_no_coords,random,False,Eulamprus murrayi,3,3,0.1,,8,102,0,0.0050092630288284595,,,2.5034929990833093e-05,0.0,,1.0
GAM_single_no_coords,random,False,Eulamprus murrayi,3,4,0.1,,8,102,0,0.0049155909450731864,,,2.410187606519921e-05,0.0,,1.0
GAM_single_no_coords,random,False,Eulamprus murrayi,3,5,0.1,,8,103,1,0.06108411524657103,0.20588235294117652,0.012195121951219513,0.009668591072410714,0.0,0.0,1.0
GAM_single_no_coords,random,False,Eulamprus murrayi,4,1,0.1,balanced,4,103,0,0.3782260052949815,,,0.10986576034469993,0.0,,0.883495145631068
GAM_single_no_coords,random,False,Eulamprus murrayi,4,2,0.1,balanced,4,103,1,0.34567743706034154,0.43137254901960786,0.01694915254237288,0.09649966091588483,0.0,0.0,0.8921568627450981
GAM_single_no_coords,random,False,Eulamprus murrayi,4,3,0.1,balanced,4,102,0,0.43992195748569274,,,0.13780603426480625,0.0,,0.8235294117647058
GAM_single_no_coords,random,False,Eulamprus murrayi,4,4,0.1,balanced,4,102,0,0.36703314946432364,,,0.10613839236036289,0.0,,0.8725490196078431
GAM_single_no_coords,random,False,Eulamprus murrayi,4,5,0.1,balanced,4,103,1,0.2489501792093763,0.48039215686274506,0.018518518518518517,0.06355624614422942,0.0,0.0,0.9607843137254902
GAM_single_no_coords,random,False,Eulamprus murrayi,5,1,0.1,balanced,6,103,0,0.3225789146417746,,,0.089174735842992,0.0,,0.9320388349514563
GAM_single_no_coords,random,False,Eulamprus murrayi,5,2,0.1,balanced,6,103,1,0.2778802331177919,0.1470588235294118,0.011363636363636364,0.07170997320890574,0.0,0.0,0.9313725490196079
GAM_single_no_coords,random,False,Eulamprus murrayi,5,3,0.1,balanced,6,102,0,0.4022831827765919,,,0.1218735711857315,0.0,,0.8725490196078431
GAM_single_no_coords,random,False,Eulamprus murrayi,5,4,0.1,balanced,6,102,0,0.32824506556604716,,,0.0923221814029103,0.0,,0.8823529411764706
GAM_single_no_coords,random,False,Eulamprus murrayi,5,5,0.1,balanced,6,103,1,0.20740182684859018,0.28431372549019607,0.013513513513513514,0.04971727636739355,0.0,0.0,0.9705882352941176
GAM_single_no_coords,random,False,Eulamprus murrayi,6,1,0.1,balanced,8,103,0,0.2994777478865881,,,0.08043805019649519,0.0,,0.941747572815534
GAM_single_no_coords,random,False,Eulamprus murrayi,6,2,0.1,balanced,8,103,1,0.2331538242506385,0.06862745098039214,0.010416666666666666,0.05468617629429069,0.0,0.0,0.9705882352941176
GAM_single_no_coords,random,False,Eulamprus murrayi,6,3,0.1,balanced,8,102,0,0.3756747242724403,,,0.1111834037011765,0.0,,0.8921568627450981
GAM_single_no_coords,random,False,Eulamprus murrayi,6,4,0.1,balanced,8,102,0,0.3047673395656558,,,0.08466972717674555,0.0,,0.8725490196078431
GAM_single_no_coords,random,False,Eulamprus murrayi,6,5,0.1,balanced,8,103,1,0.18929090937668802,0.20588235294117652,0.012195121951219513,0.04287478518339285,0.0,0.0,0.9803921568627451
GAM_single_no_coords,random,False,Eulamprus murrayi,7,1,0.5,,4,103,0,0.0049142979145534406,,,2.482506885227683e-05,0.0,,1.0
GAM_single_no_coords,random,False,Eulamprus murrayi,7,2,0.5,,4,103,1,0.06127116506940877,0.47058823529411764,0.01818181818181818,0.009669473021841422,0.0,0.0,1.0
GAM_single_no_coords,random,False,Eulamprus murrayi,7,3,0.5,,4,102,0,0.005005108267296528,,,2.6068508252439723e-05,0.0,,1.0
GAM_single_no_coords,random,False,Eulamprus murrayi,7,4,0.5,,4,102,0,0.004721772107822094,,,2.294764111101049e-05,0.0,,1.0
GAM_single_no_coords,random,False,Eulamprus murrayi,7,5,0.5,,4,103,1,0.061017514533869596,0.5,0.019230769230769232,0.009668434197291742,0.0,0.0,1.0
GAM_single_no_coords,random,False,Eulamprus murrayi,8,1,0.5,,6,103,0,0.00486654867796151,,,2.4815583707719457e-05,0.0,,1.0
GAM_single_no_coords,random,False,Eulamprus murrayi,8,2,0.5,,6,103,1,0.06211575506336511,0.17647058823529416,0.011764705882352941,0.009673302382033596,0.0,0.0,1.0
GAM_single_no_coords,random,False,Eulamprus murrayi,8,3,0.5,,6,102,0,0.0051416041781047524,,,2.789233302956052e-05,0.0,,1.0
GAM_single_no_coords,random,False,Eulamprus murrayi,8,4,0.5,,6,102,0,0.004750455770695927,,,2.3487162754559965e-05,0.0,,1.0
GAM_single_no_coords,random,False,Eulamprus murrayi,8,5,0.5,,6,103,1,0.06244068155603581,0.2941176470588235,0.0136986301369863,0.00967486415852084,0.0,0.0,1.0
GAM_single_no_coords,random,False,Eulamprus murrayi,9,1,0.5,,8,103,0,0.004850536393542391,,,2.475485120815537e-05,0.0,,1.0
GAM_single_no_coords,random,False,Eulamprus murrayi,9,2,0.5,,8,103,1,0.06329620421494654,0.07843137254901966,0.010526315789473684,0.009678040066746283,0.0,0.0,1.0
GAM_single_no_coords,random,False,Eulamprus murrayi,9,3,0.5,,8,102,0,0.0051681600953304985,,,2.8324900056508533e-05,0.0,,1.0
GAM_single_no_coords,random,False,Eulamprus murrayi,9,4,0.5,,8,102,0,0.004750236896801755,,,2.3717646986005037e-05,0.0,,1.0
GAM_single_no_coords,random,False,Eulamprus murrayi,9,5,0.5,,8,103,1,0.06336340998849102,0.20588235294117652,0.012195121951219513,0.009678609605706356,0.0,0.0,1.0
GAM_single_no_coords,random,False,Eulamprus murrayi,10,1,0.5,balanced,4,103,0,0.22767812366411047,,,0.062158788942352924,0.0,,0.912621359223301
GAM_single_no_coords,random,False,Eulamprus murrayi,10,2,0.5,balanced,4,103,1,0.2083862423538605,0.3921568627450981,0.015873015873015872,0.055334053772619796,0.0,0.0,0.9313725490196079
GAM_single_no_coords,random,False,Eulamprus murrayi,10,3,0.5,balanced,4,102,0,0.33370769386802174,,,0.10292986764591405,0.0,,0.8627450980392157
GAM_single_no_coords,random,False,Eulamprus murrayi,10,4,0.5,balanced,4,102,0,0.22463792466096869,,,0.06605999335369951,0.0,,0.8921568627450981
GAM_single_no_coords,random,False,Eulamprus murrayi,10,5,0.5,balanced,4,103,1,0.16327661621664885,0.4607843137254902,0.017857142857142856,0.04266927818064263,0.0,0.0,0.9607843137254902
GAM_single_no_coords,random,False,Eulamprus murrayi,11,1,0.5,balanced,6,103,0,0.18899559215902736,,,0.05111392768284658,0.0,,0.941747572815534
GAM_single_no_coords,random,False,Eulamprus murrayi,11,2,0.5,balanced,6,103,1,0.16687589130177288,0.07843137254901966,0.010526315789473684,0.03721451479078763,0.0,0.0,0.9607843137254902
GAM_single_no_coords,random,False,Eulamprus murrayi,11,3,0.5,balanced,6,102,0,0.302889047956631,,,0.08937424241130532,0.0,,0.9019607843137255
GAM_single_no_coords,random,False,Eulamprus murrayi,11,4,0.5,balanced,6,102,0,0.19437081619633478,,,0.05596215336838176,0.0,,0.9117647058823529
GAM_single_no_coords,random,False,Eulamprus murrayi,11,5,0.5,balanced,6,103,1,0.13992617513871491,0.28431372549019607,0.013513513513513514,0.03274373448082245,0.0,0.0,0.9803921568627451
GAM_single_no_coords,random,False,Eulamprus murrayi,12,1,0.5,balanced,8,103,0,0.1660428511189738,,,0.04416589349556817,0.0,,0.9514563106796117
GAM_single_no_coords,random,False,Eulamprus murrayi,12,2,0.5,balanced,8,103,1,0.140601396442435,0.019607843137254943,0.009900990099009901,0.02557019919285025,0.0,0.0,1.0
GAM_single_no_coords,random,False,Eulamprus murrayi,12,3,0.5,balanced,8,102,0,0.27029599815248484,,,0.0799598197819906,0.0,,0.8921568627450981
GAM_single_no_coords,random,False,Eulamprus murrayi,12,4,0.5,balanced,8,102,0,0.1800963341303401,,,0.0527029804809818,0.0,,0.9117647058823529
GAM_single_no_coords,random,False,Eulamprus murrayi,12,5,0.5,balanced,8,103,1,0.12744390347138249,0.20588235294117652,0.012195121951219513,0.027006945878247195,0.0,0.0,0.9803921568627451
GAM_single_no_coords,random,False,Ophioscincus truncatus,1,1,0.1,,4,102,17,0.4204765589867443,0.744636678200692,0.32343100605051045,0.13050170421918192,0.0,0.0,1.0
GAM_single_no_coords,random,False,Ophioscincus truncatus,1,2,0.1,,4,103,18,0.43341727015882686,0.722875816993464,0.37997675774687006,0.1353528725187405,0.0,0.0,1.0
GAM_single_no_coords,random,False,Ophioscincus truncatus,1,3,0.1,,4,102,17,0.42758523368478346,0.6782006920415224,0.28444574392222405,0.1327309933136692,0.0,0.0,1.0
GAM_single_no_coords,random,False,Ophioscincus truncatus,1,4,0.1,,4,103,18,0.4159844899666562,0.8529411764705883,0.6150914120729363,0.12964951060095903,0.0,0.0,1.0
GAM_single_no_coords,random,False,Ophioscincus truncatus,1,5,0.1,,4,103,18,0.4426481574435668,0.6725490196078431,0.4062491334582271,0.13805292476389966,0.0,0.0,1.0
GAM_single_no_coords,random,False,Ophioscincus truncatus,2,1,0.1,,6,102,17,0.4126650348782755,0.7294117647058824,0.3767165758413965,0.12759512261297123,0.0,0.0,1.0
GAM_single_no_coords,random,False,Ophioscincus truncatus,2,2,0.1,,6,103,18,0.42471233801190467,0.7254901960784313,0.4910662758896015,0.13203822754743788,0.0,0.0,1.0
GAM_single_no_coords,random,False,Ophioscincus truncatus,2,3,0.1,,6,102,17,0.4208223129895522,0.7017301038062284,0.308379084996047,0.13076536661527347,0.0,0.0,1.0
GAM_single_no_coords,random,False,Ophioscincus truncatus,2,4,0.1,,6,103,18,0.4026764777804136,0.8751633986928105,0.6912587816854938,0.12504816310789427,0.0,0.0,1.0
GAM_single_no_coords,random,False,Ophioscincus truncatus,2,5,0.1,,6,103,18,0.4305452458651029,0.7000000000000001,0.43627060620296454,0.1339791667396413,0.0,0.0,1.0
GAM_single_no_coords,random,False,Ophioscincus truncatus,3,1,0.1,,8,102,17,0.4117166969607696,0.7197231833910034,0.4565534730059734,0.1268347062679385,0.0,0.0,1.0
GAM_single_no_coords,random,False,Ophioscincus truncatus,3,2,0.1,,8,103,18,0.4246621670436679,0.7163398692810458,0.5223504981704172,0.13186539944432765,0.0,0.0,1.0
GAM_single_no_coords,random,False,Ophioscincus truncatus,3,3,0.1,,8,102,17,0.4176832341117257,0.7031141868512111,0.32307985239218817,0.1296151481855796,0.0,0.0,1.0
GAM_single_no_coords,random,False,Ophioscincus truncatus,3,4,0.1,,8,103,18,0.3992175883655448,0.8745098039215686,0.672696904756794,0.12387896661800907,0.0,0.0,1.0
GAM_single_no_coords,random,False,Ophioscincus truncatus,3,5,0.1,,8,103,18,0.42614445173366766,0.7091503267973857,0.4483567500468264,0.1326497526418774,0.0,0.0,1.0
GAM_single_no_coords,random,False,Ophioscincus truncatus,4,1,0.1,balanced,4,102,17,0.6176510275322225,0.7356401384083046,0.32248636685209947,0.21324857284429377,0.38461538461538464,0.5882352941176471,0.7058823529411765
GAM_single_no_coords,random,False,Ophioscincus truncatus,4,2,0.1,balanced,4,103,18,0.6083679490771228,0.7405228758169935,0.36594369594813986,0.20881578891982774,0.36363636363636365,0.4444444444444444,0.788235294117647
GAM_single_no_coords,random,False,Ophioscincus truncatus,4,3,0.1,balanced,4,102,17,0.651954050276282,0.6802768166089965,0.2929823642631347,0.23039430171358816,0.3492063492063492,0.6470588235294118,0.5882352941176471
GAM_single_no_coords,random,False,Ophioscincus truncatus,4,4,0.1,balanced,4,103,18,0.6299182433364778,0.8522875816993465,0.615837022491922,0.21940561368243147,0.45714285714285713,0.8888888888888888,0.5764705882352941
GAM_single_no_coords,random,False,Ophioscincus truncatus,4,5,0.1,balanced,4,103,18,0.5841057078326503,0.6954248366013072,0.4145296245915151,0.1975741528639233,0.25,0.3333333333333333,0.7176470588235294
GAM_single_no_coords,random,False,Ophioscincus truncatus,5,1,0.1,balanced,6,102,17,0.605921726121013,0.730795847750865,0.3759083307415323,0.20838035191497076,0.32,0.47058823529411764,0.7058823529411765
GAM_single_no_coords,random,False,Ophioscincus truncatus,5,2,0.1,balanced,6,103,18,0.5886124011162106,0.7411764705882353,0.4691908679213401,0.1999169393532304,0.3673469387755102,0.5,0.7411764705882353
GAM_single_no_coords,random,False,Ophioscincus truncatus,5,3,0.1,balanced,6,102,17,0.6428332573416756,0.6941176470588235,0.3060876955519805,0.22612366997297564,0.3389830508474576,0.5882352941176471,0.6235294117647059
GAM_single_no_coords,random,False,Ophioscincus truncatus,5,4,0.1,balanced,6,103,18,0.6093072459552028,0.869281045751634,0.6564653019547904,0.20975125238362954,0.47619047619047616,0.8333333333333334,0.6470588235294118
GAM_single_no_coords,random,False,Ophioscincus truncatus,5,5,0.1,balanced,6,103,18,0.5539856742948968,0.7294117647058824,0.4741684053372124,0.18406082794036546,0.391304347826087,0.5,0.7764705882352941
GAM_single_no_coords,random,False,Ophioscincus truncatus,6,1,0.1,balanced,8,102,17,0.6061658133777926,0.7294117647058824,0.4481580337722689,0.20867882008464336,0.3076923076923077,0.47058823529411764,0.6823529411764706
GAM_single_no_coords,random,False,Ophioscincus truncatus,6,2,0.1,balanced,8,103,18,0.585515019192741,0.7450980392156863,0.5194665711370188,0.19850282662221308,0.3404255319148936,0.4444444444444444,0.7529411764705882
GAM_single_no_coords,random,False,Ophioscincus truncatus,6,3,0.1,balanced,8,102,17,0.642075500192475,0.6982698961937716,0.3267707983280549,0.22569770634042563,0.3793103448275862,0.6470588235294118,0.6470588235294118
GAM_single_no_coords,random,False,Ophioscincus truncatus,6,4,0.1,balanced,8,103,18,0.598469394355141,0.8823529411764706,0.6821418416032864,0.20454521402381584,0.5245901639344263,0.8888888888888888,0.6823529411764706
GAM_single_no_coords,random,False,Ophioscincus truncatus,6,5,0.1,balanced,8,103,18,0.5473304711767529,0.7477124183006536,0.49737205233671267,0.18110798064113004,0.4,0.5,0.788235294117647
GAM_single_no_coords,random,False,Ophioscincus truncatus,7,1,0.5,,4,102,17,0.39391933218642977,0.7737024221453288,0.37951923238905344,0.12329785215150578,0.0,0.0,1.0
GAM_single_no_coords,random,False,Ophioscincus truncatus,7,2,0.5,,4,103,18,0.4155468557661561,0.7339869281045752,0.3982710486549555,0.1299283635746379,0.0,0.0,1.0
GAM_single_no_coords,random,False,Ophioscincus truncatus,7,3,0.5,,4,102,17,0.4190803725688306,0.7003460207612456,0.32215080610714997,0.13298018141871543,0.10526315789473684,0.058823529411764705,0.9882352941176471
GAM_single_no_coords,random,False,Ophioscincus truncatus,7,4,0.5,,4,103,18,0.3774148817837214,0.8673202614379085,0.6328051653908848,0.11674535122670775,0.0,0.0,1.0
GAM_single_no_coords,random,False,Ophioscincus truncatus,7,5,0.5,,4,103,18,0.426818346106342,0.6947712418300653,0.4272797270987032,0.13210701848633694,0.0,0.0,1.0
GAM_single_no_coords,random,False,Ophioscincus truncatus,8,1,0.5,,6,102,17,0.3862529655851496,0.7605536332179931,0.48952159040864873,0.11954320295306696,0.21052631578947367,0.11764705882352941,1.0
GAM_single_no_coords,random,False,Ophioscincus truncatus,8,2,0.5,,6,103,18,0.40618328767656486,0.7411764705882353,0.5008413727729815,0.12572708670855132,0.0,0.0,1.0
GAM_single_no_coords,random,False,Ophioscincus truncatus,8,3,0.5,,6,102,17,0.4169552575834392,0.714878892733564,0.335002271451726,0.13289341538145846,0.3333333333333333,0.23529411764705882,0.9647058823529412
GAM_single_no_coords,random,False,Ophioscincus truncatus,8,4,0.5,,6,103,18,0.36160040881155053,0.8830065359477124,0.6685798823298824,0.11089187651815591,0.0,0.0,1.0
GAM_single_no_coords,random,False,Ophioscincus truncatus,8,5,0.5,,6,103,18,0.4086370850836058,0.7372549019607842,0.5196306613545809,0.12521021026213316,0.10526315789473684,0.05555555555555555,1.0
GAM_single_no_coords,random,False,Ophioscincus truncatus,9,1,0.5,,8,102,17,0.3877039355119557,0.7529411764705882,0.4935943861866757,0.11927176945827757,0.2857142857142857,0.17647058823529413,0.9882352941176471
GAM_single_no_coords,random,False,Ophioscincus truncatus,9,2,0.5,,8,103,18,0.40519936896751374,0.7385620915032679,0.47111958333222703,0.12555018595883072,0.0,0.0,1.0
GAM_single_no_coords,random,False,Ophioscincus truncatus,9,3,0.5,,8,102,17,0.4168199879553251,0.7169550173010381,0.367690195532545,0.1325805959440058,0.25,0.17647058823529413,0.9529411764705882
GAM_single_no_coords,random,False,Ophioscincus truncatus,9,4,0.5,,8,103,18,0.3572978428121962,0.8869281045751634,0.6756364990236094,0.10957543407851927,0.10526315789473684,0.05555555555555555,1.0
GAM_single_no_coords,random,False,Ophioscincus truncatus,9,5,0.5,,8,103,18,0.4030694588718507,0.7450980392156863,0.5172188245050993,0.12402048777859105,0.10526315789473684,0.05555555555555555,1.0
GAM_single_no_coords,random,False,Ophioscincus truncatus,10,1,0.5,balanced,4,102,17,0.572177103384668,0.77439446366782,0.37523369713499266,0.19392269072416304,0.40816326530612246,0.5882352941176471,0.7411764705882353
GAM_single_no_coords,random,False,Ophioscincus truncatus,10,2,0.5,balanced,4,103,18,0.5682326423321864,0.7477124183006536,0.37387958227748624,0.19238877990155312,0.4,0.5555555555555556,0.7411764705882353
GAM_single_no_coords,random,False,Ophioscincus truncatus,10,3,0.5,balanced,4,102,17,0.6528028020332844,0.6948096885813149,0.31164597262716587,0.2318675010483509,0.3548387096774194,0.6470588235294118,0.6
GAM_single_no_coords,random,False,Ophioscincus truncatus,10,4,0.5,balanced,4,103,18,0.5937236174666874,0.873202614379085,0.6412790320991317,0.204475348463299,0.53125,0.9444444444444444,0.6588235294117647
GAM_single_no_coords,random,False,Ophioscincus truncatus,10,5,0.5,balanced,4,103,18,0.5258891927689101,0.734640522875817,0.4707436393738421,0.17478539706688975,0.40816326530612246,0.5555555555555556,0.7529411764705882
GAM_single_no_coords,random,False,Ophioscincus truncatus,11,1,0.5,balanced,6,102,17,0.5602510481062283,0.7647058823529411,0.47757792613774047,0.19037808388564664,0.39215686274509803,0.5882352941176471,0.7176470588235294
GAM_single_no_coords,random,False,Ophioscincus truncatus,11,2,0.5,balanced,6,103,18,0.548679525610481,0.7594771241830065,0.448569856736995,0.18475153390828053,0.3829787234042553,0.5,0.7647058823529411
GAM_single_no_coords,random,False,Ophioscincus truncatus,11,3,0.5,balanced,6,102,17,0.6560086958293737,0.7072664359861591,0.334260833574231,0.23168256134235568,0.36666666666666664,0.6470588235294118,0.6235294117647059
GAM_single_no_coords,random,False,Ophioscincus truncatus,11,4,0.5,balanced,6,103,18,0.5640919916635092,0.8816993464052287,0.6684013931123591,0.19144083028637968,0.5333333333333333,0.8888888888888888,0.6941176470588235
GAM_single_no_coords,random,False,Ophioscincus truncatus,11,5,0.5,balanced,6,103,18,0.4950165356267828,0.7718954248366013,0.5494879860053354,0.16218225335937844,0.4166666666666667,0.5555555555555556,0.7647058823529411
GAM_single_no_coords,random,False,Ophioscincus truncatus,12,1,0.5,balanced,8,102,17,0.5629054272985948,0.756401384083045,0.4508764651164012,0.1914850358971283,0.36,0.5294117647058824,0.7176470588235294
GAM_single_no_coords,random,False,Ophioscincus truncatus,12,2,0.5,balanced,8,103,18,0.5426452147859425,0.7627450980392156,0.4346189371109008,0.18223623387096222,0.35555555555555557,0.4444444444444444,0.7764705882352941
GAM_single_no_coords,random,False,Ophioscincus truncatus,12,3,0.5,balanced,8,102,17,0.6659310548612182,0.7100346020761246,0.35972438571972465,0.23499689328935658,0.38095238095238093,0.7058823529411765,0.6
GAM_single_no_coords,random,False,Ophioscincus truncatus,12,4,0.5,balanced,8,103,18,0.5480186873706747,0.884313725490196,0.6382151076948416,0.18426176976339417,0.5862068965517241,0.9444444444444444,0.7294117647058823
GAM_single_no_coords,random,False,Ophioscincus truncatus,12,5,0.5,balanced,8,103,18,0.4897109462599897,0.7679738562091503,0.5027563687420098,0.16009817487088024,0.4186046511627907,0.5,0.8117647058823529
GAM_single_no_coords,random,False,Pseudechis porphyricaus,1,1,0.1,,4,103,2,0.09116962305921306,0.9801980198019802,0.41666666666666663,0.018821551374106155,0.0,0.0,1.0
GAM_single_no_coords,random,False,Pseudechis porphyricaus,1,2,0.1,,4,103,2,0.09147778813265221,0.9801980198019802,0.6666666666666666,0.018832638157980273,0.0,0.0,1.0
GAM_single_no_coords,random,False,Pseudechis porphyricaus,1,3,0.1,,4,103,3,0.1316898670512756,0.6866666666666668,0.06621228320266095,0.028288695606176233,0.0,0.0,1.0
GAM_single_no_coords,random,False,Pseudechis porphyricaus,1,4,0.1,,4,102,2,0.09950979068249206,0.22499999999999998,0.018910256410256412,0.019352585180293418,0.0,0.0,1.0
GAM_single_no_coords,random,False,Pseudechis porphyricaus,1,5,0.1,,4,102,2,0.09189807463084791,0.98,0.6666666666666666,0.019005568412888914,0.0,0.0,1.0
GAM_single_no_coords,random,False,Pseudechis porphyricaus,2,1,0.1,,6,103,2,0.08915773005042459,0.9801980198019802,0.41666666666666663,0.018708288429946048,0.0,0.0,1.0
GAM_single_no_coords,random,False,Pseudechis porphyricaus,2,2,0.1,,6,103,2,0.08957037026412301,0.9752475247524752,0.41666666666666663,0.018728650000857567,0.0,0.0,1.0
GAM_single_no_coords,random,False,Pseudechis porphyricaus,2,3,0.1,,6,103,3,0.1301303171861449,0.7533333333333333,0.10219994430520746,0.028220040387506733,0.0,0.0,1.0
GAM_single_no_coords,random,False,Pseudechis porphyricaus,2,4,0.1,,6,102,2,0.10103679229409183,0.16000000000000003,0.017510259917920656,0.019416293063522706,0.0,0.0,1.0
GAM_single_no_coords,random,False,Pseudechis porphyricaus,2,5,0.1,,6,102,2,0.08972053402531537,1.0,1.0,0.018891487375652227,0.0,0.0,1.0
GAM_single_no_coords,random,False,Pseudechis porphyricaus,3,1,0.1,,8,103,2,0.0884968751102727,0.9702970297029703,0.325,0.018669659335235667,0.0,0.0,1.0
GAM_single_no_coords,random,False,Pseudechis porphyricaus,3,2,0.1,,8,103,2,0.08873719820987569,0.9702970297029703,0.3333333333333333,0.01868243639834279,0.0,0.0,1.0
GAM_single_no_coords,random,False,Pseudechis porphyricaus,3,3,0.1,,8,103,3,0.12970010225285447,0.7566666666666666,0.11724137931034483,0.028199490297980162,0.0,0.0,1.0
GAM_single_no_coords,random,False,Pseudechis porphyricaus,3,4,0.1,,8,102,2,0.10169011445696302,0.15999999999999998,0.017283950617283952,0.01944451358951539,0.0,0.0,1.0
GAM_single_no_coords,random,False,Pseudechis porphyricaus,3,5,0.1,,8,102,2,0.08893662313426837,1.0,1.0,0.0188482384908888,0.0,0.0,1.0
GAM_single_no_coords,random,False,Pseudechis porphyricaus,4,1,0.1,balanced,4,103,2,0.49497780300508076,0.9801980198019802,0.41666666666666663,0.1555676645922986,0.3076923076923077,1.0,0.9108910891089109
GAM_single_no_coords,random,False,Pseudechis porphyricaus,4,2,0.1,balanced,4,103,2,0.5271811957798332,0.9653465346534653,0.375,0.17047055016998003,0.26666666666666666,1.0,0.8910891089108911
GAM_single_no_coords,random,False,Pseudechis porphyricaus,4,3,0.1,balanced,4,103,3,0.4896866320271469,0.8300000000000001,0.16774891774891776,0.15370509304850574,0.19047619047619047,0.6666666666666666,0.84
GAM_single_no_coords,random,False,Pseudechis porphyricaus,4,4,0.1,balanced,4,102,2,0.4064836364825315,0.315,0.021241830065359478,0.12097101749857114,0.0,0.0,0.91
GAM_single_no_coords,random,False,Pseudechis porphyricaus,4,5,0.1,balanced,4,102,2,0.46411807226260166,0.985,0.7,0.14220069791587597,0.3076923076923077,1.0,0.91
GAM_single_no_coords,random,False,Pseudechis porphyricaus,5,1,0.1,balanced,6,103,2,0.45994789351070353,0.9900990099009901,0.5833333333333333,0.13938328308454392,0.3333333333333333,1.0,0.9207920792079208
GAM_single_no_coords,random,False,Pseudechis porphyricaus,5,2,0.1,balanced,6,103,2,0.4811994121487517,0.9554455445544554,0.25,0.1500885965971227,0.25,1.0,0.8811881188118812
GAM_single_no_coords,random,False,Pseudechis porphyricaus,5,3,0.1,balanced,6,103,3,0.4532185683295123,0.81,0.1978021978021978,0.13815571206740546,0.3076923076923077,0.6666666666666666,0.92
GAM_single_no_coords,random,False,Pseudechis porphyricaus,5,4,0.1,balanced,6,102,2,0.3716020468307378,0.235,0.019012345679012346,0.10753116858033761,0.0,0.0,0.92
GAM_single_no_coords,random,False,Pseudechis porphyricaus,5,5,0.1,balanced,6,102,2,0.4113609437935149,0.99,0.75,0.11980247549607807,0.3333333333333333,1.0,0.92
GAM_single_no_coords,random,False,Pseudechis porphyricaus,6,1,0.1,balanced,8,103,2,0.445623037353277,0.9851485148514851,0.5,0.1329801507923587,0.36363636363636365,1.0,0.9306930693069307
GAM_single_no_coords,random,False,Pseudechis porphyricaus,6,2,0.1,balanced,8,103,2,0.4687441125473282,0.9653465346534653,0.29166666666666663,0.1451708662246887,0.23529411764705882,1.0,0.8712871287128713
GAM_single_no_coords,random,False,Pseudechis porphyricaus,6,3,0.1,balanced,8,103,3,0.4431159462611124,0.8,0.2242063492063492,0.13449984817117877,0.36363636363636365,0.6666666666666666,0.94
GAM_single_no_coords,random,False,Pseudechis porphyricaus,6,4,0.1,balanced,8,102,2,0.3596099843261484,0.22499999999999998,0.018774069319640565,0.10330307619298855,0.0,0.0,0.91
GAM_single_no_coords,random,False,Pseudechis porphyricaus,6,5,0.1,balanced,8,102,2,0.3948972992967289,1.0,1.0,0.11363397675737137,0.3333333333333333,1.0,0.92
GAM_single_no_coords,random,False,Pseudechis porphyricaus,7,1,0.5,,4,103,2,0.07834876904914981,0.9801980198019802,0.41666666666666663,0.017928205732507866,0.0,0.0,1.0
GAM_single_no_coords,random,False,Pseudechis porphyricaus,7,2,0.5,,4,103,2,0.07949779523481744,0.9752475247524752,0.41666666666666663,0.017957288070032676,0.0,0.0,1.0
GAM_single_no_coords,random,False,Pseudechis porphyricaus,7,3,0.5,,4,103,3,0.12605060458267653,0.7633333333333333,0.1108058608058608,0.028054774931230406,0.0,0.0,1.0
GAM_single_no_coords,random,False,Pseudechis porphyricaus,7,4,0.5,,4,102,2,0.10784927935070275,0.25,0.019487179487179488,0.019755210760664235,0.0,0.0,1.0
GAM_single_no_coords,random,False,Pseudechis porphyricaus,7,5,0.5,,4,102,2,0.07874312541249347,0.985,0.7,0.018122623904184933,0.0,0.0,1.0
GAM_single_no_coords,random,False,Pseudechis porphyricaus,8,1,0.5,,6,103,2,0.07291343962040595,0.9752475247524752,0.3666666666666667,0.017357017418503363,0.0,0.0,1.0
GAM_single_no_coords,random,False,Pseudechis porphyricaus,8,2,0.5,,6,103,2,0.07451396957710686,0.9702970297029703,0.3333333333333333,0.01750439401333316,0.0,0.0,1.0
GAM_single_no_coords,random,False,Pseudechis porphyricaus,8,3,0.5,,6,103,3,0.1224027295861998,0.7733333333333333,0.14657878217200251,0.027826871450885648,0.0,0.0,1.0
GAM_single_no_coords,random,False,Pseudechis porphyricaus,8,4,0.5,,6,102,2,0.11263701649035086,0.19999999999999996,0.018367961457392352,0.020046363512332032,0.0,0.0,1.0
GAM_single_no_coords,random,False,Pseudechis porphyricaus,8,5,0.5,,6,102,2,0.07354578611304806,1.0,1.0,0.01768626330388741,0.0,0.0,1.0
GAM_single_no_coords,random,False,Pseudechis porphyricaus,9,1,0.5,,8,103,2,0.07203848123410905,0.9702970297029703,0.325,0.01727369329199609,0.0,0.0,1.0
GAM_single_no_coords,random,False,Pseudechis porphyricaus,9,2,0.5,,8,103,2,0.0732801938875883,0.9702970297029703,0.3333333333333333,0.01739542037464155,0.0,0.0,1.0
GAM_single_no_coords,random,False,Pseudechis porphyricaus,9,3,0.5,,8,103,3,0.12183980052231533,0.7866666666666666,0.1683375104427736,0.027788539615822977,0.0,0.0,1.0
GAM_single_no_coords,random,False,Pseudechis porphyricaus,9,4,0.5,,8,102,2,0.11452542755581005,0.20500000000000002,0.018206854345165238,0.02021517745932756,0.0,0.0,1.0
GAM_single_no_coords,random,False,Pseudechis porphyricaus,9,5,0.5,,8,102,2,0.0728293638897559,1.0,1.0,0.017641674114758556,0.0,0.0,1.0
GAM_single_no_coords,random,False,Pseudechis porphyricaus,10,1,0.5,balanced,4,103,2,0.37929930169821685,0.9900990099009901,0.5833333333333333,0.11119091596700628,0.2857142857142857,1.0,0.900990099009901
GAM_single_no_coords,random,False,Pseudechis porphyricaus,10,2,0.5,balanced,4,103,2,0.4274982857759841,0.9554455445544554,0.2777777777777778,0.13387156690517346,0.19047619047619047,1.0,0.8316831683168316
GAM_single_no_coords,random,False,Pseudechis porphyricaus,10,3,0.5,balanced,4,103,3,0.36715712490064856,0.8633333333333333,0.20634920634920634,0.10812731625679242,0.2222222222222222,0.6666666666666666,0.87
GAM_single_no_coords,random,False,Pseudechis porphyricaus,10,4,0.5,balanced,4,102,2,0.30890000581121674,0.365,0.02261904761904762,0.09006241362203311,0.0,0.0,0.92
GAM_single_no_coords,random,False,Pseudechis porphyricaus,10,5,0.5,balanced,4,102,2,0.32586727407029364,0.98,0.45,0.09229990055821141,0.3076923076923077,1.0,0.91
GAM_single_no_coords,random,False,Pseudechis porphyricaus,11,1,0.5,balanced,6,103,2,0.34047293094039877,0.9900990099009901,0.5833333333333333,0.09601308521343813,0.3076923076923077,1.0,0.9108910891089109
GAM_single_no_coords,random,False,Pseudechis porphyricaus,11,2,0.5,balanced,6,103,2,0.3863612899690831,0.9603960396039604,0.26785714285714285,0.11907354321983298,0.21052631578947367,1.0,0.8514851485148515
GAM_single_no_coords,random,False,Pseudechis porphyricaus,11,3,0.5,balanced,6,103,3,0.33725791945375555,0.8266666666666667,0.18840579710144928,0.0991688588036495,0.25,0.6666666666666666,0.89
GAM_single_no_coords,random,False,Pseudechis porphyricaus,11,4,0.5,balanced,6,102,2,0.2946568220171956,0.3,0.020620581304006284,0.08434980662184431,0.0,0.0,0.92
GAM_single_no_coords,random,False,Pseudechis porphyricaus,11,5,0.5,balanced,6,102,2,0.28465922104352187,0.975,0.41666666666666663,0.07972136119741567,0.3076923076923077,1.0,0.91
GAM_single_no_coords,random,False,Pseudechis porphyricaus,12,1,0.5,balanced,8,103,2,0.3232818630680448,0.9851485148514851,0.5,0.09019644438535111,0.3076923076923077,1.0,0.9108910891089109
GAM_single_no_coords,random,False,Pseudechis porphyricaus,12,2,0.5,balanced,8,103,2,0.38161787151473636,0.9603960396039604,0.26785714285714285,0.11807425276064372,0.2,1.0,0.8415841584158416
GAM_single_no_coords,random,False,Pseudechis porphyricaus,12,3,0.5,balanced,8,103,3,0.3349959675897181,0.8233333333333334,0.24444444444444444,0.10067172304874904,0.23529411764705882,0.6666666666666666,0.88
GAM_single_no_coords,random,False,Pseudechis porphyricaus,12,4,0.5,balanced,8,102,2,0.2875668310785761,0.31,0.020909090909090912,0.08247458027709999,0.0,0.0,0.91
GAM_single_no_coords,random,False,Pseudechis porphyricaus,12,5,0.5,balanced,8,102,2,0.2734297621540727,0.98,0.6666666666666666,0.07719138166383564,0.3076923076923077,1.0,0.91
GAM_single_no_coords,random,False,Saltuarius swaini,1,1,0.1,,4,103,1,0.05595736836387142,0.3921568627450981,0.015873015873015872,0.00964979642545871,0.0,0.0,1.0
GAM_single_no_coords,random,False,Saltuarius swaini,1,2,0.1,,4,102,1,0.056217944186604946,0.29702970297029707,0.013888888888888888,0.009737524721282679,0.0,0.0,1.0
GAM_single_no_coords,random,False,Saltuarius swaini,1,3,0.1,,4,103,2,0.09786291061245556,0.4900990099009901,0.028133903133903133,0.019099558636582824,0.0,0.0,1.0
GAM_single_no_coords,random,False,Saltuarius swaini,1,4,0.1,,4,103,2,0.09722275954810741,0.698019801980198,0.046536796536796536,0.019083703232388206,0.0,0.0,1.0
GAM_single_no_coords,random,False,Saltuarius swaini,1,5,0.1,,4,102,1,0.05577397792673502,0.6534653465346535,0.027777777777777776,0.009724883546227798,0.0,0.0,1.0
GAM_single_no_coords,random,False,Saltuarius swaini,2,1,0.1,,6,103,1,0.05595459079838084,0.42156862745098034,0.016666666666666666,0.00965042292419851,0.0,0.0,1.0
GAM_single_no_coords,random,False,Saltuarius swaini,2,2,0.1,,6,102,1,0.056645921434017206,0.18811881188118806,0.012048192771084338,0.00974974285698596,0.0,0.0,1.0
GAM_single_no_coords,random,False,Saltuarius swaini,2,3,0.1,,6,103,2,0.09820244286567152,0.42574257425742573,0.02532051282051282,0.019107490715367523,0.0,0.0,1.0
GAM_single_no_coords,random,False,Saltuarius swaini,2,4,0.1,,6,103,2,0.09714069644764413,0.6831683168316831,0.04362101313320826,0.01908182282968542,0.0,0.0,1.0
GAM_single_no_coords,random,False,Saltuarius swaini,2,5,0.1,,6,102,1,0.05566260050940308,0.693069306930693,0.03125,0.009721826870486925,0.0,0.0,1.0
GAM_single_no_coords,random,False,Saltuarius swaini,3,1,0.1,,8,103,1,0.055882008784535066,0.4411764705882353,0.017241379310344827,0.009648531179641236,0.0,0.0,1.0
GAM_single_no_coords,random,False,Saltuarius swaini,3,2,0.1,,8,102,1,0.056737534703651206,0.2376237623762376,0.01282051282051282,0.009752594805967147,0.0,0.0,1.0
GAM_single_no_coords,random,False,Saltuarius swaini,3,3,0.1,,8,103,2,0.09838126645120104,0.3910891089108911,0.02452153110047847,0.019111371735779214,0.0,0.0,1.0
GAM_single_no_coords,random,False,Saltuarius swaini,3,4,0.1,,8,103,2,0.09691330527034987,0.6980198019801981,0.048538011695906436,0.019076122516101388,0.0,0.0,1.0
GAM_single_no_coords,random,False,Saltuarius swaini,3,5,0.1,,8,102,1,0.05580841383237301,0.6336633663366337,0.02631578947368421,0.00972633248673851,0.0,0.0,1.0
GAM_single_no_coords,random,False,Saltuarius swaini,4,1,0.1,balanced,4,103,1,0.5961163833973419,0.42156862745098034,0.016666666666666666,0.20547578334631633,0.0,0.0,0.6764705882352942
GAM_single_no_coords,random,False,Saltuarius swaini,4,2,0.1,balanced,4,102,1,0.538728192824748,0.27722772277227725,0.013513513513513514,0.17762259593737018,0.0,0.0,0.7326732673267327
GAM_single_no_coords,random,False,Saltuarius swaini,4,3,0.1,balanced,4,103,2,0.5259701680777649,0.5198019801980198,0.029171766625866992,0.17305185394896216,0.0,0.0,0.7821782178217822
GAM_single_no_coords,random,False,Saltuarius swaini,4,4,0.1,balanced,4,103,2,0.5617214598604141,0.693069306930693,0.04487179487179487,0.18843846293943026,0.06666666666666667,0.5,0.7326732673267327
GAM_single_no_coords,random,False,Saltuarius swaini,4,5,0.1,balanced,4,102,1,0.5706461073164852,0.5346534653465347,0.020833333333333332,0.19336276010980302,0.0,0.0,0.7029702970297029
GAM_single_no_coords,random,False,Saltuarius swaini,5,1,0.1,balanced,6,103,1,0.5620279863788267,0.4117647058823529,0.01639344262295082,0.19129264420479683,0.0,0.0,0.696078431372549
GAM_single_no_coords,random,False,Saltuarius swaini,5,2,0.1,balanced,6,102,1,0.5164043866893593,0.12871287128712872,0.011235955056179775,0.16910184000664108,0.0,0.0,0.7425742574257426
GAM_single_no_coords,random,False,Saltuarius swaini,5,3,0.1,balanced,6,103,2,0.5069393564742393,0.3910891089108911,0.02474946856969329,0.16629228597210716,0.0,0.0,0.7326732673267327
GAM_single_no_coords,random,False,Saltuarius swaini,5,4,0.1,balanced,6,103,2,0.5320888932931445,0.6633663366336634,0.041245791245791245,0.17568727190767577,0.0,0.0,0.7524752475247525
GAM_single_no_coords,random,False,Saltuarius swaini,5,5,0.1,balanced,6,102,1,0.5607782449947706,0.6336633663366337,0.02631578947368421,0.1891919210792247,0.0,0.0,0.6831683168316832
GAM_single_no_coords,random,False,Saltuarius swaini,6,1,0.1,balanced,8,103,1,0.5427434159278227,0.4019607843137255,0.016129032258064516,0.18303361678402405,0.0,0.0,0.7156862745098039
GAM_single_no_coords,random,False,Saltuarius swaini,6,2,0.1,balanced,8,102,1,0.48371054681733433,0.19801980198019797,0.012195121951219513,0.15565789518932954,0.0,0.0,0.7623762376237624
GAM_single_no_coords,random,False,Saltuarius swaini,6,3,0.1,balanced,8,103,2,0.4881164304252499,0.3811881188118812,0.025677830940988834,0.1595376286507381,0.0,0.0,0.7425742574257426
GAM_single_no_coords,random,False,Saltuarius swaini,6,4,0.1,balanced,8,103,2,0.5106841161232988,0.6633663366336634,0.0446078431372549,0.1667389929325808,0.07142857142857142,0.5,0.7524752475247525
GAM_single_no_coords,random,False,Saltuarius swaini,6,5,0.1,balanced,8,102,1,0.5217686614822771,0.5346534653465347,0.020833333333333332,0.17120360808970614,0.0,0.0,0.7425742574257426
GAM_single_no_coords,random,False,Saltuarius swaini,7,1,0.5,,4,103,1,0.05724342630121688,0.4019607843137255,0.016129032258064516,0.009704679068376201,0.0,0.0,1.0
GAM_single_no_coords,random,False,Saltuarius swaini,7,2,0.5,,4,102,1,0.05716696671561892,0.28712871287128716,0.0136986301369863,0.009771099056035803,0.0,0.0,1.0
GAM_single_no_coords,random,False,Saltuarius swaini,7,3,0.5,,4,103,2,0.09904266230816662,0.49504950495049505,0.028061224489795915,0.019137077445391486,0.0,0.0,1.0
GAM_single_no_coords,random,False,Saltuarius swaini,7,4,0.5,,4,103,2,0.09603013118789677,0.7178217821782178,0.04945054945054945,0.019057640823731823,0.0,0.0,1.0
GAM_single_no_coords,random,False,Saltuarius swaini,7,5,0.5,,4,102,1,0.05555340903453545,0.6138613861386139,0.025,0.009728637549244124,0.0,0.0,1.0
GAM_single_no_coords,random,False,Saltuarius swaini,8,1,0.5,,6,103,1,0.057244967332605215,0.4019607843137255,0.016129032258064516,0.009711507021967505,0.0,0.0,1.0
GAM_single_no_coords,random,False,Saltuarius swaini,8,2,0.5,,6,102,1,0.05881210467439395,0.16831683168316836,0.011764705882352941,0.009814605318505273,0.0,0.0,1.0
GAM_single_no_coords,random,False,Saltuarius swaini,8,3,0.5,,6,103,2,0.10073840651893322,0.3910891089108911,0.02431476569407604,0.01916994224070133,0.0,0.0,1.0
GAM_single_no_coords,random,False,Saltuarius swaini,8,4,0.5,,6,103,2,0.09600187470791229,0.6683168316831684,0.04195804195804196,0.019058787326319854,0.0,0.0,1.0
GAM_single_no_coords,random,False,Saltuarius swaini,8,5,0.5,,6,102,1,0.05520541708507555,0.6732673267326732,0.029411764705882353,0.009721833454738706,0.0,0.0,1.0
GAM_single_no_coords,random,False,Saltuarius swaini,9,1,0.5,,8,103,1,0.05711348087413948,0.4509803921568627,0.017543859649122806,0.00971040871237104,0.0,0.0,1.0
GAM_single_no_coords,random,False,Saltuarius swaini,9,2,0.5,,8,102,1,0.05900219230943101,0.25742574257425743,0.013157894736842105,0.009821893030885782,0.0,0.0,1.0
GAM_single_no_coords,random,False,Saltuarius swaini,9,3,0.5,,8,103,2,0.10169595360104305,0.400990099009901,0.026494565217391304,0.019184723084185673,0.0,0.0,1.0
GAM_single_no_coords,random,False,Saltuarius swaini,9,4,0.5,,8,103,2,0.09517050607539512,0.712871287128713,0.05507246376811594,0.01903551895253509,0.0,0.0,1.0
GAM_single_no_coords,random,False,Saltuarius swaini,9,5,0.5,,8,102,1,0.055905456885547086,0.5841584158415842,0.023255813953488372,0.009746740187634035,0.0,0.0,1.0
GAM_single_no_coords,random,False,Saltuarius swaini,10,1,0.5,balanced,4,103,1,0.5160415697032297,0.38235294117647056,0.015625,0.17731211731524182,0.0,0.0,0.696078431372549
GAM_single_no_coords,random,False,Saltuarius swaini,10,2,0.5,balanced,4,102,1,0.43692393645630123,0.2277227722772277,0.012658227848101266,0.1426690987748586,0.0,0.0,0.7821782178217822
GAM_single_no_coords,random,False,Saltuarius swaini,10,3,0.5,balanced,4,103,2,0.4750961158284597,0.49504950495049505,0.028790389395194696,0.16090099077948133,0.0,0.0,0.7227722772277227
GAM_single_no_coords,random,False,Saltuarius swaini,10,4,0.5,balanced,4,103,2,0.4778592700816756,0.6831683168316831,0.043557168784029036,0.16104984301594857,0.0,0.0,0.7425742574257426
GAM_single_no_coords,random,False,Saltuarius swaini,10,5,0.5,balanced,4,102,1,0.49354324166462377,0.4455445544554455,0.017543859649122806,0.1698027513630295,0.0,0.0,0.7128712871287128
GAM_single_no_coords,random,False,Saltuarius swaini,11,1,0.5,balanced,6,103,1,0.4778790344351438,0.33333333333333337,0.014492753623188406,0.16432082570369413,0.0,0.0,0.696078431372549
GAM_single_no_coords,random,False,Saltuarius swaini,11,2,0.5,balanced,6,102,1,0.4211242529982261,0.12871287128712872,0.011235955056179775,0.1386955047025393,0.0,0.0,0.7821782178217822
GAM_single_no_coords,random,False,Saltuarius swaini,11,3,0.5,balanced,6,103,2,0.4755428712177436,0.37623762376237624,0.025934278350515462,0.16099801803212005,0.0,0.0,0.7425742574257426
GAM_single_no_coords,random,False,Saltuarius swaini,11,4,0.5,balanced,6,103,2,0.4443668611905841,0.6237623762376239,0.036901595744680854,0.14834352372977394,0.0,0.0,0.7821782178217822
GAM_single_no_coords,random,False,Saltuarius swaini,11,5,0.5,balanced,6,102,1,0.4686285746564933,0.4455445544554455,0.017543859649122806,0.15997041692005454,0.0,0.0,0.7227722772277227
GAM_single_no_coords,random,False,Saltuarius swaini,12,1,0.5,balanced,8,103,1,0.45261633890884384,0.33333333333333337,0.014492753623188406,0.15537388153017406,0.0,0.0,0.7352941176470589
GAM_single_no_coords,random,False,Saltuarius swaini,12,2,0.5,balanced,8,102,1,0.37132035968787575,0.2277227722772277,0.012658227848101266,0.11959878329873289,0.0,0.0,0.8118811881188119
GAM_single_no_coords,random,False,Saltuarius swaini,12,3,0.5,balanced,8,103,2,0.4519704714907909,0.36633663366336633,0.02535559678416821,0.15267201094801142,0.0,0.0,0.7623762376237624
GAM_single_no_coords,random,False,Saltuarius swaini,12,4,0.5,balanced,8,103,2,0.4075358984062258,0.6435643564356436,0.04318181818181818,0.1353001209163161,0.07692307692307693,0.5,0.7722772277227723
GAM_single_no_coords,random,False,Saltuarius swaini,12,5,0.5,balanced,8,102,1,0.3954174534689429,0.37623762376237624,0.015625,0.12773368094150528,0.0,0.0,0.8118811881188119
